# Cozmo charger scan, converted from Cozmo_charger.3mf (mm -> m, centered, floor at y=0)
v 0.041336 0.000000 -0.041260
v 0.038967 0.000000 -0.043993
v 0.040245 0.002565 -0.041967
v 0.038967 0.000000 -0.043993
v 0.041336 0.000000 -0.041260
v 0.023913 0.000000 -0.024778
v 0.043050 0.000000 -0.038133
v 0.023913 0.000000 -0.024778
v 0.041336 0.000000 -0.041260
v 0.030647 0.000000 -0.049148
v 0.034684 0.000000 -0.047185
v 0.023913 0.000000 -0.024778
v 0.036568 0.000000 -0.045968
v 0.037820 0.000000 -0.045007
v 0.023913 0.000000 -0.024778
v 0.037820 0.000000 -0.045007
v 0.038967 0.000000 -0.043993
v 0.023913 0.000000 -0.024778
v 0.043899 0.000000 -0.035946
v 0.023913 0.000000 -0.024778
v 0.043050 0.000000 -0.038133
v 0.034684 0.000000 -0.047185
v 0.036568 0.000000 -0.045968
v 0.023913 0.000000 -0.024778
v 0.046447 0.000000 -0.026303
v 0.023913 0.000000 -0.024778
v 0.043899 0.000000 -0.035946
v 0.034684 0.000000 -0.047185
v 0.036613 0.004080 -0.045080
v 0.036568 0.000000 -0.045968
v 0.038207 0.002595 -0.044076
v 0.037820 0.000000 -0.045007
v 0.036568 0.000000 -0.045968
v 0.038207 0.002595 -0.044076
v 0.038967 0.000000 -0.043993
v 0.037820 0.000000 -0.045007
v 0.036613 0.004080 -0.045080
v 0.038207 0.002595 -0.044076
v 0.036568 0.000000 -0.045968
v 0.015721 0.000000 -0.052118
v 0.007368 0.000000 -0.024778
v 0.009423 0.000000 -0.052555
v 0.007368 0.000000 -0.052598
v 0.009423 0.000000 -0.052555
v 0.007368 0.000000 -0.024778
v 0.038207 0.002595 -0.044076
v 0.036613 0.004080 -0.045080
v 0.039414 0.004021 -0.042535
v 0.040245 0.002565 -0.041967
v 0.038967 0.000000 -0.043993
v 0.038207 0.002595 -0.044076
v 0.039414 0.004021 -0.042535
v 0.040245 0.002565 -0.041967
v 0.038207 0.002595 -0.044076
v -0.030221 0.023301 0.011803
v -0.030677 0.024670 0.014083
v -0.030624 0.023869 0.014205
v -0.030677 0.024670 0.014083
v -0.031311 0.024873 0.016297
v -0.030624 0.023869 0.014205
v 0.049770 0.000000 -0.002817
v 0.023913 0.000000 -0.024778
v 0.049296 0.000000 -0.009047
v 0.046447 0.000000 -0.026303
v 0.047375 0.000000 -0.022033
v 0.023913 0.000000 -0.024778
v 0.026564 0.000000 -0.050435
v 0.030647 0.000000 -0.049148
v 0.023913 0.000000 -0.024778
v 0.047375 0.000000 -0.022033
v 0.048614 0.000000 -0.014646
v 0.023913 0.000000 -0.024778
v -0.030221 0.023301 0.011803
v -0.030691 0.025493 0.012741
v -0.030677 0.024670 0.014083
v 0.024526 0.000000 -0.050905
v 0.023913 0.000000 -0.024778
v 0.015721 0.000000 -0.052118
v 0.030673 0.009636 -0.047695
v 0.032219 0.009253 -0.047014
v 0.030752 0.007054 -0.048083
v 0.024526 0.000000 -0.050905
v 0.026564 0.000000 -0.050435
v 0.023913 0.000000 -0.024778
v 0.007368 0.000000 -0.024778
v 0.015721 0.000000 -0.052118
v 0.023913 0.000000 -0.024778
v 0.028273 0.011395 -0.029269
v 0.028254 0.011541 -0.029383
v 0.028235 0.011399 -0.029269
v 0.028254 0.011541 -0.029383
v 0.027653 0.011503 -0.029306
v 0.028235 0.011399 -0.029269
v 0.028200 0.011995 -0.029738
v 0.027653 0.011503 -0.029306
v 0.028254 0.011541 -0.029383
v 0.027633 0.011458 -0.029269
v 0.028235 0.011399 -0.029269
v 0.027653 0.011503 -0.029306
v 0.028124 0.012554 -0.030173
v 0.027653 0.011503 -0.029306
v 0.028200 0.011995 -0.029738
v -0.030676 0.011040 -0.047322
v -0.029684 0.010990 -0.047761
v -0.031496 0.009664 -0.047330
v -0.031496 0.009664 -0.047330
v -0.029684 0.010990 -0.047761
v -0.029103 0.009977 -0.048284
v 0.028200 0.011995 -0.029738
v 0.028474 0.012326 -0.028972
v 0.028124 0.012554 -0.030173
v 0.027725 0.011475 -0.029269
v 0.028257 0.011477 -0.029269
v 0.028235 0.011399 -0.029269
v 0.027725 0.011475 -0.029269
v 0.028235 0.011399 -0.029269
v 0.027633 0.011458 -0.029269
v 0.028273 0.011395 -0.029269
v 0.028235 0.011399 -0.029269
v 0.028244 0.011149 -0.029269
v 0.028059 0.010775 -0.029269
v 0.028244 0.011149 -0.029269
v 0.028235 0.011399 -0.029269
v 0.028244 0.011149 -0.029269
v 0.028059 0.010775 -0.029269
v 0.028046 0.010594 -0.029269
v 0.025562 0.011009 -0.028657
v 0.022917 0.010510 -0.027807
v 0.025034 0.010775 -0.028195
v -0.035084 0.009183 -0.045314
v -0.034316 0.010920 -0.045363
v -0.033661 0.010406 -0.045940
v 0.025562 0.011009 -0.028657
v 0.025034 0.010775 -0.028195
v 0.024958 0.010775 -0.028349
v 0.028257 0.011477 -0.029269
v 0.027725 0.011475 -0.029269
v 0.028301 0.010775 -0.028339
v 0.027653 0.011503 -0.029306
v 0.026099 0.011820 -0.029731
v 0.026641 0.010775 -0.028344
v 0.027725 0.011475 -0.029269
v 0.027653 0.011503 -0.029306
v 0.026641 0.010775 -0.028344
v -0.032059 0.012959 -0.045595
v -0.032167 0.011484 -0.046391
v -0.034316 0.010920 -0.045363
v 0.028301 0.010775 -0.028339
v 0.027725 0.011475 -0.029269
v 0.026641 0.010775 -0.028344
v 0.024958 0.010775 -0.028349
v 0.026641 0.010775 -0.028344
v 0.025562 0.011009 -0.028657
v 0.018991 0.009943 -0.050623
v 0.021040 0.013201 -0.049262
v 0.022440 0.011963 -0.049488
v 0.028064 0.012877 -0.030474
v 0.028474 0.012326 -0.028972
v 0.028522 0.014062 -0.029066
v -0.032167 0.011484 -0.046391
v -0.033661 0.010406 -0.045940
v -0.034316 0.010920 -0.045363
v 0.028254 0.011541 -0.029383
v 0.028273 0.011395 -0.029269
v 0.028474 0.012326 -0.028972
v 0.028409 0.011421 -0.028845
v 0.028474 0.012326 -0.028972
v 0.028273 0.011395 -0.029269
v 0.028474 0.012326 -0.028972
v 0.028200 0.011995 -0.029738
v 0.028254 0.011541 -0.029383
v 0.028064 0.012877 -0.030474
v 0.028124 0.012554 -0.030173
v 0.028474 0.012326 -0.028972
v 0.048614 0.000000 -0.014646
v 0.049296 0.000000 -0.009047
v 0.023913 0.000000 -0.024778
v 0.016065 0.009216 -0.051143
v 0.018991 0.009943 -0.050623
v 0.020126 0.006273 -0.051014
v 0.024939 0.011753 -0.048994
v 0.022681 0.010638 -0.049859
v 0.022440 0.011963 -0.049488
v 0.022681 0.010638 -0.049859
v 0.018991 0.009943 -0.050623
v 0.022440 0.011963 -0.049488
v -0.007368 0.000000 -0.052612
v -0.007368 0.000000 -0.024778
v -0.013104 0.000000 -0.052331
v -0.023879 0.000000 -0.051040
v -0.013104 0.000000 -0.052331
v -0.007368 0.000000 -0.024778
v -0.036617 0.000000 -0.045968
v -0.035087 0.000000 -0.046974
v -0.023876 0.000000 -0.024778
v 0.017255 0.012097 -0.050292
v 0.021040 0.013201 -0.049262
v 0.018991 0.009943 -0.050623
v -0.027275 0.000000 -0.050256
v -0.023879 0.000000 -0.051040
v -0.023876 0.000000 -0.024778
v -0.007368 0.000000 -0.024778
v -0.023876 0.000000 -0.024778
v -0.023879 0.000000 -0.051040
v 0.022681 0.010638 -0.049859
v 0.020126 0.006273 -0.051014
v 0.018991 0.009943 -0.050623
v -0.033071 0.000000 -0.048094
v -0.029865 0.000000 -0.049458
v -0.023876 0.000000 -0.024778
v -0.029865 0.000000 -0.049458
v -0.027275 0.000000 -0.050256
v -0.023876 0.000000 -0.024778
v 0.018991 0.009943 -0.050623
v 0.016060 0.011129 -0.050720
v 0.017255 0.012097 -0.050292
v 0.018991 0.009943 -0.050623
v 0.016065 0.009216 -0.051143
v 0.016060 0.011129 -0.050720
v 0.016292 0.014517 -0.049407
v 0.021040 0.013201 -0.049262
v 0.017255 0.012097 -0.050292
v -0.035087 0.000000 -0.046974
v -0.033071 0.000000 -0.048094
v -0.023876 0.000000 -0.024778
v 0.016292 0.014517 -0.049407
v 0.017255 0.012097 -0.050292
v 0.015579 0.012615 -0.050321
v -0.036617 0.000000 -0.045968
v -0.023876 0.000000 -0.024778
v -0.039548 0.000000 -0.043468
v -0.039548 0.000000 -0.043468
v -0.023876 0.000000 -0.024778
v -0.040526 0.000000 -0.042384
v 0.028235 0.011399 -0.029269
v 0.028301 0.010775 -0.028339
v 0.028059 0.010775 -0.029269
v 0.028257 0.011477 -0.029269
v 0.028301 0.010775 -0.028339
v 0.028235 0.011399 -0.029269
v -0.028215 0.008754 -0.011604
v -0.028079 0.008662 -0.011471
v -0.027794 0.008608 -0.013244
v 0.028589 0.011136 -0.027620
v 0.028474 0.012326 -0.028972
v 0.028409 0.011421 -0.028845
v 0.028589 0.011136 -0.027620
v 0.028409 0.011421 -0.028845
v 0.028221 0.010297 -0.028474
v 0.028244 0.011149 -0.029269
v 0.028409 0.011421 -0.028845
v 0.028273 0.011395 -0.029269
v 0.028046 0.010594 -0.029269
v 0.028409 0.011421 -0.028845
v 0.028244 0.011149 -0.029269
v 0.028040 0.010775 -0.029714
v 0.028055 0.010775 -0.029621
v 0.028006 0.010775 -0.029787
v -0.028502 0.009016 -0.011995
v -0.028658 0.009308 -0.012228
v -0.028811 0.010602 -0.010315
v 0.026641 0.010775 -0.029269
v 0.028059 0.010775 -0.029269
v 0.026641 0.010775 -0.028344
v 0.014379 0.012692 -0.050431
v 0.009852 0.012435 -0.050918
v 0.013416 0.015002 -0.049554
v 0.028301 0.010775 -0.028339
v 0.026641 0.010775 -0.028344
v 0.028059 0.010775 -0.029269
v 0.026641 0.010775 -0.028024
v 0.026641 0.010775 -0.028344
v 0.025108 0.010775 -0.028049
v 0.025034 0.010775 -0.028195
v 0.025108 0.010775 -0.028049
v 0.026641 0.010775 -0.028344
v 0.024958 0.010775 -0.028349
v 0.025034 0.010775 -0.028195
v 0.026641 0.010775 -0.028344
v 0.013663 0.010052 -0.051234
v 0.009852 0.012435 -0.050918
v 0.014379 0.012692 -0.050431
v -0.028502 0.009016 -0.011995
v -0.028811 0.010602 -0.010315
v -0.028716 0.009492 -0.010176
v 0.028046 0.010594 -0.029269
v 0.027666 0.009974 -0.029269
v 0.028055 0.010775 -0.029621
v 0.028006 0.010775 -0.029787
v 0.028055 0.010775 -0.029621
v 0.027666 0.009974 -0.029269
v 0.028006 0.010775 -0.029787
v 0.027666 0.009974 -0.029269
v 0.027462 0.010072 -0.030174
v 0.028040 0.010775 -0.029714
v 0.028006 0.010775 -0.029787
v 0.027866 0.010128 -0.029359
v 0.027462 0.010072 -0.030174
v 0.027866 0.010128 -0.029359
v 0.028006 0.010775 -0.029787
v 0.028040 0.010775 -0.029714
v 0.027866 0.010128 -0.029359
v 0.028055 0.010775 -0.029621
v 0.028046 0.010594 -0.029269
v 0.028055 0.010775 -0.029621
v 0.027866 0.010128 -0.029359
v 0.009852 0.012435 -0.050918
v 0.007900 0.014216 -0.050393
v 0.013416 0.015002 -0.049554
v 0.028059 0.010775 -0.029269
v 0.026641 0.010775 -0.029269
v 0.028046 0.010594 -0.029269
v 0.015579 0.012615 -0.050321
v 0.014379 0.012692 -0.050431
v 0.014372 0.015367 -0.049251
v 0.014372 0.015367 -0.049251
v 0.016292 0.014517 -0.049407
v 0.015579 0.012615 -0.050321
v 0.014372 0.015367 -0.049251
v 0.016277 0.016345 -0.048472
v 0.016292 0.014517 -0.049407
v 0.028046 0.010594 -0.029269
v 0.026641 0.010775 -0.029269
v 0.027666 0.009974 -0.029269
v 0.026937 0.009761 -0.029269
v 0.027666 0.009974 -0.029269
v 0.026641 0.010775 -0.029269
v 0.015579 0.012615 -0.050321
v 0.017255 0.012097 -0.050292
v 0.016060 0.011129 -0.050720
v 0.026641 0.010775 -0.029269
v 0.026641 0.009670 -0.029269
v 0.026937 0.009761 -0.029269
v 0.009852 0.012435 -0.050918
v 0.013663 0.010052 -0.051234
v 0.008621 0.011026 -0.051416
v 0.015579 0.012615 -0.050321
v 0.013663 0.010052 -0.051234
v 0.014379 0.012692 -0.050431
v 0.028397 0.010122 -0.027255
v 0.028589 0.011136 -0.027620
v 0.028105 0.009994 -0.028245
v 0.016060 0.011129 -0.050720
v 0.013663 0.010052 -0.051234
v 0.015579 0.012615 -0.050321
v 0.028105 0.009994 -0.028245
v 0.028589 0.011136 -0.027620
v 0.028221 0.010297 -0.028474
v 0.014379 0.012692 -0.050431
v 0.013416 0.015002 -0.049554
v 0.014372 0.015367 -0.049251
v 0.028397 0.010122 -0.027255
v 0.028105 0.009994 -0.028245
v 0.028010 0.009843 -0.028059
v 0.028397 0.010122 -0.027255
v 0.028010 0.009843 -0.028059
v 0.027945 0.009770 -0.027930
v 0.028397 0.010122 -0.027255
v 0.027945 0.009770 -0.027930
v 0.027843 0.009692 -0.027729
v -0.028716 0.009492 -0.010176
v -0.028672 0.009296 -0.010108
v -0.028502 0.009016 -0.011995
v -0.028394 0.008907 -0.011836
v -0.028672 0.009296 -0.010108
v -0.028603 0.009115 -0.010009
v 0.008621 0.011026 -0.051416
v 0.007900 0.014216 -0.050393
v 0.009852 0.012435 -0.050918
v -0.028672 0.009296 -0.010108
v -0.028394 0.008907 -0.011836
v -0.028502 0.009016 -0.011995
v 0.027866 0.010128 -0.029359
v 0.028409 0.011421 -0.028845
v 0.028046 0.010594 -0.029269
v 0.007001 0.010359 -0.051674
v 0.007900 0.014216 -0.050393
v 0.008621 0.011026 -0.051416
v -0.028079 0.008662 -0.011471
v -0.028603 0.009115 -0.010009
v -0.028528 0.008998 -0.009900
v 0.016060 0.011129 -0.050720
v 0.016065 0.009216 -0.051143
v 0.013663 0.010052 -0.051234
v -0.028215 0.008754 -0.011604
v -0.028394 0.008907 -0.011836
v -0.028603 0.009115 -0.010009
v -0.028079 0.008662 -0.011471
v -0.028215 0.008754 -0.011604
v -0.028603 0.009115 -0.010009
v 0.015372 0.006258 -0.051633
v 0.019516 0.002916 -0.051444
v 0.015721 0.000000 -0.052118
v 0.020126 0.006273 -0.051014
v 0.015372 0.006258 -0.051633
v 0.016065 0.009216 -0.051143
v 0.026641 0.009594 -0.029063
v 0.027571 0.009760 -0.028756
v 0.027675 0.009841 -0.028965
v 0.024526 0.000000 -0.050905
v 0.015721 0.000000 -0.052118
v 0.019516 0.002916 -0.051444
v 0.020126 0.006273 -0.051014
v 0.022465 0.005521 -0.050709
v 0.019516 0.002916 -0.051444
v 0.028221 0.010297 -0.028474
v 0.027571 0.009760 -0.028756
v 0.028105 0.009994 -0.028245
v 0.026937 0.009761 -0.029269
v 0.027675 0.009841 -0.028965
v 0.027805 0.010008 -0.029231
v 0.028221 0.010297 -0.028474
v 0.028409 0.011421 -0.028845
v 0.027866 0.010128 -0.029359
v 0.019516 0.002916 -0.051444
v 0.015372 0.006258 -0.051633
v 0.020126 0.006273 -0.051014
v -0.040526 0.000000 -0.042384
v -0.023876 0.000000 -0.024778
v -0.041584 0.000000 -0.040973
v -0.043105 0.000000 -0.038149
v -0.023876 0.000000 -0.024778
v -0.043676 0.000000 -0.036715
v 0.007368 0.004068 -0.052447
v 0.007368 0.004434 -0.052415
v 0.011510 0.007579 -0.051873
v -0.042476 0.000000 -0.039461
v -0.041584 0.000000 -0.040973
v -0.023876 0.000000 -0.024778
v -0.028811 0.010602 -0.010315
v -0.028790 0.014062 -0.010299
v -0.028794 0.009883 -0.008028
v -0.043676 0.000000 -0.036715
v -0.023876 0.000000 -0.024778
v -0.044212 0.000000 -0.035136
v -0.043105 0.000000 -0.038149
v -0.042476 0.000000 -0.039461
v -0.023876 0.000000 -0.024778
v 0.011510 0.007579 -0.051873
v 0.013663 0.010052 -0.051234
v 0.013445 0.006373 -0.051823
v -0.045456 0.000000 -0.030636
v -0.044212 0.000000 -0.035136
v -0.023876 0.000000 -0.024778
v 0.015372 0.006258 -0.051633
v 0.013445 0.006373 -0.051823
v 0.013663 0.010052 -0.051234
v -0.045456 0.000000 -0.030636
v -0.023876 0.000000 -0.024778
v -0.046678 0.000000 -0.025549
v 0.008621 0.011026 -0.051416
v 0.013663 0.010052 -0.051234
v 0.011510 0.007579 -0.051873
v 0.008506 0.008100 -0.052026
v 0.008621 0.011026 -0.051416
v 0.011510 0.007579 -0.051873
v -0.048141 0.000000 -0.018105
v -0.046678 0.000000 -0.025549
v -0.023876 0.000000 -0.024778
v 0.013663 0.010052 -0.051234
v 0.016065 0.009216 -0.051143
v 0.015372 0.006258 -0.051633
v -0.028716 0.009492 -0.010176
v -0.028811 0.010602 -0.010315
v -0.028794 0.009883 -0.008028
v -0.028672 0.009296 -0.010108
v -0.028716 0.009492 -0.010176
v -0.028794 0.009883 -0.008028
v -0.028794 0.009883 -0.008028
v -0.028603 0.009115 -0.010009
v -0.028672 0.009296 -0.010108
v 0.005283 0.005849 -0.052400
v 0.008506 0.008100 -0.052026
v 0.007366 0.004434 -0.052415
v -0.048141 0.000000 -0.018105
v -0.023876 0.000000 -0.024778
v -0.048669 0.000000 -0.014679
v 0.008506 0.008100 -0.052026
v 0.011510 0.007579 -0.051873
v 0.007368 0.004434 -0.052415
v 0.008506 0.008100 -0.052026
v 0.007368 0.004434 -0.052415
v 0.007366 0.004434 -0.052415
v 0.007368 0.004068 -0.052447
v 0.011510 0.007579 -0.051873
v 0.007368 0.003654 -0.052475
v 0.005335 0.004434 -0.052524
v 0.007366 0.004434 -0.052415
v 0.005283 0.004434 -0.038689
v -0.028603 0.009115 -0.010009
v -0.028794 0.009883 -0.008028
v -0.028528 0.008998 -0.009900
v -0.023876 0.000000 -0.024778
v -0.049817 0.000000 -0.002817
v -0.049138 0.000000 -0.010991
v -0.049138 0.000000 -0.010991
v -0.048669 0.000000 -0.014679
v -0.023876 0.000000 -0.024778
v 0.007368 0.000000 -0.052598
v 0.007368 0.000000 -0.024778
v 0.007368 0.003654 -0.052475
v 0.003581 0.007431 -0.052375
v 0.008506 0.008100 -0.052026
v 0.005283 0.007169 -0.052294
v 0.049326 0.000000 0.020055
v 0.048106 0.000000 0.028286
v 0.023913 0.000000 0.025670
v 0.049622 0.000000 0.016700
v 0.049326 0.000000 0.020055
v 0.023913 0.000000 0.025670
v 0.049926 0.000000 0.010336
v 0.049622 0.000000 0.016700
v 0.023913 0.000000 0.025670
v 0.007368 0.003654 -0.052475
v 0.009423 0.000000 -0.052555
v 0.007368 0.000000 -0.052598
v 0.013445 0.006373 -0.051823
v 0.015721 0.000000 -0.052118
v 0.009423 0.000000 -0.052555
v 0.013445 0.006373 -0.051823
v 0.009423 0.000000 -0.052555
v 0.011510 0.007579 -0.051873
v 0.009423 0.000000 -0.052555
v 0.007368 0.003654 -0.052475
v 0.011510 0.007579 -0.051873
v 0.015721 0.000000 -0.052118
v 0.013445 0.006373 -0.051823
v 0.015372 0.006258 -0.051633
v 0.050000 0.000000 0.005087
v 0.049926 0.000000 0.010336
v 0.023913 0.000000 0.025670
v 0.022465 0.005521 -0.050709
v 0.022681 0.010638 -0.049859
v 0.024635 0.009071 -0.049771
v 0.049770 0.000000 -0.002817
v 0.050000 0.000000 0.005087
v 0.023913 0.000000 0.025670
v 0.048106 0.000000 0.028286
v 0.047239 0.000000 0.031829
v 0.023913 0.000000 0.025670
v -0.028528 0.008998 -0.009900
v -0.028794 0.009883 -0.008028
v -0.028695 0.009247 -0.007881
v -0.028388 0.008836 -0.009694
v -0.028695 0.009247 -0.007881
v -0.028649 0.009120 -0.007812
v 0.020126 0.006273 -0.051014
v 0.022681 0.010638 -0.049859
v 0.022465 0.005521 -0.050709
v 0.047239 0.000000 0.031829
v 0.045020 0.000000 0.037557
v 0.023913 0.000000 0.025670
v -0.028695 0.009247 -0.007881
v -0.028388 0.008836 -0.009694
v -0.028528 0.008998 -0.009900
v 0.017574 0.000000 0.051611
v 0.023913 0.000000 0.025670
v 0.026878 0.000000 0.050226
v -0.028095 0.008594 -0.009388
v -0.028649 0.009120 -0.007812
v -0.028581 0.008998 -0.007712
v 0.023913 0.000000 -0.024778
v 0.049770 0.000000 -0.002817
v 0.023913 0.000000 0.025670
v 0.041783 0.000000 0.042349
v 0.040499 0.000000 0.043705
v 0.023913 0.000000 0.025670
v -0.028264 0.008717 -0.009542
v -0.028388 0.008836 -0.009694
v -0.028649 0.009120 -0.007812
v 0.041783 0.000000 0.042349
v 0.023913 0.000000 0.025670
v 0.043718 0.000000 0.039816
v -0.028095 0.008594 -0.009388
v -0.028264 0.008717 -0.009542
v -0.028649 0.009120 -0.007812
v 0.007368 0.003654 -0.052475
v 0.007368 0.000000 -0.024778
v 0.007368 0.004068 -0.052447
v -0.033661 0.010406 -0.045940
v -0.032167 0.011484 -0.046391
v -0.031496 0.009664 -0.047330
v -0.030676 0.011040 -0.047322
v -0.031496 0.009664 -0.047330
v -0.032167 0.011484 -0.046391
v 0.028105 0.009994 -0.028245
v 0.027571 0.009760 -0.028756
v 0.028010 0.009843 -0.028059
v 0.026937 0.009761 -0.029269
v 0.027805 0.010008 -0.029231
v 0.027666 0.009974 -0.029269
v 0.027462 0.010072 -0.030174
v 0.027666 0.009974 -0.029269
v 0.027805 0.010008 -0.029231
v 0.027866 0.010128 -0.029359
v 0.027462 0.010072 -0.030174
v 0.027805 0.010008 -0.029231
v 0.027866 0.010128 -0.029359
v 0.027805 0.010008 -0.029231
v 0.028221 0.010297 -0.028474
v 0.027805 0.010008 -0.029231
v 0.027675 0.009841 -0.028965
v 0.028221 0.010297 -0.028474
v 0.028221 0.010297 -0.028474
v 0.027675 0.009841 -0.028965
v 0.027571 0.009760 -0.028756
v -0.032059 0.012959 -0.045595
v -0.034316 0.010920 -0.045363
v -0.035029 0.011981 -0.044300
v 0.028010 0.009843 -0.028059
v 0.027571 0.009760 -0.028756
v 0.026641 0.009523 -0.028187
v 0.026641 0.009352 -0.027322
v 0.026641 0.009328 -0.027111
v 0.027312 0.009405 -0.026731
v 0.024068 0.013535 -0.048378
v 0.021040 0.013201 -0.049262
v 0.023315 0.015083 -0.047645
v 0.026641 0.009440 -0.027867
v 0.026641 0.009352 -0.027322
v 0.027704 0.009609 -0.027457
v 0.022440 0.011963 -0.049488
v 0.021040 0.013201 -0.049262
v 0.024068 0.013535 -0.048378
v 0.027704 0.009609 -0.027457
v 0.027843 0.009692 -0.027729
v 0.026641 0.009440 -0.027867
v 0.026641 0.009469 -0.028022
v 0.026641 0.009440 -0.027867
v 0.027843 0.009692 -0.027729
v 0.024939 0.011753 -0.048994
v 0.022440 0.011963 -0.049488
v 0.024068 0.013535 -0.048378
v 0.027843 0.009692 -0.027729
v 0.026641 0.009496 -0.028125
v 0.026641 0.009469 -0.028022
v 0.021040 0.013201 -0.049262
v 0.020988 0.016885 -0.047217
v 0.023315 0.015083 -0.047645
v 0.027843 0.009692 -0.027729
v 0.027945 0.009770 -0.027930
v 0.026641 0.009496 -0.028125
v 0.020988 0.016885 -0.047217
v 0.021040 0.013201 -0.049262
v 0.016292 0.014517 -0.049407
v 0.028397 0.010122 -0.027255
v 0.027843 0.009692 -0.027729
v 0.027704 0.009609 -0.027457
v 0.026641 0.009496 -0.028125
v 0.027945 0.009770 -0.027930
v 0.026641 0.009523 -0.028187
v 0.028010 0.009843 -0.028059
v 0.026641 0.009523 -0.028187
v 0.027945 0.009770 -0.027930
v 0.026641 0.009621 -0.029166
v 0.026641 0.009594 -0.029063
v 0.027675 0.009841 -0.028965
v 0.026641 0.009594 -0.029063
v 0.026641 0.009533 -0.028542
v 0.027571 0.009760 -0.028756
v 0.026937 0.009761 -0.029269
v 0.026641 0.009670 -0.029269
v 0.026641 0.009621 -0.029166
v 0.026937 0.009761 -0.029269
v 0.026641 0.009621 -0.029166
v 0.027675 0.009841 -0.028965
v 0.016277 0.016345 -0.048472
v 0.020988 0.016885 -0.047217
v 0.016292 0.014517 -0.049407
v 0.027571 0.009760 -0.028756
v 0.026641 0.009533 -0.028542
v 0.026641 0.009523 -0.028187
v 0.026641 0.010428 -0.027111
v 0.026641 0.009440 -0.027867
v 0.026641 0.010775 -0.028024
v 0.026641 0.009533 -0.028542
v 0.026641 0.009594 -0.029063
v 0.026641 0.010775 -0.028344
v 0.026641 0.009523 -0.028187
v 0.026641 0.009533 -0.028542
v 0.026641 0.010775 -0.028344
v 0.026641 0.010775 -0.028024
v 0.026641 0.009523 -0.028187
v 0.026641 0.010775 -0.028344
v 0.026641 0.009440 -0.027867
v 0.026641 0.009469 -0.028022
v 0.026641 0.010775 -0.028024
v 0.026641 0.009496 -0.028125
v 0.026641 0.010775 -0.028024
v 0.026641 0.009469 -0.028022
v 0.026641 0.009352 -0.027322
v 0.026641 0.009440 -0.027867
v 0.026641 0.010428 -0.027111
v 0.026641 0.009523 -0.028187
v 0.026641 0.010775 -0.028024
v 0.026641 0.009496 -0.028125
v 0.026641 0.009328 -0.027111
v 0.026641 0.009352 -0.027322
v 0.026641 0.010428 -0.027111
v 0.026641 0.009594 -0.029063
v 0.026641 0.009621 -0.029166
v 0.026641 0.010775 -0.028344
v 0.026641 0.009621 -0.029166
v 0.026641 0.009670 -0.029269
v 0.026641 0.010775 -0.028344
v 0.026641 0.010775 -0.029269
v 0.026641 0.010775 -0.028344
v 0.026641 0.009670 -0.029269
v -0.039689 0.010470 -0.040772
v -0.040386 0.011697 -0.039066
v -0.038527 0.011897 -0.041249
v 0.025108 0.010775 -0.028049
v 0.024486 0.010415 -0.027111
v 0.026641 0.010428 -0.027111
v 0.026641 0.010775 -0.028024
v 0.025108 0.010775 -0.028049
v 0.026641 0.010428 -0.027111
v 0.026641 0.010428 -0.027111
v 0.024486 0.010415 -0.027111
v 0.025957 0.009205 -0.027111
v 0.026641 0.009328 -0.027111
v 0.026641 0.010428 -0.027111
v 0.025957 0.009205 -0.027111
v 0.024486 0.009103 -0.027111
v 0.025957 0.009205 -0.027111
v 0.024486 0.010415 -0.027111
v -0.036126 0.011821 -0.043578
v -0.036710 0.011800 -0.043097
v -0.035394 0.012715 -0.043509
v -0.037035 0.012951 -0.041820
v -0.036710 0.011800 -0.043097
v -0.037361 0.011151 -0.042896
v -0.028864 0.010037 -0.005733
v -0.028794 0.009883 -0.008028
v -0.028890 0.011022 -0.005780
v 0.028812 0.010397 -0.023337
v 0.028760 0.010488 -0.024825
v 0.028642 0.009947 -0.024616
v -0.037904 0.011136 -0.042393
v -0.038527 0.011897 -0.041249
v -0.037035 0.012951 -0.041820
v -0.037904 0.011136 -0.042393
v -0.037035 0.012951 -0.041820
v -0.037361 0.011151 -0.042896
v -0.028794 0.009883 -0.008028
v -0.028790 0.014062 -0.010299
v -0.028890 0.011022 -0.005780
v -0.035394 0.012715 -0.043509
v -0.035029 0.011981 -0.044300
v -0.036126 0.011821 -0.043578
v 0.028776 0.011679 -0.026411
v 0.028589 0.011136 -0.027620
v 0.028397 0.010122 -0.027255
v -0.035394 0.012715 -0.043509
v -0.036710 0.011800 -0.043097
v -0.037035 0.012951 -0.041820
v 0.043718 0.000000 0.039816
v 0.023913 0.000000 0.025670
v 0.045020 0.000000 0.037557
v -0.028335 0.008693 -0.007384
v -0.027962 0.008519 -0.009296
v -0.028481 0.008860 -0.007566
v 0.040499 0.000000 0.043705
v 0.038250 0.000000 0.045558
v 0.023913 0.000000 0.025670
v 0.038250 0.000000 0.045558
v 0.035114 0.000000 0.047487
v 0.023913 0.000000 0.025670
v -0.028695 0.009247 -0.007881
v -0.028794 0.009883 -0.008028
v -0.028864 0.010037 -0.005733
v -0.028695 0.009247 -0.007881
v -0.028864 0.010037 -0.005733
v -0.028649 0.009120 -0.007812
v -0.036855 0.010610 -0.043591
v -0.034316 0.010920 -0.045363
v -0.035084 0.009183 -0.045314
v 0.026878 0.000000 0.050226
v 0.023913 0.000000 0.025670
v 0.030986 0.000000 0.049203
v -0.036855 0.010610 -0.043591
v -0.035747 0.008911 -0.044899
v -0.038031 0.009946 -0.042751
v 0.032908 0.000000 0.048514
v 0.030986 0.000000 0.049203
v 0.023913 0.000000 0.025670
v 0.035114 0.000000 0.047487
v 0.032908 0.000000 0.048514
v 0.023913 0.000000 0.025670
v -0.035029 0.011981 -0.044300
v -0.034316 0.010920 -0.045363
v -0.036855 0.010610 -0.043591
v -0.028649 0.009120 -0.007812
v -0.028864 0.010037 -0.005733
v -0.028581 0.008998 -0.007712
v -0.035084 0.009183 -0.045314
v -0.035747 0.008911 -0.044899
v -0.036855 0.010610 -0.043591
v -0.038501 0.010492 -0.042094
v -0.038031 0.009946 -0.042751
v -0.039428 0.008645 -0.041561
v 0.017574 0.000000 0.051611
v 0.009699 0.000000 0.052341
v 0.023913 0.000000 0.025670
v -0.038501 0.010492 -0.042094
v -0.039428 0.008645 -0.041561
v -0.039689 0.010470 -0.040772
v 0.004798 0.000000 0.052612
v 0.023913 0.000000 0.025670
v 0.009699 0.000000 0.052341
v 0.023913 0.000000 0.025670
v 0.004798 0.000000 0.052612
v -0.023876 0.000000 0.025670
v 0.004798 0.000000 0.052612
v -0.004846 0.000000 0.052612
v -0.023876 0.000000 0.025670
v -0.038501 0.010492 -0.042094
v -0.038527 0.011897 -0.041249
v -0.037904 0.011136 -0.042393
v -0.015689 0.000000 0.051821
v -0.023876 0.000000 0.025670
v -0.004846 0.000000 0.052612
v -0.028335 0.008693 -0.007384
v -0.028799 0.009448 -0.005634
v -0.028728 0.009147 -0.005526
v -0.038527 0.011897 -0.041249
v -0.038501 0.010492 -0.042094
v -0.039689 0.010470 -0.040772
v -0.029611 0.000000 0.049619
v -0.032013 0.000000 0.048880
v -0.023876 0.000000 0.025670
v -0.015689 0.000000 0.051821
v -0.021512 0.000000 0.051110
v -0.023876 0.000000 0.025670
v -0.037904 0.011136 -0.042393
v -0.037361 0.011151 -0.042896
v -0.038031 0.009946 -0.042751
v -0.029611 0.000000 0.049619
v -0.023876 0.000000 0.025670
v -0.027621 0.000000 0.050081
v -0.037361 0.011151 -0.042896
v -0.036855 0.010610 -0.043591
v -0.038031 0.009946 -0.042751
v -0.037361 0.011151 -0.042896
v -0.036710 0.011800 -0.043097
v -0.036855 0.010610 -0.043591
v -0.028335 0.008693 -0.007384
v -0.028728 0.009147 -0.005526
v -0.028667 0.009017 -0.005436
v -0.028799 0.009448 -0.005634
v -0.028335 0.008693 -0.007384
v -0.028481 0.008860 -0.007566
v -0.038501 0.010492 -0.042094
v -0.037904 0.011136 -0.042393
v -0.038031 0.009946 -0.042751
v -0.027621 0.000000 0.050081
v -0.023876 0.000000 0.025670
v -0.021512 0.000000 0.051110
v -0.028799 0.009448 -0.005634
v -0.028481 0.008860 -0.007566
v -0.028581 0.008998 -0.007712
v -0.036710 0.011800 -0.043097
v -0.036126 0.011821 -0.043578
v -0.036855 0.010610 -0.043591
v -0.028864 0.010037 -0.005733
v -0.028799 0.009448 -0.005634
v -0.028581 0.008998 -0.007712
v -0.049964 0.000000 0.010920
v -0.050000 0.000000 0.002218
v -0.023876 0.000000 0.025670
v -0.049964 0.000000 0.010920
v -0.023876 0.000000 0.025670
v -0.049484 0.000000 0.018954
v -0.023876 0.000000 -0.024778
v -0.023876 0.000000 0.025670
v -0.049817 0.000000 -0.002817
v -0.050000 0.000000 0.002218
v -0.049817 0.000000 -0.002817
v -0.023876 0.000000 0.025670
v -0.034979 0.000000 0.047590
v -0.037181 0.000000 0.046295
v -0.023876 0.000000 0.025670
v -0.036855 0.010610 -0.043591
v -0.036126 0.011821 -0.043578
v -0.035029 0.011981 -0.044300
v -0.048521 0.000000 0.026354
v -0.023876 0.000000 0.025670
v -0.047959 0.000000 0.029229
v -0.049484 0.000000 0.018954
v -0.023876 0.000000 0.025670
v -0.049131 0.000000 0.022227
v -0.049131 0.000000 0.022227
v -0.023876 0.000000 0.025670
v -0.048521 0.000000 0.026354
v -0.046530 0.000000 0.034194
v -0.023876 0.000000 0.025670
v -0.045971 0.000000 0.035623
v -0.045597 0.014482 -0.010866
v -0.043962 0.016845 -0.010745
v -0.044120 0.016199 -0.012542
v -0.047287 0.000000 0.031829
v -0.023876 0.000000 0.025670
v -0.046530 0.000000 0.034194
v -0.045971 0.000000 0.035623
v -0.023876 0.000000 0.025670
v -0.045380 0.000000 0.036945
v -0.047959 0.000000 0.029229
v -0.023876 0.000000 0.025670
v -0.047287 0.000000 0.031829
v -0.033517 0.000000 0.048286
v -0.023876 0.000000 0.025670
v -0.032013 0.000000 0.048880
v -0.034979 0.000000 0.047590
v -0.023876 0.000000 0.025670
v -0.033517 0.000000 0.048286
v -0.027459 0.015606 -0.032008
v -0.027532 0.015089 -0.031840
v -0.026435 0.015535 -0.032073
v -0.027395 0.016872 -0.032345
v -0.027311 0.017202 -0.032424
v -0.027560 0.017163 -0.032081
v -0.029266 0.014526 0.001621
v -0.029091 0.013679 -0.000912
v -0.028777 0.018566 -0.003214
v -0.044429 0.000000 0.038732
v -0.023876 0.000000 0.025670
v -0.043428 0.000000 0.040334
v -0.027421 0.016085 -0.032161
v -0.027560 0.017163 -0.032081
v -0.028303 0.014141 -0.030157
v -0.027395 0.016872 -0.032345
v -0.027560 0.017163 -0.032081
v -0.027421 0.016085 -0.032161
v -0.043428 0.000000 0.040334
v -0.023876 0.000000 0.025670
v -0.040917 0.000000 0.043337
v -0.027459 0.015606 -0.032008
v -0.028303 0.014141 -0.030157
v -0.027532 0.015089 -0.031840
v -0.045380 0.000000 0.036945
v -0.023876 0.000000 0.025670
v -0.044429 0.000000 0.038732
v -0.037181 0.000000 0.046295
v -0.040917 0.000000 0.043337
v -0.023876 0.000000 0.025670
v 0.022821 0.014505 -0.031884
v 0.021033 0.014314 -0.031893
v 0.021001 0.013502 -0.031418
v -0.036471 0.016328 -0.038389
v -0.036142 0.015245 -0.040021
v -0.037329 0.015543 -0.038199
v -0.038718 0.015219 -0.036562
v -0.037329 0.015543 -0.038199
v -0.038816 0.013226 -0.039480
v -0.037035 0.012951 -0.041820
v -0.038816 0.013226 -0.039480
v -0.036142 0.015245 -0.040021
v -0.038816 0.013226 -0.039480
v -0.037329 0.015543 -0.038199
v -0.036142 0.015245 -0.040021
v -0.038527 0.011897 -0.041249
v -0.040386 0.011697 -0.039066
v -0.038816 0.013226 -0.039480
v -0.038527 0.011897 -0.041249
v -0.038816 0.013226 -0.039480
v -0.037035 0.012951 -0.041820
v 0.019511 0.014477 -0.032063
v 0.018547 0.015681 -0.032647
v 0.017434 0.013826 -0.031794
v 0.018547 0.015681 -0.032647
v 0.016748 0.015165 -0.032555
v 0.017434 0.013826 -0.031794
v -0.025620 0.032784 -0.033928
v -0.026296 0.033220 -0.033743
v -0.026921 0.033096 -0.033102
v -0.029091 0.013679 -0.000912
v -0.028971 0.010164 -0.003348
v -0.028890 0.011022 -0.005780
v -0.026296 0.033220 -0.033743
v -0.027800 0.033396 -0.033959
v -0.026921 0.033096 -0.033102
v -0.030691 0.025493 0.012741
v -0.032295 0.025827 0.013452
v -0.031346 0.025633 0.013758
v -0.031346 0.025633 0.013758
v -0.032295 0.025827 0.013452
v -0.031753 0.025198 0.016080
v -0.026296 0.033220 -0.033743
v -0.025620 0.032784 -0.033928
v -0.024925 0.033462 -0.034821
v -0.033684 0.025453 0.015364
v -0.031753 0.025198 0.016080
v -0.032295 0.025827 0.013452
v -0.028585 0.008882 -0.005313
v -0.028136 0.008532 -0.007212
v -0.028667 0.009017 -0.005436
v -0.033684 0.025453 0.015364
v -0.035652 0.025476 0.014649
v -0.034377 0.025001 0.017410
v -0.026413 0.033643 -0.034963
v -0.027800 0.033396 -0.033959
v -0.026296 0.033220 -0.033743
v -0.030624 0.023869 0.014205
v -0.031103 0.024286 0.016487
v -0.031055 0.023526 0.016657
v -0.024925 0.033462 -0.034821
v -0.024181 0.033008 -0.034932
v -0.023367 0.033676 -0.035646
v 0.041145 0.009184 -0.039118
v 0.041727 0.010441 -0.037679
v 0.041984 0.008928 -0.037683
v 0.041727 0.010441 -0.037679
v 0.042229 0.010044 -0.036832
v 0.041984 0.008928 -0.037683
v -0.031500 0.023180 0.019080
v -0.031055 0.023526 0.016657
v -0.031542 0.023899 0.018852
v -0.031055 0.023526 0.016657
v -0.031740 0.024451 0.018612
v -0.031542 0.023899 0.018852
v -0.028878 0.009323 -0.003201
v -0.028530 0.008799 -0.005236
v -0.028585 0.008882 -0.005313
v -0.031740 0.024451 0.018612
v -0.031055 0.023526 0.016657
v -0.031103 0.024286 0.016487
v -0.031103 0.024286 0.016487
v -0.030624 0.023869 0.014205
v -0.031311 0.024873 0.016297
v -0.030691 0.025493 0.012741
v -0.031311 0.024873 0.016297
v -0.030677 0.024670 0.014083
v 0.042229 0.010044 -0.036832
v 0.041687 0.011977 -0.036461
v 0.042703 0.009806 -0.035904
v -0.030691 0.025493 0.012741
v -0.031346 0.025633 0.013758
v -0.031311 0.024873 0.016297
v 0.026641 0.009328 -0.027111
v 0.025957 0.009205 -0.027111
v 0.026484 0.009127 -0.025602
v 0.019511 0.014477 -0.032063
v 0.020459 0.012897 -0.030986
v 0.021001 0.013502 -0.031418
v -0.026413 0.033643 -0.034963
v -0.026296 0.033220 -0.033743
v -0.024925 0.033462 -0.034821
v 0.027003 0.009177 -0.024952
v 0.027901 0.009398 -0.024952
v 0.026484 0.009127 -0.025602
v 0.027216 0.009098 -0.023860
v 0.027003 0.009177 -0.024952
v 0.026484 0.009127 -0.025602
v 0.028072 0.009461 -0.025125
v 0.026484 0.009127 -0.025602
v 0.027901 0.009398 -0.024952
v 0.019511 0.014477 -0.032063
v 0.021001 0.013502 -0.031418
v 0.021033 0.014314 -0.031893
v -0.024925 0.033462 -0.034821
v -0.025691 0.033767 -0.035425
v -0.026413 0.033643 -0.034963
v 0.016748 0.015165 -0.032555
v 0.016386 0.013450 -0.031601
v 0.017434 0.013826 -0.031794
v 0.027312 0.009405 -0.026731
v 0.026641 0.009328 -0.027111
v 0.026484 0.009127 -0.025602
v 0.016386 0.013450 -0.031601
v 0.016748 0.015165 -0.032555
v 0.015400 0.013982 -0.032010
v -0.024925 0.033462 -0.034821
v -0.024145 0.034001 -0.036222
v -0.025691 0.033767 -0.035425
v 0.026484 0.009127 -0.025602
v 0.024903 0.008967 -0.024952
v 0.026641 0.009107 -0.024952
v 0.026484 0.009127 -0.025602
v 0.026641 0.009107 -0.024952
v 0.027216 0.009098 -0.023860
v -0.038290 0.016300 -0.035642
v -0.038718 0.015219 -0.036562
v -0.039222 0.015461 -0.035175
v -0.037329 0.015543 -0.038199
v -0.038718 0.015219 -0.036562
v -0.038290 0.016300 -0.035642
v -0.037329 0.015543 -0.038199
v -0.038290 0.016300 -0.035642
v -0.036471 0.016328 -0.038389
v 0.015639 0.016044 -0.036618
v 0.015573 0.016822 -0.033229
v 0.015647 0.016236 -0.036628
v 0.015647 0.016236 -0.036628
v 0.013941 0.014039 -0.036557
v 0.015639 0.016044 -0.036618
v -0.039222 0.015461 -0.035175
v -0.038718 0.015219 -0.036562
v -0.040890 0.013509 -0.035592
v 0.012957 0.012904 -0.036445
v 0.013941 0.014039 -0.036557
v 0.010346 0.015708 -0.036846
v 0.043309 0.012508 -0.031068
v 0.043350 0.011923 -0.032169
v 0.041850 0.013544 -0.032866
v 0.041850 0.013544 -0.032866
v 0.043350 0.011923 -0.032169
v 0.042556 0.012475 -0.033488
v 0.042556 0.012475 -0.033488
v 0.042547 0.011957 -0.034475
v 0.041368 0.013185 -0.035088
v 0.041368 0.013185 -0.035088
v 0.041850 0.013544 -0.032866
v 0.042556 0.012475 -0.033488
v 0.043677 0.009827 -0.033258
v 0.043067 0.011146 -0.034058
v 0.043665 0.011014 -0.032510
v 0.042703 0.009806 -0.035904
v 0.043067 0.011146 -0.034058
v 0.043677 0.009827 -0.033258
v 0.042703 0.009806 -0.035904
v 0.041687 0.011977 -0.036461
v 0.042547 0.011957 -0.034475
v 0.042703 0.009806 -0.035904
v 0.042547 0.011957 -0.034475
v 0.043067 0.011146 -0.034058
v 0.042556 0.012475 -0.033488
v 0.043067 0.011146 -0.034058
v 0.042547 0.011957 -0.034475
v 0.043350 0.011923 -0.032169
v 0.043067 0.011146 -0.034058
v 0.042556 0.012475 -0.033488
v 0.043350 0.011923 -0.032169
v 0.043665 0.011014 -0.032510
v 0.043067 0.011146 -0.034058
v 0.043665 0.011014 -0.032510
v 0.043350 0.011923 -0.032169
v 0.043861 0.011305 -0.031543
v -0.039593 0.015746 -0.033738
v -0.038578 0.016897 -0.034084
v -0.039222 0.015461 -0.035175
v -0.038578 0.016897 -0.034084
v -0.038290 0.016300 -0.035642
v -0.039222 0.015461 -0.035175
v -0.037283 0.018604 -0.034652
v -0.038290 0.016300 -0.035642
v -0.038578 0.016897 -0.034084
v -0.039593 0.015746 -0.033738
v -0.039222 0.015461 -0.035175
v -0.040890 0.013509 -0.035592
v 0.042938 0.007930 -0.035703
v 0.043677 0.009827 -0.033258
v 0.043804 0.007042 -0.033323
v -0.038816 0.013226 -0.039480
v -0.040184 0.012839 -0.038068
v -0.038718 0.015219 -0.036562
v -0.040184 0.012839 -0.038068
v -0.040890 0.013509 -0.035592
v -0.038718 0.015219 -0.036562
v 0.043677 0.009827 -0.033258
v 0.042938 0.007930 -0.035703
v 0.042703 0.009806 -0.035904
v 0.042938 0.007930 -0.035703
v 0.043804 0.007042 -0.033323
v 0.043451 0.006431 -0.034592
v -0.040386 0.011697 -0.039066
v -0.039689 0.010470 -0.040772
v -0.040525 0.010457 -0.039688
v -0.040184 0.012839 -0.038068
v -0.041278 0.012513 -0.036581
v -0.040890 0.013509 -0.035592
v 0.031957 0.008972 0.025186
v 0.031563 0.009203 0.022003
v 0.031489 0.008961 0.022114
v 0.031957 0.008972 0.025186
v 0.031489 0.008961 0.022114
v 0.031348 0.008636 0.022262
v 0.042938 0.007930 -0.035703
v 0.042229 0.010044 -0.036832
v 0.042703 0.009806 -0.035904
v 0.043451 0.006431 -0.034592
v 0.043310 0.005139 -0.035474
v 0.042424 0.006958 -0.037154
v -0.041278 0.012513 -0.036581
v -0.041192 0.011682 -0.037804
v -0.042292 0.011052 -0.036217
v 0.042424 0.006958 -0.037154
v 0.042938 0.007930 -0.035703
v 0.043451 0.006431 -0.034592
v 0.041984 0.008928 -0.037683
v 0.042424 0.006958 -0.037154
v 0.042068 0.006661 -0.037975
v 0.042229 0.010044 -0.036832
v 0.042938 0.007930 -0.035703
v 0.041984 0.008928 -0.037683
v -0.042594 0.011957 -0.034475
v -0.041278 0.012513 -0.036581
v -0.042292 0.011052 -0.036217
v 0.042424 0.006958 -0.037154
v 0.041984 0.008928 -0.037683
v 0.042938 0.007930 -0.035703
v 0.042220 0.004942 -0.038189
v 0.042068 0.006661 -0.037975
v 0.042424 0.006958 -0.037154
v 0.042424 0.006958 -0.037154
v 0.043310 0.005139 -0.035474
v 0.042220 0.004942 -0.038189
v 0.031634 0.009516 0.021857
v 0.031012 0.008866 0.019121
v 0.030946 0.008717 0.019192
v -0.041278 0.012513 -0.036581
v -0.040184 0.012839 -0.038068
v -0.041192 0.011682 -0.037804
v -0.040184 0.012839 -0.038068
v -0.040386 0.011697 -0.039066
v -0.041192 0.011682 -0.037804
v -0.040184 0.012839 -0.038068
v -0.038816 0.013226 -0.039480
v -0.040386 0.011697 -0.039066
v 0.042220 0.004942 -0.038189
v 0.041334 0.005784 -0.039545
v 0.042068 0.006661 -0.037975
v 0.042068 0.006661 -0.037975
v 0.041334 0.005784 -0.039545
v 0.041016 0.007837 -0.039563
v 0.042068 0.006661 -0.037975
v 0.041016 0.007837 -0.039563
v 0.041984 0.008928 -0.037683
v -0.042461 0.009649 -0.036605
v -0.042292 0.011052 -0.036217
v -0.042093 0.010437 -0.037060
v 0.041057 0.004886 -0.040231
v 0.041334 0.005784 -0.039545
v 0.042220 0.004942 -0.038189
v 0.044402 0.003439 -0.032720
v 0.046447 0.000000 -0.026303
v 0.043899 0.000000 -0.035946
v 0.044402 0.003439 -0.032720
v 0.045977 0.003030 -0.026858
v 0.046447 0.000000 -0.026303
v 0.043451 0.006431 -0.034592
v 0.043804 0.007042 -0.033323
v 0.044402 0.003439 -0.032720
v -0.029091 0.013679 -0.000912
v -0.028995 0.009589 -0.002027
v -0.028971 0.010164 -0.003348
v -0.042093 0.010437 -0.037060
v -0.041869 0.009180 -0.037955
v -0.042461 0.009649 -0.036605
v 0.043310 0.005139 -0.035474
v 0.043451 0.006431 -0.034592
v 0.044402 0.003439 -0.032720
v -0.028667 0.009017 -0.005436
v -0.028728 0.009147 -0.005526
v -0.028971 0.010164 -0.003348
v -0.028971 0.010164 -0.003348
v -0.028585 0.008882 -0.005313
v -0.028667 0.009017 -0.005436
v 0.044402 0.003439 -0.032720
v 0.043759 0.002333 -0.035350
v 0.043310 0.005139 -0.035474
v 0.043899 0.000000 -0.035946
v 0.043759 0.002333 -0.035350
v 0.044402 0.003439 -0.032720
v 0.043759 0.002333 -0.035350
v 0.043899 0.000000 -0.035946
v 0.042747 0.002799 -0.037815
v -0.041869 0.009180 -0.037955
v -0.042093 0.010437 -0.037060
v -0.041267 0.010447 -0.038562
v 0.043899 0.000000 -0.035946
v 0.043050 0.000000 -0.038133
v 0.042747 0.002799 -0.037815
v -0.042292 0.011052 -0.036217
v -0.041192 0.011682 -0.037804
v -0.042093 0.010437 -0.037060
v 0.043759 0.002333 -0.035350
v 0.042747 0.002799 -0.037815
v 0.043310 0.005139 -0.035474
v -0.041192 0.011682 -0.037804
v -0.041267 0.010447 -0.038562
v -0.042093 0.010437 -0.037060
v -0.040386 0.011697 -0.039066
v -0.041267 0.010447 -0.038562
v -0.041192 0.011682 -0.037804
v 0.043310 0.005139 -0.035474
v 0.042747 0.002799 -0.037815
v 0.042220 0.004942 -0.038189
v 0.043050 0.000000 -0.038133
v 0.042056 0.001983 -0.039500
v 0.042747 0.002799 -0.037815
v 0.041703 0.003730 -0.039548
v 0.042220 0.004942 -0.038189
v 0.042747 0.002799 -0.037815
v 0.041057 0.004886 -0.040231
v 0.042220 0.004942 -0.038189
v 0.041703 0.003730 -0.039548
v -0.024925 0.033462 -0.034821
v -0.023367 0.033676 -0.035646
v -0.024145 0.034001 -0.036222
v 0.042747 0.002799 -0.037815
v 0.042056 0.001983 -0.039500
v 0.041703 0.003730 -0.039548
v -0.028269 0.008524 -0.004982
v -0.028794 0.009059 -0.003071
v -0.028735 0.008942 -0.002981
v -0.028971 0.010164 -0.003348
v -0.028799 0.009448 -0.005634
v -0.028864 0.010037 -0.005733
v -0.026661 0.033743 -0.035873
v -0.026413 0.033643 -0.034963
v -0.025691 0.033767 -0.035425
v -0.028971 0.010164 -0.003348
v -0.028864 0.010037 -0.005733
v -0.028890 0.011022 -0.005780
v -0.028971 0.010164 -0.003348
v -0.028728 0.009147 -0.005526
v -0.028799 0.009448 -0.005634
v -0.025726 0.033924 -0.036573
v -0.026661 0.033743 -0.035873
v -0.025691 0.033767 -0.035425
v 0.028569 0.010127 -0.026034
v 0.028760 0.010488 -0.024825
v 0.028776 0.011679 -0.026411
v -0.028971 0.010164 -0.003348
v -0.028995 0.009589 -0.002027
v -0.028878 0.009323 -0.003201
v -0.025620 0.032784 -0.033928
v -0.026250 0.031683 -0.033127
v -0.024941 0.031918 -0.034314
v 0.028368 0.009683 -0.025664
v 0.027312 0.009405 -0.026731
v 0.028207 0.009539 -0.025369
v -0.028640 0.008774 -0.002846
v -0.028735 0.008942 -0.002981
v -0.028995 0.009589 -0.002027
v -0.024941 0.031918 -0.034314
v -0.024925 0.033462 -0.034821
v -0.025620 0.032784 -0.033928
v 0.026484 0.009127 -0.025602
v 0.028207 0.009539 -0.025369
v 0.027312 0.009405 -0.026731
v -0.028878 0.009323 -0.003201
v -0.028995 0.009589 -0.002027
v -0.028794 0.009059 -0.003071
v 0.026484 0.009127 -0.025602
v 0.028072 0.009461 -0.025125
v 0.028207 0.009539 -0.025369
v -0.028735 0.008942 -0.002981
v -0.028794 0.009059 -0.003071
v -0.028995 0.009589 -0.002027
v -0.024181 0.033008 -0.034932
v -0.024941 0.031918 -0.034314
v -0.023410 0.032117 -0.035198
v -0.024941 0.031918 -0.034314
v -0.026250 0.031683 -0.033127
v -0.025647 0.030548 -0.033746
v 0.028397 0.010122 -0.027255
v 0.028569 0.010127 -0.026034
v 0.028776 0.011679 -0.026411
v -0.024234 0.030072 -0.034797
v -0.023410 0.032117 -0.035198
v -0.024941 0.031918 -0.034314
v -0.024941 0.031918 -0.034314
v -0.025647 0.030548 -0.033746
v -0.024234 0.030072 -0.034797
v -0.024925 0.033462 -0.034821
v -0.024941 0.031918 -0.034314
v -0.024181 0.033008 -0.034932
v 0.027704 0.009609 -0.027457
v 0.026641 0.009352 -0.027322
v 0.027312 0.009405 -0.026731
v -0.023367 0.033676 -0.035646
v -0.024181 0.033008 -0.034932
v -0.023410 0.032117 -0.035198
v -0.023367 0.033676 -0.035646
v -0.023410 0.032117 -0.035198
v -0.022551 0.033197 -0.035673
v -0.029051 0.009412 -0.000752
v -0.028640 0.008774 -0.002846
v -0.028995 0.009589 -0.002027
v -0.028878 0.009323 -0.003201
v -0.028794 0.009059 -0.003071
v -0.028269 0.008524 -0.004982
v 0.027312 0.009405 -0.026731
v 0.028368 0.009683 -0.025664
v 0.028051 0.009618 -0.026600
v -0.028878 0.009323 -0.003201
v -0.028269 0.008524 -0.004982
v -0.028442 0.008685 -0.005131
v -0.028878 0.009323 -0.003201
v -0.028442 0.008685 -0.005131
v -0.028530 0.008799 -0.005236
v -0.028585 0.008882 -0.005313
v -0.028971 0.010164 -0.003348
v -0.028878 0.009323 -0.003201
v 0.028760 0.010488 -0.024825
v 0.028368 0.009683 -0.025664
v 0.028207 0.009539 -0.025369
v 0.028569 0.010127 -0.026034
v 0.028051 0.009618 -0.026600
v 0.028458 0.009830 -0.025831
v -0.041267 0.010447 -0.038562
v -0.040386 0.011697 -0.039066
v -0.040525 0.010457 -0.039688
v -0.027327 0.028817 -0.031597
v -0.025647 0.030548 -0.033746
v -0.026250 0.031683 -0.033127
v -0.042594 0.011957 -0.034475
v -0.043114 0.011146 -0.034058
v -0.042470 0.012811 -0.033116
v -0.027327 0.028817 -0.031597
v -0.025714 0.027121 -0.033879
v -0.025673 0.029190 -0.033787
v -0.039593 0.015746 -0.033738
v -0.040890 0.013509 -0.035592
v -0.042470 0.012811 -0.033116
v -0.025647 0.030548 -0.033746
v -0.025673 0.029190 -0.033787
v -0.024234 0.030072 -0.034797
v -0.040890 0.013509 -0.035592
v -0.042594 0.011957 -0.034475
v -0.042470 0.012811 -0.033116
v -0.025673 0.029190 -0.033787
v -0.025001 0.028599 -0.034368
v -0.024234 0.030072 -0.034797
v -0.025001 0.028599 -0.034368
v -0.025673 0.029190 -0.033787
v -0.025714 0.027121 -0.033879
v -0.042594 0.011957 -0.034475
v -0.040890 0.013509 -0.035592
v -0.041278 0.012513 -0.036581
v -0.025647 0.030548 -0.033746
v -0.027327 0.028817 -0.031597
v -0.025673 0.029190 -0.033787
v -0.023481 0.027385 -0.035292
v -0.024234 0.030072 -0.034797
v -0.025001 0.028599 -0.034368
v -0.023481 0.027385 -0.035292
v -0.025001 0.028599 -0.034368
v -0.025714 0.027121 -0.033879
v 0.028569 0.010127 -0.026034
v 0.028216 0.009765 -0.026913
v 0.028051 0.009618 -0.026600
v -0.021290 0.028598 -0.035986
v -0.024234 0.030072 -0.034797
v -0.023481 0.027385 -0.035292
v 0.028051 0.009618 -0.026600
v 0.028368 0.009683 -0.025664
v 0.028458 0.009830 -0.025831
v -0.024234 0.030072 -0.034797
v -0.021290 0.028598 -0.035986
v -0.023410 0.032117 -0.035198
v -0.029018 0.009271 -0.000700
v -0.029051 0.009412 -0.000752
v -0.029302 0.009871 0.001713
v 0.028051 0.009618 -0.026600
v 0.028216 0.009765 -0.026913
v 0.027704 0.009609 -0.027457
v -0.028970 0.009125 -0.000621
v -0.029018 0.009271 -0.000700
v -0.029302 0.009871 0.001713
v -0.024300 0.025940 -0.034944
v -0.023481 0.027385 -0.035292
v -0.025714 0.027121 -0.033879
v 0.028569 0.010127 -0.026034
v 0.028397 0.010122 -0.027255
v 0.028216 0.009765 -0.026913
v 0.027704 0.009609 -0.027457
v 0.028216 0.009765 -0.026913
v 0.028397 0.010122 -0.027255
v -0.028995 0.009589 -0.002027
v -0.029091 0.013679 -0.000912
v -0.029051 0.009412 -0.000752
v -0.021771 0.026143 -0.035940
v -0.021290 0.028598 -0.035986
v -0.023481 0.027385 -0.035292
v 0.028051 0.009618 -0.026600
v 0.027704 0.009609 -0.027457
v 0.027312 0.009405 -0.026731
v -0.023481 0.027385 -0.035292
v -0.024300 0.025940 -0.034944
v -0.021771 0.026143 -0.035940
v 0.024486 0.009103 -0.027111
v 0.024486 0.008938 -0.024952
v 0.024903 0.008967 -0.024952
v 0.026484 0.009127 -0.025602
v 0.025957 0.009205 -0.027111
v 0.024903 0.008967 -0.024952
v 0.024486 0.009103 -0.027111
v 0.024903 0.008967 -0.024952
v 0.025957 0.009205 -0.027111
v 0.027901 0.009398 -0.024952
v 0.027003 0.009177 -0.024952
v 0.028030 0.009617 -0.024952
v 0.026641 0.009149 -0.024952
v 0.028030 0.009617 -0.024952
v 0.027003 0.009177 -0.024952
v 0.026641 0.009149 -0.024952
v 0.024903 0.008967 -0.024952
v 0.024486 0.009596 -0.024952
v 0.028030 0.009617 -0.024952
v 0.026641 0.009149 -0.024952
v 0.024486 0.009596 -0.024952
v -0.029302 0.009871 0.001713
v -0.029235 0.009372 0.001837
v -0.028779 0.008725 -0.000342
v 0.024486 0.008938 -0.024952
v 0.024486 0.009596 -0.024952
v 0.024903 0.008967 -0.024952
v -0.029302 0.009871 0.001713
v -0.028779 0.008725 -0.000342
v -0.028856 0.008863 -0.000441
v -0.029302 0.009871 0.001713
v -0.028856 0.008863 -0.000441
v -0.028970 0.009125 -0.000621
v 0.026641 0.009107 -0.024952
v 0.024903 0.008967 -0.024952
v 0.026641 0.009149 -0.024952
v -0.011600 0.023565 -0.046540
v -0.012170 0.020576 -0.047351
v -0.013826 0.020885 -0.047009
v 0.028812 0.010397 -0.023337
v 0.028642 0.009947 -0.024616
v 0.028559 0.009745 -0.024470
v 0.028812 0.010397 -0.023337
v 0.028559 0.009745 -0.024470
v 0.028471 0.009600 -0.024315
v -0.011600 0.023565 -0.046540
v -0.013826 0.020885 -0.047009
v -0.017507 0.023602 -0.045590
v 0.028760 0.010488 -0.024825
v 0.028569 0.010127 -0.026034
v 0.028458 0.009830 -0.025831
v 0.028760 0.010488 -0.024825
v 0.028458 0.009830 -0.025831
v 0.028368 0.009683 -0.025664
v -0.017507 0.023602 -0.045590
v -0.013826 0.020885 -0.047009
v -0.015423 0.019288 -0.047300
v 0.028072 0.009461 -0.025125
v 0.028559 0.009745 -0.024470
v 0.028642 0.009947 -0.024616
v -0.029091 0.013679 -0.000912
v -0.029266 0.014526 0.001621
v -0.029302 0.009871 0.001713
v -0.029091 0.013679 -0.000912
v -0.029302 0.009871 0.001713
v -0.029051 0.009412 -0.000752
v 0.028642 0.009947 -0.024616
v 0.028760 0.010488 -0.024825
v 0.028207 0.009539 -0.025369
v -0.015423 0.019288 -0.047300
v -0.016758 0.018434 -0.047408
v -0.017507 0.023602 -0.045590
v 0.028642 0.009947 -0.024616
v 0.028207 0.009539 -0.025369
v 0.028072 0.009461 -0.025125
v 0.027033 0.009051 -0.023476
v 0.027383 0.009151 -0.023734
v 0.024486 0.009596 -0.024952
v 0.027383 0.009151 -0.023734
v 0.027498 0.009184 -0.023819
v 0.024486 0.009596 -0.024952
v 0.027498 0.009184 -0.023819
v 0.027600 0.009223 -0.023922
v 0.024486 0.009596 -0.024952
v 0.027600 0.009223 -0.023922
v 0.028067 0.009406 -0.024394
v 0.024486 0.009596 -0.024952
v 0.028030 0.009617 -0.024952
v 0.024486 0.009596 -0.024952
v 0.028067 0.009406 -0.024394
v 0.027498 0.009184 -0.023819
v 0.027216 0.009098 -0.023860
v 0.027600 0.009223 -0.023922
v 0.027216 0.009098 -0.023860
v 0.028217 0.009400 -0.023866
v 0.027600 0.009223 -0.023922
v 0.027033 0.009051 -0.023476
v 0.027216 0.009098 -0.023860
v 0.027383 0.009151 -0.023734
v 0.031466 0.008205 0.025535
v 0.032337 0.008685 0.028405
v 0.032476 0.009071 0.028256
v 0.027383 0.009151 -0.023734
v 0.028535 0.009516 -0.022865
v 0.027498 0.009184 -0.023819
v 0.028535 0.009516 -0.022865
v 0.028217 0.009400 -0.023866
v 0.027498 0.009184 -0.023819
v 0.027498 0.009184 -0.023819
v 0.028217 0.009400 -0.023866
v 0.027216 0.009098 -0.023860
v -0.028079 0.008662 -0.011471
v -0.028528 0.008998 -0.009900
v -0.027951 0.008594 -0.011371
v -0.027789 0.008524 -0.011273
v -0.027951 0.008594 -0.011371
v -0.028528 0.008998 -0.009900
v 0.027383 0.009151 -0.023734
v 0.028386 0.009377 -0.022607
v 0.028535 0.009516 -0.022865
v -0.027789 0.008524 -0.011273
v -0.028528 0.008998 -0.009900
v -0.028388 0.008836 -0.009694
v 0.027216 0.009098 -0.023860
v 0.028386 0.009377 -0.022607
v 0.027383 0.009151 -0.023734
v 0.032337 0.008685 0.028405
v 0.031466 0.008205 0.025535
v 0.031255 0.008058 0.025623
v 0.027916 0.009394 -0.024893
v 0.027901 0.009398 -0.024952
v 0.028030 0.009617 -0.024952
v 0.027916 0.009394 -0.024893
v 0.028030 0.009617 -0.024952
v 0.028067 0.009406 -0.024394
v 0.028217 0.009400 -0.023866
v 0.028621 0.009661 -0.023009
v 0.028699 0.009862 -0.023145
v -0.027789 0.008524 -0.011273
v -0.028388 0.008836 -0.009694
v -0.028264 0.008717 -0.009542
v -0.027789 0.008524 -0.011273
v -0.028264 0.008717 -0.009542
v -0.028095 0.008594 -0.009388
v 0.027600 0.009223 -0.023922
v 0.028315 0.009458 -0.024038
v 0.028067 0.009406 -0.024394
v 0.027916 0.009394 -0.024893
v 0.028067 0.009406 -0.024394
v 0.028072 0.009461 -0.025125
v 0.027916 0.009394 -0.024893
v 0.028072 0.009461 -0.025125
v 0.027901 0.009398 -0.024952
v 0.028812 0.010397 -0.023337
v 0.028471 0.009600 -0.024315
v 0.028315 0.009458 -0.024038
v 0.028217 0.009400 -0.023866
v 0.028535 0.009516 -0.022865
v 0.028621 0.009661 -0.023009
v 0.031634 0.009516 0.021857
v 0.031563 0.009203 0.022003
v 0.031957 0.008972 0.025186
v 0.027600 0.009223 -0.023922
v 0.028217 0.009400 -0.023866
v 0.028315 0.009458 -0.024038
v 0.031957 0.008972 0.025186
v 0.031348 0.008636 0.022262
v 0.031245 0.008477 0.022338
v 0.028699 0.009862 -0.023145
v 0.028812 0.010397 -0.023337
v 0.028315 0.009458 -0.024038
v 0.028471 0.009600 -0.024315
v 0.028072 0.009461 -0.025125
v 0.028315 0.009458 -0.024038
v 0.031634 0.009516 0.021857
v 0.031957 0.008972 0.025186
v 0.031769 0.011056 0.021253
v 0.028072 0.009461 -0.025125
v 0.028067 0.009406 -0.024394
v 0.028315 0.009458 -0.024038
v -0.027794 0.008608 -0.013244
v -0.027951 0.008594 -0.011371
v -0.027789 0.008524 -0.011273
v 0.032734 0.011260 0.027332
v 0.031957 0.008972 0.025186
v 0.032567 0.009454 0.028097
v 0.028315 0.009458 -0.024038
v 0.028217 0.009400 -0.023866
v 0.028699 0.009862 -0.023145
v 0.031758 0.008532 0.025375
v 0.032476 0.009071 0.028256
v 0.032567 0.009454 0.028097
v 0.032567 0.009454 0.028097
v 0.031957 0.008972 0.025186
v 0.031855 0.008706 0.025299
v 0.032567 0.009454 0.028097
v 0.031855 0.008706 0.025299
v 0.031758 0.008532 0.025375
v 0.031957 0.008972 0.025186
v 0.032734 0.011260 0.027332
v 0.031769 0.011056 0.021253
v -0.031311 0.024873 0.016297
v -0.031740 0.024451 0.018612
v -0.031103 0.024286 0.016487
v -0.028335 0.008693 -0.007384
v -0.027720 0.008420 -0.009177
v -0.027962 0.008519 -0.009296
v -0.032754 0.024894 0.018088
v -0.033684 0.025453 0.015364
v -0.034377 0.025001 0.017410
v -0.027720 0.008420 -0.009177
v -0.028335 0.008693 -0.007384
v -0.027349 0.008323 -0.009065
v -0.032754 0.024894 0.018088
v -0.031753 0.025198 0.016080
v -0.033684 0.025453 0.015364
v -0.032754 0.024894 0.018088
v -0.033158 0.024437 0.020268
v -0.032169 0.024758 0.018355
v -0.028581 0.008998 -0.007712
v -0.028481 0.008860 -0.007566
v -0.027962 0.008519 -0.009296
v -0.027962 0.008519 -0.009296
v -0.028095 0.008594 -0.009388
v -0.028581 0.008998 -0.007712
v -0.027159 0.008366 -0.011062
v -0.027789 0.008524 -0.011273
v -0.028095 0.008594 -0.009388
v 0.041507 0.016169 0.033643
v 0.041019 0.016533 0.034361
v 0.041460 0.014505 0.035390
v 0.040910 0.013138 0.037572
v 0.042019 0.013006 0.035910
v 0.041460 0.014505 0.035390
v -0.031753 0.025198 0.016080
v -0.032754 0.024894 0.018088
v -0.031311 0.024873 0.016297
v -0.031311 0.024873 0.016297
v -0.031346 0.025633 0.013758
v -0.031753 0.025198 0.016080
v -0.028585 0.008882 -0.005313
v -0.028530 0.008799 -0.005236
v -0.028136 0.008532 -0.007212
v -0.031311 0.024873 0.016297
v -0.032754 0.024894 0.018088
v -0.032169 0.024758 0.018355
v -0.028136 0.008532 -0.007212
v -0.028530 0.008799 -0.005236
v -0.028001 0.008452 -0.007125
v -0.028530 0.008799 -0.005236
v -0.028442 0.008685 -0.005131
v -0.028001 0.008452 -0.007125
v -0.028001 0.008452 -0.007125
v -0.028442 0.008685 -0.005131
v -0.027813 0.008371 -0.007042
v -0.031740 0.024451 0.018612
v -0.032169 0.024758 0.018355
v -0.033158 0.024437 0.020268
v 0.042019 0.013006 0.035910
v 0.043199 0.012662 0.033899
v 0.041460 0.014505 0.035390
v -0.031740 0.024451 0.018612
v -0.031311 0.024873 0.016297
v -0.032169 0.024758 0.018355
v -0.032589 0.024312 0.020567
v -0.031740 0.024451 0.018612
v -0.033158 0.024437 0.020268
v -0.032754 0.024894 0.018088
v -0.034377 0.025001 0.017410
v -0.035056 0.024540 0.019366
v -0.032754 0.024894 0.018088
v -0.035056 0.024540 0.019366
v -0.033158 0.024437 0.020268
v -0.019065 0.020122 -0.046273
v -0.017507 0.023602 -0.045590
v -0.016758 0.018434 -0.047408
v 0.010346 0.015708 -0.036846
v 0.008213 0.012109 -0.036478
v 0.009149 0.012363 -0.036496
v 0.016571 0.034668 -0.041570
v 0.015658 0.035175 -0.040554
v 0.016634 0.035119 -0.040087
v 0.009149 0.012363 -0.036496
v 0.010092 0.012902 -0.036562
v 0.010346 0.015708 -0.036846
v 0.017310 0.034911 -0.040780
v 0.016571 0.034668 -0.041570
v 0.016634 0.035119 -0.040087
v 0.017310 0.034911 -0.040780
v 0.018930 0.034374 -0.041310
v 0.016571 0.034668 -0.041570
v 0.015639 0.016044 -0.036618
v 0.013941 0.014039 -0.036557
v 0.015607 0.015310 -0.036539
v 0.015607 0.015310 -0.036539
v 0.013941 0.014039 -0.036557
v 0.015573 0.014592 -0.036463
v 0.015542 0.012758 -0.036261
v 0.015573 0.014592 -0.036463
v 0.013941 0.014039 -0.036557
v 0.015477 0.015104 -0.032607
v 0.015400 0.013982 -0.032010
v 0.016748 0.015165 -0.032555
v -0.025835 0.024775 -0.042977
v -0.024298 0.023193 -0.043915
v -0.027105 0.023174 -0.042785
v 0.015573 0.016822 -0.033229
v 0.015477 0.015104 -0.032607
v 0.016748 0.015165 -0.032555
v 0.015573 0.016822 -0.033229
v 0.015607 0.015310 -0.036539
v 0.015477 0.015104 -0.032607
v 0.015573 0.014592 -0.036463
v 0.015477 0.015104 -0.032607
v 0.015607 0.015310 -0.036539
v -0.043357 0.011330 -0.033223
v -0.043682 0.010368 -0.033116
v -0.044054 0.010697 -0.031737
v 0.015573 0.014592 -0.036463
v 0.015542 0.012758 -0.036261
v 0.015477 0.015104 -0.032607
v -0.043034 0.012546 -0.031988
v -0.043357 0.011330 -0.033223
v -0.044054 0.010697 -0.031737
v -0.027337 0.008242 -0.006909
v -0.028008 0.008361 -0.004832
v -0.027868 0.008303 -0.004778
v 0.015477 0.015104 -0.032607
v 0.015532 0.012239 -0.036166
v 0.015400 0.013982 -0.032010
v -0.043595 0.008842 -0.033884
v -0.043682 0.010368 -0.033116
v -0.043174 0.009800 -0.034831
v -0.027349 0.008323 -0.009065
v -0.028136 0.008532 -0.007212
v -0.028001 0.008452 -0.007125
v -0.043682 0.010368 -0.033116
v -0.043114 0.011146 -0.034058
v -0.043174 0.009800 -0.034831
v -0.028001 0.008452 -0.007125
v -0.027813 0.008371 -0.007042
v -0.027349 0.008323 -0.009065
v -0.043357 0.011330 -0.033223
v -0.043114 0.011146 -0.034058
v -0.043682 0.010368 -0.033116
v -0.027337 0.008242 -0.006909
v -0.027349 0.008323 -0.009065
v -0.027813 0.008371 -0.007042
v -0.042292 0.011052 -0.036217
v -0.043114 0.011146 -0.034058
v -0.042594 0.011957 -0.034475
v -0.027868 0.008303 -0.004778
v -0.027692 0.008246 -0.004725
v -0.027337 0.008242 -0.006909
v -0.028335 0.008693 -0.007384
v -0.028667 0.009017 -0.005436
v -0.028136 0.008532 -0.007212
v -0.027349 0.008323 -0.009065
v -0.028335 0.008693 -0.007384
v -0.028136 0.008532 -0.007212
v -0.043357 0.011330 -0.033223
v -0.042470 0.012811 -0.033116
v -0.043114 0.011146 -0.034058
v -0.043174 0.009800 -0.034831
v -0.043114 0.011146 -0.034058
v -0.042292 0.011052 -0.036217
v -0.042292 0.011052 -0.036217
v -0.042461 0.009649 -0.036605
v -0.043174 0.009800 -0.034831
v -0.043034 0.012546 -0.031988
v -0.042470 0.012811 -0.033116
v -0.043357 0.011330 -0.033223
v -0.028121 0.008419 -0.004886
v -0.028640 0.008774 -0.002846
v -0.028008 0.008361 -0.004832
v -0.028269 0.008524 -0.004982
v -0.028640 0.008774 -0.002846
v -0.028121 0.008419 -0.004886
v -0.028735 0.008942 -0.002981
v -0.028640 0.008774 -0.002846
v -0.028269 0.008524 -0.004982
v -0.042640 0.007809 -0.036573
v -0.043595 0.008842 -0.033884
v -0.043174 0.009800 -0.034831
v -0.028269 0.008524 -0.004982
v -0.027337 0.008242 -0.006909
v -0.027813 0.008371 -0.007042
v -0.042461 0.009649 -0.036605
v -0.042640 0.007809 -0.036573
v -0.043174 0.009800 -0.034831
v -0.031496 0.009664 -0.047330
v -0.029103 0.009977 -0.048284
v -0.029971 0.007882 -0.048322
v 0.013941 0.014039 -0.036557
v 0.014395 0.011651 -0.036101
v 0.015542 0.012758 -0.036261
v 0.015532 0.012239 -0.036166
v 0.015542 0.012758 -0.036261
v 0.014395 0.011651 -0.036101
v 0.015503 0.011675 -0.036063
v 0.015532 0.012239 -0.036166
v 0.014395 0.011651 -0.036101
v 0.013941 0.014039 -0.036557
v 0.012957 0.012904 -0.036445
v 0.014395 0.011651 -0.036101
v 0.012816 0.011498 -0.036107
v 0.014395 0.011651 -0.036101
v 0.012957 0.012904 -0.036445
v -0.035412 0.003265 -0.046149
v -0.033593 0.007897 -0.046496
v -0.034409 0.002566 -0.046916
v -0.028269 0.008524 -0.004982
v -0.028121 0.008419 -0.004886
v -0.027337 0.008242 -0.006909
v -0.028121 0.008419 -0.004886
v -0.028008 0.008361 -0.004832
v -0.027337 0.008242 -0.006909
v 0.012816 0.011498 -0.036107
v 0.013644 0.010832 -0.035806
v 0.014395 0.011651 -0.036101
v 0.015449 0.010938 -0.035766
v 0.015400 0.013982 -0.032010
v 0.015460 0.011069 -0.035838
v -0.028476 0.008566 -0.002679
v -0.027868 0.008303 -0.004778
v -0.028008 0.008361 -0.004832
v 0.015352 0.011020 -0.035825
v 0.014395 0.011651 -0.036101
v 0.013644 0.010832 -0.035806
v -0.033661 0.010406 -0.045940
v -0.031496 0.009664 -0.047330
v -0.033593 0.007897 -0.046496
v -0.034409 0.002566 -0.046916
v -0.033071 0.000000 -0.048094
v -0.035087 0.000000 -0.046974
v -0.031814 0.001983 -0.048383
v -0.033071 0.000000 -0.048094
v -0.034409 0.002566 -0.046916
v -0.034409 0.002566 -0.046916
v -0.031709 0.004194 -0.048090
v -0.031814 0.001983 -0.048383
v -0.035084 0.009183 -0.045314
v -0.033661 0.010406 -0.045940
v -0.033593 0.007897 -0.046496
v -0.028269 0.008524 -0.004982
v -0.027813 0.008371 -0.007042
v -0.028442 0.008685 -0.005131
v -0.035087 0.000000 -0.046974
v -0.036617 0.000000 -0.045968
v -0.034409 0.002566 -0.046916
v -0.035412 0.003265 -0.046149
v -0.034409 0.002566 -0.046916
v -0.036617 0.000000 -0.045968
v 0.012816 0.011498 -0.036107
v 0.012897 0.010239 -0.035412
v 0.013644 0.010832 -0.035806
v -0.033593 0.007897 -0.046496
v -0.035412 0.003265 -0.046149
v -0.036275 0.005109 -0.045161
v -0.033593 0.007897 -0.046496
v -0.036275 0.005109 -0.045161
v -0.035084 0.009183 -0.045314
v -0.036275 0.005109 -0.045161
v -0.035747 0.008911 -0.044899
v -0.035084 0.009183 -0.045314
v 0.015460 0.011069 -0.035838
v 0.015352 0.011020 -0.035825
v 0.015449 0.010938 -0.035766
v 0.015444 0.010891 -0.035740
v 0.015449 0.010938 -0.035766
v 0.015352 0.011020 -0.035825
v -0.034409 0.002566 -0.046916
v -0.033593 0.007897 -0.046496
v -0.031709 0.004194 -0.048090
v 0.014395 0.011651 -0.036101
v 0.015352 0.011020 -0.035825
v 0.015503 0.011667 -0.036060
v 0.015503 0.011675 -0.036063
v 0.014395 0.011651 -0.036101
v 0.015503 0.011667 -0.036060
v -0.031496 0.009664 -0.047330
v -0.029971 0.007882 -0.048322
v -0.033593 0.007897 -0.046496
v 0.015460 0.011069 -0.035838
v 0.015503 0.011667 -0.036060
v 0.015352 0.011020 -0.035825
v -0.029971 0.007882 -0.048322
v -0.031709 0.004194 -0.048090
v -0.033593 0.007897 -0.046496
v -0.040266 0.003933 -0.041626
v -0.040938 0.002566 -0.041142
v -0.041014 0.003818 -0.040669
v -0.040938 0.002566 -0.041142
v -0.040526 0.000000 -0.042384
v -0.041584 0.000000 -0.040973
v -0.027448 0.008163 -0.003495
v -0.028324 0.008436 -0.002573
v -0.028103 0.008305 -0.002465
v -0.027448 0.008163 -0.003495
v -0.028476 0.008566 -0.002679
v -0.028324 0.008436 -0.002573
v 0.012957 0.012904 -0.036445
v 0.010346 0.015708 -0.036846
v 0.010799 0.012508 -0.036456
v -0.041014 0.003818 -0.040669
v -0.040321 0.006581 -0.040873
v -0.040266 0.003933 -0.041626
v -0.028476 0.008566 -0.002679
v -0.027692 0.008246 -0.004725
v -0.027868 0.008303 -0.004778
v 0.010346 0.015708 -0.036846
v 0.010092 0.012902 -0.036562
v 0.010799 0.012508 -0.036456
v -0.041584 0.000000 -0.040973
v -0.042042 0.002566 -0.039419
v -0.040938 0.002566 -0.041142
v -0.027448 0.008163 -0.003495
v -0.027692 0.008246 -0.004725
v -0.028476 0.008566 -0.002679
v -0.040938 0.002566 -0.041142
v -0.042042 0.002566 -0.039419
v -0.041014 0.003818 -0.040669
v -0.041202 0.005784 -0.039823
v -0.041014 0.003818 -0.040669
v -0.042042 0.002566 -0.039419
v -0.028324 0.008436 -0.002573
v -0.028476 0.008566 -0.002679
v -0.028856 0.008863 -0.000441
v -0.040321 0.006581 -0.040873
v -0.041014 0.003818 -0.040669
v -0.041202 0.005784 -0.039823
v -0.028856 0.008863 -0.000441
v -0.028779 0.008725 -0.000342
v -0.028324 0.008436 -0.002573
v -0.040266 0.003933 -0.041626
v -0.038717 0.003701 -0.043377
v -0.040938 0.002566 -0.041142
v -0.024298 0.023193 -0.043915
v -0.023040 0.022582 -0.044481
v -0.024859 0.020857 -0.044342
v -0.021413 0.026064 -0.044118
v -0.024298 0.023193 -0.043915
v -0.025835 0.024775 -0.042977
v -0.041202 0.005784 -0.039823
v -0.041089 0.007800 -0.039534
v -0.040321 0.006581 -0.040873
v -0.038031 0.009946 -0.042751
v -0.035747 0.008911 -0.044899
v -0.036275 0.005109 -0.045161
v -0.040321 0.006581 -0.040873
v -0.039428 0.008645 -0.041561
v -0.039539 0.005950 -0.041961
v -0.041089 0.007800 -0.039534
v -0.039428 0.008645 -0.041561
v -0.040321 0.006581 -0.040873
v -0.039539 0.005950 -0.041961
v -0.038717 0.003701 -0.043377
v -0.040266 0.003933 -0.041626
v -0.040266 0.003933 -0.041626
v -0.040321 0.006581 -0.040873
v -0.039539 0.005950 -0.041961
v -0.040526 0.000000 -0.042384
v -0.038717 0.003701 -0.043377
v -0.039548 0.000000 -0.043468
v -0.026904 0.020768 -0.043534
v -0.025399 0.018873 -0.044873
v -0.027053 0.018690 -0.044260
v -0.027053 0.018690 -0.044260
v -0.025399 0.018873 -0.044873
v -0.024843 0.017197 -0.045894
v -0.035412 0.003265 -0.046149
v -0.037246 0.004828 -0.044447
v -0.036275 0.005109 -0.045161
v -0.024843 0.017197 -0.045894
v -0.025399 0.018873 -0.044873
v -0.024093 0.019240 -0.045195
v -0.038031 0.009946 -0.042751
v -0.036275 0.005109 -0.045161
v -0.037246 0.004828 -0.044447
v -0.036617 0.000000 -0.045968
v -0.037246 0.004828 -0.044447
v -0.035412 0.003265 -0.046149
v -0.038717 0.003701 -0.043377
v -0.037246 0.004828 -0.044447
v -0.036617 0.000000 -0.045968
v -0.024859 0.020857 -0.044342
v -0.025399 0.018873 -0.044873
v -0.026904 0.020768 -0.043534
v -0.039428 0.008645 -0.041561
v -0.038031 0.009946 -0.042751
v -0.037246 0.004828 -0.044447
v -0.038717 0.003701 -0.043377
v -0.036617 0.000000 -0.045968
v -0.039548 0.000000 -0.043468
v -0.039428 0.008645 -0.041561
v -0.037246 0.004828 -0.044447
v -0.039539 0.005950 -0.041961
v -0.025399 0.018873 -0.044873
v -0.024859 0.020857 -0.044342
v -0.024093 0.019240 -0.045195
v -0.040526 0.000000 -0.042384
v -0.040938 0.002566 -0.041142
v -0.038717 0.003701 -0.043377
v -0.039539 0.005950 -0.041961
v -0.037246 0.004828 -0.044447
v -0.038717 0.003701 -0.043377
v -0.041267 0.010447 -0.038562
v -0.041584 0.007813 -0.038723
v -0.041869 0.009180 -0.037955
v -0.041202 0.005784 -0.039823
v -0.042042 0.002566 -0.039419
v -0.042087 0.006011 -0.038203
v -0.023273 0.017914 -0.046052
v -0.021872 0.019217 -0.045887
v -0.021066 0.015429 -0.048024
v 0.009149 0.012363 -0.036496
v 0.008213 0.012109 -0.036478
v 0.009024 0.011203 -0.036166
v -0.041584 0.007813 -0.038723
v -0.041202 0.005784 -0.039823
v -0.042087 0.006011 -0.038203
v -0.024859 0.020857 -0.044342
v -0.026904 0.020768 -0.043534
v -0.027105 0.023174 -0.042785
v -0.021872 0.019217 -0.045887
v -0.023273 0.017914 -0.046052
v -0.024093 0.019240 -0.045195
v -0.041584 0.007813 -0.038723
v -0.042087 0.006011 -0.038203
v -0.042640 0.007809 -0.036573
v -0.042640 0.007809 -0.036573
v -0.041869 0.009180 -0.037955
v -0.041584 0.007813 -0.038723
v -0.019065 0.020122 -0.046273
v -0.018899 0.018075 -0.047123
v -0.021872 0.019217 -0.045887
v 0.028559 0.009745 -0.024470
v 0.028072 0.009461 -0.025125
v 0.028471 0.009600 -0.024315
v -0.019065 0.020122 -0.046273
v -0.021872 0.019217 -0.045887
v -0.023040 0.022582 -0.044481
v 0.026641 0.009047 -0.023777
v 0.026641 0.009149 -0.024952
v 0.027003 0.009177 -0.024952
v 0.026641 0.009047 -0.023777
v 0.027003 0.009177 -0.024952
v 0.027216 0.009098 -0.023860
v -0.023040 0.022582 -0.044481
v -0.024093 0.019240 -0.045195
v -0.024859 0.020857 -0.044342
v -0.021872 0.019217 -0.045887
v -0.024093 0.019240 -0.045195
v -0.023040 0.022582 -0.044481
v 0.027033 0.009051 -0.023476
v 0.026669 0.008802 -0.020927
v 0.027216 0.009098 -0.023860
v -0.024859 0.020857 -0.044342
v -0.027105 0.023174 -0.042785
v -0.024298 0.023193 -0.043915
v 0.026641 0.009107 -0.024952
v 0.026641 0.009047 -0.023777
v 0.027216 0.009098 -0.023860
v 0.026641 0.009107 -0.024952
v 0.026641 0.009149 -0.024952
v 0.026641 0.009047 -0.023777
v -0.028779 0.008725 -0.000342
v -0.028103 0.008305 -0.002465
v -0.028324 0.008436 -0.002573
v -0.027378 0.008095 -0.002285
v -0.027448 0.008163 -0.003495
v -0.028103 0.008305 -0.002465
v -0.028476 0.008566 -0.002679
v -0.029051 0.009412 -0.000752
v -0.029018 0.009271 -0.000700
v -0.028476 0.008566 -0.002679
v -0.029018 0.009271 -0.000700
v -0.028970 0.009125 -0.000621
v 0.010799 0.012508 -0.036456
v 0.011029 0.011677 -0.036253
v 0.012957 0.012904 -0.036445
v -0.028856 0.008863 -0.000441
v -0.028476 0.008566 -0.002679
v -0.028970 0.009125 -0.000621
v 0.012816 0.011498 -0.036107
v 0.012957 0.012904 -0.036445
v 0.011029 0.011677 -0.036253
v -0.028008 0.008361 -0.004832
v -0.028640 0.008774 -0.002846
v -0.028476 0.008566 -0.002679
v -0.028640 0.008774 -0.002846
v -0.029051 0.009412 -0.000752
v -0.028476 0.008566 -0.002679
v 0.028857 0.010535 -0.021794
v 0.028826 0.010229 -0.020068
v 0.028919 0.014904 -0.020632
v -0.019065 0.020122 -0.046273
v -0.016758 0.018434 -0.047408
v -0.018899 0.018075 -0.047123
v -0.019065 0.020122 -0.046273
v -0.023040 0.022582 -0.044481
v -0.017507 0.023602 -0.045590
v -0.015834 0.024666 -0.035962
v -0.015792 0.024853 -0.036741
v -0.016258 0.024872 -0.036717
v 0.012828 0.035433 -0.040357
v 0.014229 0.035288 -0.040753
v 0.013739 0.035140 -0.041438
v -0.015834 0.024666 -0.035962
v -0.015793 0.023773 -0.036740
v -0.015793 0.024138 -0.036739
v -0.015834 0.024666 -0.035962
v -0.015793 0.024138 -0.036739
v -0.015793 0.024313 -0.036740
v 0.012828 0.035433 -0.040357
v 0.012332 0.035211 -0.041613
v 0.011878 0.035473 -0.040796
v -0.015792 0.024545 -0.036740
v -0.015834 0.024666 -0.035962
v -0.015793 0.024313 -0.036740
v -0.015792 0.024545 -0.036740
v -0.015792 0.024853 -0.036741
v -0.015834 0.024666 -0.035962
v 0.012332 0.035211 -0.041613
v 0.010934 0.035061 -0.042132
v 0.011878 0.035473 -0.040796
v -0.015793 0.024138 -0.036739
v -0.015793 0.023773 -0.036740
v -0.007928 0.022539 -0.037136
v -0.015791 0.022659 -0.036742
v -0.007928 0.022539 -0.037136
v -0.015793 0.023773 -0.036740
v -0.016258 0.024872 -0.036717
v -0.015792 0.024853 -0.036741
v -0.013047 0.030706 -0.036892
v -0.015792 0.024545 -0.036740
v -0.007928 0.022539 -0.037136
v -0.015792 0.024853 -0.036741
v -0.015793 0.024313 -0.036740
v -0.007928 0.022539 -0.037136
v -0.015792 0.024545 -0.036740
v -0.015793 0.024138 -0.036739
v -0.007928 0.022539 -0.037136
v -0.015793 0.024313 -0.036740
v -0.017121 0.024980 -0.036673
v -0.016823 0.024355 -0.035173
v -0.017004 0.024981 -0.036679
v -0.015834 0.024666 -0.035962
v -0.016258 0.024872 -0.036717
v -0.017004 0.024981 -0.036679
v -0.017339 0.025000 -0.036656
v -0.017524 0.025009 -0.036642
v -0.018589 0.024886 -0.035976
v -0.018589 0.024886 -0.035976
v -0.017524 0.025009 -0.036642
v -0.017975 0.025018 -0.036567
v 0.014229 0.035288 -0.040753
v 0.014676 0.034868 -0.041730
v 0.013739 0.035140 -0.041438
v 0.014676 0.034868 -0.041730
v 0.014229 0.035288 -0.040753
v 0.015658 0.035175 -0.040554
v 0.014676 0.034868 -0.041730
v 0.015658 0.035175 -0.040554
v 0.016571 0.034668 -0.041570
v 0.009127 0.010048 -0.035415
v 0.009024 0.011203 -0.036166
v 0.008206 0.010831 -0.036042
v 0.012828 0.035433 -0.040357
v 0.013739 0.035140 -0.041438
v 0.012332 0.035211 -0.041613
v 0.009024 0.011203 -0.036166
v 0.008213 0.012109 -0.036478
v 0.008206 0.010831 -0.036042
v 0.012332 0.035211 -0.041613
v 0.013739 0.035140 -0.041438
v 0.012797 0.034927 -0.042033
v -0.017004 0.024981 -0.036679
v -0.016258 0.024872 -0.036717
v -0.013047 0.030706 -0.036892
v -0.017121 0.024980 -0.036673
v -0.017004 0.024981 -0.036679
v -0.013047 0.030706 -0.036892
v 0.008206 0.010831 -0.036042
v 0.007741 0.010413 -0.035810
v 0.008202 0.010190 -0.035605
v -0.013047 0.030706 -0.036892
v -0.017951 0.029837 -0.036532
v -0.017121 0.024980 -0.036673
v -0.017339 0.025000 -0.036656
v -0.017123 0.024980 -0.036673
v -0.017951 0.029837 -0.036532
v -0.017123 0.024980 -0.036673
v -0.017121 0.024980 -0.036673
v -0.017951 0.029837 -0.036532
v 0.010092 0.012902 -0.036562
v 0.010074 0.010837 -0.035968
v 0.010799 0.012508 -0.036456
v -0.017524 0.025009 -0.036642
v -0.017339 0.025000 -0.036656
v -0.017951 0.029837 -0.036532
v 0.010092 0.012902 -0.036562
v 0.009149 0.012363 -0.036496
v 0.010074 0.010837 -0.035968
v -0.017975 0.025018 -0.036567
v -0.017524 0.025009 -0.036642
v -0.017951 0.029837 -0.036532
v 0.010074 0.010837 -0.035968
v 0.009149 0.012363 -0.036496
v 0.009024 0.011203 -0.036166
v -0.018519 0.025029 -0.036479
v -0.018589 0.024886 -0.035976
v -0.017975 0.025018 -0.036567
v 0.010074 0.010837 -0.035968
v 0.011029 0.011677 -0.036253
v 0.010799 0.012508 -0.036456
v -0.018864 0.025017 -0.036423
v -0.018519 0.025029 -0.036479
v -0.021290 0.028598 -0.035986
v 0.010074 0.010837 -0.035968
v 0.010996 0.010063 -0.035338
v 0.011029 0.011677 -0.036253
v -0.017975 0.025018 -0.036567
v -0.021290 0.028598 -0.035986
v -0.018519 0.025029 -0.036479
v -0.015834 0.024666 -0.035962
v -0.017004 0.024981 -0.036679
v -0.016823 0.024355 -0.035173
v -0.017123 0.024980 -0.036673
v -0.016823 0.024355 -0.035173
v -0.017121 0.024980 -0.036673
v -0.018589 0.024886 -0.035976
v -0.016823 0.024355 -0.035173
v -0.017339 0.025000 -0.036656
v 0.011873 0.034374 -0.042763
v 0.012332 0.035211 -0.041613
v 0.012797 0.034927 -0.042033
v 0.013739 0.035140 -0.041438
v 0.014676 0.034868 -0.041730
v 0.013737 0.034463 -0.042391
v 0.013739 0.035140 -0.041438
v 0.013737 0.034463 -0.042391
v 0.012797 0.034927 -0.042033
v 0.015477 0.015104 -0.032607
v 0.015542 0.012758 -0.036261
v 0.015532 0.012239 -0.036166
v -0.015754 0.021520 -0.036745
v -0.007928 0.022539 -0.037136
v -0.015785 0.022373 -0.036742
v -0.015785 0.022373 -0.036742
v -0.007928 0.022539 -0.037136
v -0.015791 0.022659 -0.036742
v 0.015503 0.011667 -0.036060
v 0.015460 0.011069 -0.035838
v 0.015400 0.013982 -0.032010
v 0.015503 0.011667 -0.036060
v 0.015400 0.013982 -0.032010
v 0.015503 0.011675 -0.036063
v 0.015503 0.011675 -0.036063
v 0.015400 0.013982 -0.032010
v 0.015532 0.012239 -0.036166
v 0.015420 0.010673 -0.035591
v 0.015400 0.013982 -0.032010
v 0.015444 0.010891 -0.035740
v 0.015449 0.010938 -0.035766
v 0.015444 0.010891 -0.035740
v 0.015400 0.013982 -0.032010
v -0.015844 0.021965 -0.034182
v -0.016862 0.023043 -0.034249
v -0.017806 0.021645 -0.033947
v 0.015352 0.011020 -0.035825
v 0.014803 0.010107 -0.035182
v 0.015444 0.010891 -0.035740
v 0.015420 0.010673 -0.035591
v 0.015444 0.010891 -0.035740
v 0.014803 0.010107 -0.035182
v 0.010996 0.010063 -0.035338
v 0.011691 0.009863 -0.035008
v 0.012816 0.011498 -0.036107
v -0.017806 0.021645 -0.033947
v -0.016862 0.023043 -0.034249
v -0.017844 0.023644 -0.034320
v -0.015844 0.021965 -0.034182
v -0.015894 0.023579 -0.034521
v -0.016862 0.023043 -0.034249
v 0.015420 0.010673 -0.035591
v 0.015376 0.010270 -0.035314
v 0.015400 0.013982 -0.032010
v 0.015320 0.012985 -0.031274
v 0.015400 0.013982 -0.032010
v 0.015322 0.009873 -0.034691
v -0.016860 0.023997 -0.034683
v -0.017844 0.023644 -0.034320
v -0.016862 0.023043 -0.034249
v 0.015351 0.010114 -0.035098
v 0.015400 0.013982 -0.032010
v 0.015376 0.010270 -0.035314
v -0.017844 0.023644 -0.034320
v -0.016860 0.023997 -0.034683
v -0.017811 0.024160 -0.034740
v 0.008169 0.035070 -0.042409
v 0.007265 0.034415 -0.043117
v 0.007250 0.035242 -0.042259
v 0.014538 0.008921 -0.032097
v 0.015231 0.009445 -0.033578
v 0.014803 0.010107 -0.035182
v 0.014803 0.010107 -0.035182
v 0.015322 0.009873 -0.034691
v 0.015332 0.009934 -0.034850
v 0.014538 0.008921 -0.032097
v 0.014803 0.010107 -0.035182
v 0.013809 0.009817 -0.034749
v -0.042461 0.009649 -0.036605
v -0.041869 0.009180 -0.037955
v -0.042640 0.007809 -0.036573
v 0.007265 0.034415 -0.043117
v 0.006341 0.034896 -0.042714
v 0.007250 0.035242 -0.042259
v -0.016862 0.023043 -0.034249
v -0.015894 0.023579 -0.034521
v -0.016860 0.023997 -0.034683
v -0.041267 0.010447 -0.038562
v -0.041089 0.007800 -0.039534
v -0.041584 0.007813 -0.038723
v 0.033446 0.008823 0.034585
v 0.033301 0.007709 0.037233
v 0.033664 0.008030 0.037371
v -0.041267 0.010447 -0.038562
v -0.040525 0.010457 -0.039688
v -0.041089 0.007800 -0.039534
v 0.010480 0.035545 -0.040955
v 0.010498 0.035556 -0.040175
v 0.011878 0.035473 -0.040796
v -0.039689 0.010470 -0.040772
v -0.039428 0.008645 -0.041561
v -0.041089 0.007800 -0.039534
v -0.040525 0.010457 -0.039688
v -0.039689 0.010470 -0.040772
v -0.041089 0.007800 -0.039534
v -0.041202 0.005784 -0.039823
v -0.041584 0.007813 -0.038723
v -0.041089 0.007800 -0.039534
v 0.010016 0.034738 -0.042600
v 0.009085 0.035371 -0.041847
v 0.009548 0.035456 -0.041555
v 0.009548 0.035456 -0.041555
v 0.010480 0.035545 -0.040955
v 0.010934 0.035061 -0.042132
v 0.010480 0.035545 -0.040955
v 0.011878 0.035473 -0.040796
v 0.010934 0.035061 -0.042132
v 0.009548 0.035456 -0.041555
v 0.010934 0.035061 -0.042132
v 0.010016 0.034738 -0.042600
v 0.010934 0.035061 -0.042132
v 0.012332 0.035211 -0.041613
v 0.011873 0.034374 -0.042763
v 0.034259 0.010532 0.036997
v 0.033635 0.009726 0.034288
v 0.033446 0.008823 0.034585
v 0.033772 0.012212 0.033261
v 0.033012 0.009175 0.031356
v 0.033635 0.009726 0.034288
v -0.043595 0.008842 -0.033884
v -0.044379 0.007598 -0.031464
v -0.043682 0.010368 -0.033116
v -0.044379 0.007598 -0.031464
v -0.043595 0.008842 -0.033884
v -0.043744 0.006774 -0.033758
v 0.033772 0.012212 0.033261
v 0.033635 0.009726 0.034288
v 0.034314 0.012058 0.036344
v 0.033635 0.009726 0.034288
v 0.034259 0.010532 0.036997
v 0.034314 0.012058 0.036344
v 0.033231 0.010956 0.030584
v 0.032567 0.009454 0.028097
v 0.032476 0.009071 0.028256
v -0.043744 0.006774 -0.033758
v -0.043595 0.008842 -0.033884
v -0.042640 0.007809 -0.036573
v 0.007262 0.035667 -0.040181
v 0.009106 0.035605 -0.040128
v 0.007249 0.035674 -0.041153
v 0.010498 0.035556 -0.040175
v 0.009106 0.035605 -0.040128
v 0.010044 0.035500 -0.039694
v -0.042640 0.007809 -0.036573
v -0.042087 0.006011 -0.038203
v -0.043201 0.005782 -0.035684
v 0.009106 0.035605 -0.040128
v 0.009085 0.035371 -0.041847
v 0.007249 0.035674 -0.041153
v 0.034876 0.011996 0.039112
v 0.034314 0.012058 0.036344
v 0.034259 0.010532 0.036997
v -0.042640 0.007809 -0.036573
v -0.043201 0.005782 -0.035684
v -0.043744 0.006774 -0.033758
v -0.044054 0.010697 -0.031737
v -0.043682 0.010368 -0.033116
v -0.044379 0.007598 -0.031464
v 0.033446 0.008823 0.034585
v 0.033635 0.009726 0.034288
v 0.032735 0.008444 0.031576
v 0.009548 0.035456 -0.041555
v 0.009106 0.035605 -0.040128
v 0.010480 0.035545 -0.040955
v 0.009106 0.035605 -0.040128
v 0.010498 0.035556 -0.040175
v 0.010480 0.035545 -0.040955
v -0.044212 0.000000 -0.035136
v -0.044037 0.003672 -0.034016
v -0.043676 0.000000 -0.036715
v 0.009106 0.035605 -0.040128
v 0.009548 0.035456 -0.041555
v 0.009085 0.035371 -0.041847
v 0.032476 0.009071 0.028256
v 0.032337 0.008685 0.028405
v 0.033012 0.009175 0.031356
v -0.043201 0.005782 -0.035684
v -0.044037 0.003672 -0.034016
v -0.043744 0.006774 -0.033758
v -0.042476 0.000000 -0.039461
v -0.043105 0.000000 -0.038149
v -0.042042 0.002566 -0.039419
v 0.008169 0.035070 -0.042409
v 0.007249 0.035674 -0.041153
v 0.009085 0.035371 -0.041847
v -0.042042 0.002566 -0.039419
v -0.043105 0.000000 -0.038149
v -0.042881 0.002682 -0.037666
v 0.033772 0.012212 0.033261
v 0.033231 0.010956 0.030584
v 0.033012 0.009175 0.031356
v 0.008169 0.035070 -0.042409
v 0.009085 0.035371 -0.041847
v 0.009087 0.035165 -0.042206
v -0.042881 0.002682 -0.037666
v -0.042087 0.006011 -0.038203
v -0.042042 0.002566 -0.039419
v 0.033231 0.010956 0.030584
v 0.032476 0.009071 0.028256
v 0.033012 0.009175 0.031356
v 0.009085 0.035371 -0.041847
v 0.010016 0.034738 -0.042600
v 0.009087 0.035165 -0.042206
v -0.042042 0.002566 -0.039419
v -0.041584 0.000000 -0.040973
v -0.042476 0.000000 -0.039461
v 0.032734 0.011260 0.027332
v 0.032567 0.009454 0.028097
v 0.033231 0.010956 0.030584
v 0.007250 0.035242 -0.042259
v 0.007249 0.035674 -0.041153
v 0.008169 0.035070 -0.042409
v -0.042881 0.002682 -0.037666
v -0.043201 0.005782 -0.035684
v -0.042087 0.006011 -0.038203
v -0.042881 0.002682 -0.037666
v -0.043676 0.000000 -0.036715
v -0.044037 0.003672 -0.034016
v -0.042881 0.002682 -0.037666
v -0.043105 0.000000 -0.038149
v -0.043676 0.000000 -0.036715
v -0.044037 0.003672 -0.034016
v -0.043201 0.005782 -0.035684
v -0.042881 0.002682 -0.037666
v -0.045456 0.000000 -0.030636
v -0.044037 0.003672 -0.034016
v -0.044212 0.000000 -0.035136
v -0.044037 0.003672 -0.034016
v -0.045456 0.000000 -0.030636
v -0.045050 0.005336 -0.029636
v 0.031957 0.008972 0.025186
v 0.031245 0.008477 0.022338
v 0.031025 0.008252 0.022461
v 0.031245 0.008477 0.022338
v 0.031348 0.008636 0.022262
v 0.030210 0.008034 0.019585
v 0.019554 0.034797 -0.038959
v 0.017769 0.034641 -0.037730
v 0.019645 0.034610 -0.037900
v 0.030210 0.008034 0.019585
v 0.031025 0.008252 0.022461
v 0.031245 0.008477 0.022338
v 0.031255 0.008058 0.025623
v 0.030584 0.007987 0.022643
v 0.029915 0.007780 0.022860
v -0.031262 0.032536 -0.028662
v -0.028843 0.032637 -0.030109
v -0.032325 0.032631 -0.031087
v -0.030624 0.023869 0.014205
v -0.031055 0.023526 0.016657
v -0.030945 0.010992 0.015350
v -0.030522 0.032479 -0.028031
v -0.028843 0.032637 -0.030109
v -0.031262 0.032536 -0.028662
v -0.030624 0.023869 0.014205
v -0.030945 0.010992 0.015350
v -0.030221 0.023301 0.011803
v -0.032325 0.032631 -0.031087
v -0.028843 0.032637 -0.030109
v -0.028960 0.032872 -0.031122
v -0.028960 0.032872 -0.031122
v -0.028843 0.032637 -0.030109
v -0.028054 0.032378 -0.030664
v 0.028451 0.007659 0.020062
v 0.024777 0.007492 0.020769
v 0.029915 0.007780 0.022860
v 0.015376 0.010270 -0.035314
v 0.015420 0.010673 -0.035591
v 0.014803 0.010107 -0.035182
v 0.013644 0.010832 -0.035806
v 0.013809 0.009817 -0.034749
v 0.014803 0.010107 -0.035182
v 0.015376 0.010270 -0.035314
v 0.014803 0.010107 -0.035182
v 0.015351 0.010114 -0.035098
v -0.028635 0.031678 -0.027414
v -0.028349 0.032036 -0.029367
v -0.029097 0.032218 -0.027720
v -0.037754 0.025276 0.013861
v -0.036449 0.025861 0.012173
v -0.038365 0.025526 0.011596
v -0.037754 0.025276 0.013861
v -0.038838 0.025004 0.013479
v -0.038786 0.024651 0.015477
v 0.025594 0.007591 0.014385
v 0.006473 0.007220 0.010977
v 0.024777 0.007492 0.020769
v -0.038838 0.025004 0.013479
v -0.037754 0.025276 0.013861
v -0.038365 0.025526 0.011596
v 0.015332 0.009934 -0.034850
v 0.015351 0.010114 -0.035098
v 0.014803 0.010107 -0.035182
v -0.037754 0.025276 0.013861
v -0.038786 0.024651 0.015477
v -0.037006 0.024946 0.016271
v -0.038838 0.025004 0.013479
v -0.040200 0.024045 0.014976
v -0.038786 0.024651 0.015477
v 0.014803 0.010107 -0.035182
v 0.015352 0.011020 -0.035825
v 0.013644 0.010832 -0.035806
v -0.040658 0.023866 0.013958
v -0.040200 0.024045 0.014976
v -0.038838 0.025004 0.013479
v 0.032018 0.008229 0.028576
v 0.030857 0.007780 0.027356
v 0.031564 0.007919 0.028727
v -0.040200 0.024045 0.014976
v -0.041553 0.022817 0.014866
v -0.041354 0.022754 0.016637
v -0.040658 0.023866 0.013958
v -0.041553 0.022817 0.014866
v -0.040200 0.024045 0.014976
v 0.032735 0.008444 0.031576
v 0.032018 0.008229 0.028576
v 0.031564 0.007919 0.028727
v -0.028316 0.030878 -0.028257
v -0.028089 0.031087 -0.029453
v -0.028349 0.032036 -0.029367
v -0.028635 0.031678 -0.027414
v -0.028316 0.030878 -0.028257
v -0.028349 0.032036 -0.029367
v 0.032337 0.008685 0.028405
v 0.030857 0.007780 0.027356
v 0.032018 0.008229 0.028576
v -0.028349 0.032036 -0.029367
v -0.028089 0.031087 -0.029453
v -0.027777 0.031364 -0.030568
v 0.031758 0.008532 0.025375
v 0.031466 0.008205 0.025535
v 0.032476 0.009071 0.028256
v -0.041553 0.022817 0.014866
v -0.041988 0.022480 0.013053
v -0.042195 0.021898 0.014993
v 0.031255 0.008058 0.025623
v 0.030857 0.007780 0.027356
v 0.032337 0.008685 0.028405
v 0.030584 0.007987 0.022643
v 0.031758 0.008532 0.025375
v 0.031855 0.008706 0.025299
v -0.040658 0.023866 0.013958
v -0.041185 0.023763 0.011082
v -0.041988 0.022480 0.013053
v 0.031855 0.008706 0.025299
v 0.031957 0.008972 0.025186
v 0.031025 0.008252 0.022461
v -0.040658 0.023866 0.013958
v -0.041988 0.022480 0.013053
v -0.041553 0.022817 0.014866
v 0.030584 0.007987 0.022643
v 0.031855 0.008706 0.025299
v 0.031025 0.008252 0.022461
v -0.035652 0.025476 0.014649
v -0.037754 0.025276 0.013861
v -0.037006 0.024946 0.016271
v -0.028843 0.032637 -0.030109
v -0.029097 0.032218 -0.027720
v -0.028349 0.032036 -0.029367
v 0.030584 0.007987 0.022643
v 0.031466 0.008205 0.025535
v 0.031758 0.008532 0.025375
v 0.030584 0.007987 0.022643
v 0.031255 0.008058 0.025623
v 0.031466 0.008205 0.025535
v -0.015890 0.023964 -0.034783
v -0.016823 0.024355 -0.035173
v -0.016860 0.023997 -0.034683
v 0.031564 0.007919 0.028727
v 0.030857 0.007780 0.027356
v 0.030626 0.007652 0.029009
v -0.017811 0.024160 -0.034740
v -0.016860 0.023997 -0.034683
v -0.016823 0.024355 -0.035173
v -0.039175 0.023771 0.019085
v -0.038704 0.023874 0.019386
v -0.038230 0.024370 0.017722
v 0.029915 0.007780 0.022860
v 0.024777 0.007492 0.020769
v 0.029560 0.007617 0.026160
v -0.039221 0.024136 0.017205
v -0.039175 0.023771 0.019085
v -0.038230 0.024370 0.017722
v 0.031255 0.008058 0.025623
v 0.029560 0.007617 0.026160
v 0.030857 0.007780 0.027356
v -0.017123 0.024980 -0.036673
v -0.017339 0.025000 -0.036656
v -0.016823 0.024355 -0.035173
v -0.017811 0.024160 -0.034740
v -0.016823 0.024355 -0.035173
v -0.018684 0.024600 -0.035307
v 0.031255 0.008058 0.025623
v 0.029915 0.007780 0.022860
v 0.029560 0.007617 0.026160
v -0.038786 0.024651 0.015477
v -0.038230 0.024370 0.017722
v -0.037006 0.024946 0.016271
v -0.016860 0.023997 -0.034683
v -0.015894 0.023579 -0.034521
v -0.015890 0.023964 -0.034783
v 0.024777 0.007492 0.020769
v 0.027779 0.007498 0.026630
v 0.029560 0.007617 0.026160
v -0.037006 0.024946 0.016271
v -0.035056 0.024540 0.019366
v -0.034377 0.025001 0.017410
v 0.024777 0.007492 0.020769
v 0.014758 0.006968 0.033486
v 0.027779 0.007498 0.026630
v -0.016823 0.024355 -0.035173
v -0.015890 0.023964 -0.034783
v -0.015834 0.024666 -0.035962
v -0.015791 0.022659 -0.036742
v -0.015793 0.023773 -0.036740
v -0.015890 0.023964 -0.034783
v -0.015791 0.022659 -0.036742
v -0.015890 0.023964 -0.034783
v -0.015894 0.023579 -0.034521
v 0.033863 0.008393 0.037519
v 0.034259 0.010532 0.036997
v 0.033446 0.008823 0.034585
v -0.034377 0.025001 0.017410
v -0.035652 0.025476 0.014649
v -0.037006 0.024946 0.016271
v 0.033863 0.008393 0.037519
v 0.033446 0.008823 0.034585
v 0.033664 0.008030 0.037371
v -0.035056 0.024540 0.019366
v -0.037006 0.024946 0.016271
v -0.038230 0.024370 0.017722
v -0.015834 0.024666 -0.035962
v -0.015890 0.023964 -0.034783
v -0.015793 0.023773 -0.036740
v -0.015785 0.022373 -0.036742
v -0.015791 0.022659 -0.036742
v -0.015894 0.023579 -0.034521
v -0.035056 0.024540 0.019366
v -0.038230 0.024370 0.017722
v -0.038704 0.023874 0.019386
v -0.015894 0.023579 -0.034521
v -0.015844 0.021965 -0.034182
v -0.015785 0.022373 -0.036742
v -0.015754 0.021520 -0.036745
v -0.015785 0.022373 -0.036742
v -0.015844 0.021965 -0.034182
v -0.040712 0.023044 0.018359
v -0.040348 0.022967 0.020081
v -0.039175 0.023771 0.019085
v -0.015844 0.021965 -0.034182
v -0.015755 0.020049 -0.036747
v -0.015754 0.021520 -0.036745
v -0.039175 0.023771 0.019085
v -0.039221 0.024136 0.017205
v -0.040712 0.023044 0.018359
v -0.015755 0.020049 -0.036747
v -0.015661 0.017661 -0.033449
v -0.015743 0.019773 -0.036748
v -0.039221 0.024136 0.017205
v -0.038230 0.024370 0.017722
v -0.038786 0.024651 0.015477
v -0.040200 0.024045 0.014976
v -0.039221 0.024136 0.017205
v -0.038786 0.024651 0.015477
v -0.015754 0.021520 -0.036745
v -0.015755 0.020049 -0.036747
v -0.007928 0.022539 -0.037136
v -0.015743 0.019773 -0.036748
v -0.007928 0.022539 -0.037136
v -0.015755 0.020049 -0.036747
v -0.007928 0.022539 -0.037136
v -0.015743 0.019773 -0.036748
v -0.015742 0.019748 -0.036748
v 0.031907 0.007800 0.031742
v 0.031564 0.007919 0.028727
v 0.030626 0.007652 0.029009
v -0.038704 0.023874 0.019386
v -0.039175 0.023771 0.019085
v -0.039528 0.022895 0.022331
v 0.033635 0.009726 0.034288
v 0.033012 0.009175 0.031356
v 0.032735 0.008444 0.031576
v 0.032735 0.008444 0.031576
v 0.032904 0.007957 0.034566
v 0.033446 0.008823 0.034585
v 0.032904 0.007957 0.034566
v 0.032735 0.008444 0.031576
v 0.031907 0.007800 0.031742
v -0.014247 0.016079 -0.036710
v -0.010513 0.017355 -0.036933
v -0.015739 0.019680 -0.036746
v 0.028857 0.010535 -0.021794
v 0.028621 0.009661 -0.023009
v 0.028535 0.009516 -0.022865
v -0.015661 0.017661 -0.033449
v -0.017806 0.021645 -0.033947
v -0.017130 0.016818 -0.033118
v -0.040712 0.023044 0.018359
v -0.041643 0.022128 0.018371
v -0.040348 0.022967 0.020081
v 0.028857 0.010535 -0.021794
v 0.028812 0.010397 -0.023337
v 0.028699 0.009862 -0.023145
v -0.040712 0.023044 0.018359
v -0.041354 0.022754 0.016637
v -0.041643 0.022128 0.018371
v 0.028699 0.009862 -0.023145
v 0.028621 0.009661 -0.023009
v 0.028857 0.010535 -0.021794
v -0.017806 0.021645 -0.033947
v -0.015661 0.017661 -0.033449
v -0.015844 0.021965 -0.034182
v -0.040712 0.023044 0.018359
v -0.039221 0.024136 0.017205
v -0.041354 0.022754 0.016637
v -0.040200 0.024045 0.014976
v -0.041354 0.022754 0.016637
v -0.039221 0.024136 0.017205
v -0.017806 0.021645 -0.033947
v -0.020431 0.017922 -0.033139
v -0.017130 0.016818 -0.033118
v -0.015739 0.019680 -0.036746
v -0.015742 0.019748 -0.036748
v -0.015661 0.017661 -0.033449
v -0.042758 0.020583 0.017114
v -0.041643 0.022128 0.018371
v -0.041354 0.022754 0.016637
v -0.015844 0.021965 -0.034182
v -0.015661 0.017661 -0.033449
v -0.015755 0.020049 -0.036747
v -0.041643 0.022128 0.018371
v -0.042902 0.019921 0.019106
v -0.042064 0.021197 0.020229
v -0.041354 0.022754 0.016637
v -0.041553 0.022817 0.014866
v -0.042195 0.021898 0.014993
v 0.028229 0.009178 -0.020752
v 0.028336 0.009241 -0.020929
v 0.026669 0.008802 -0.020927
v -0.015661 0.017661 -0.033449
v -0.015670 0.018088 -0.036706
v -0.015739 0.019680 -0.036746
v -0.015742 0.019748 -0.036748
v -0.015743 0.019773 -0.036748
v -0.015661 0.017661 -0.033449
v 0.028336 0.009241 -0.020929
v 0.028058 0.009191 -0.022063
v 0.026669 0.008802 -0.020927
v 0.028292 0.009320 -0.022447
v 0.027216 0.009098 -0.023860
v 0.028058 0.009191 -0.022063
v 0.027216 0.009098 -0.023860
v 0.026669 0.008802 -0.020927
v 0.028058 0.009191 -0.022063
v -0.042758 0.020583 0.017114
v -0.042902 0.019921 0.019106
v -0.041643 0.022128 0.018371
v 0.012816 0.011498 -0.036107
v 0.011691 0.009863 -0.035008
v 0.012897 0.010239 -0.035412
v 0.012897 0.010239 -0.035412
v 0.011691 0.009863 -0.035008
v 0.012106 0.009325 -0.033797
v 0.028857 0.010535 -0.021794
v 0.028292 0.009320 -0.022447
v 0.028725 0.009779 -0.021575
v -0.042888 0.019544 0.020974
v -0.042064 0.021197 0.020229
v -0.042902 0.019921 0.019106
v 0.028292 0.009320 -0.022447
v 0.028386 0.009377 -0.022607
v 0.027216 0.009098 -0.023860
v 0.013342 0.009847 -0.034877
v 0.013285 0.009444 -0.033981
v 0.013809 0.009817 -0.034749
v 0.013644 0.010832 -0.035806
v 0.013342 0.009847 -0.034877
v 0.013809 0.009817 -0.034749
v 0.028857 0.010535 -0.021794
v 0.028535 0.009516 -0.022865
v 0.028386 0.009377 -0.022607
v 0.013644 0.010832 -0.035806
v 0.012897 0.010239 -0.035412
v 0.013342 0.009847 -0.034877
v -0.042758 0.020583 0.017114
v -0.041354 0.022754 0.016637
v -0.042195 0.021898 0.014993
v 0.012106 0.009325 -0.033797
v 0.013285 0.009444 -0.033981
v 0.013342 0.009847 -0.034877
v 0.028857 0.010535 -0.021794
v 0.028386 0.009377 -0.022607
v 0.028292 0.009320 -0.022447
v -0.042195 0.021898 0.014993
v -0.041988 0.022480 0.013053
v -0.042736 0.021171 0.013230
v 0.012897 0.010239 -0.035412
v 0.012106 0.009325 -0.033797
v 0.013342 0.009847 -0.034877
v 0.015194 0.009283 -0.033115
v 0.015320 0.012985 -0.031274
v 0.015231 0.009445 -0.033578
v 0.028292 0.009320 -0.022447
v 0.028058 0.009191 -0.022063
v 0.028725 0.009779 -0.021575
v 0.015198 0.011827 -0.030023
v 0.015320 0.012985 -0.031274
v 0.015160 0.009106 -0.032587
v -0.042758 0.020583 0.017114
v -0.042195 0.021898 0.014993
v -0.043922 0.018354 0.014141
v 0.028426 0.009298 -0.021078
v 0.028542 0.009404 -0.021271
v 0.028058 0.009191 -0.022063
v 0.028058 0.009191 -0.022063
v 0.028336 0.009241 -0.020929
v 0.028426 0.009298 -0.021078
v 0.028058 0.009191 -0.022063
v 0.028542 0.009404 -0.021271
v 0.028725 0.009779 -0.021575
v -0.043922 0.018354 0.014141
v -0.042195 0.021898 0.014993
v -0.042736 0.021171 0.013230
v 0.012589 0.008881 -0.032141
v 0.011851 0.009147 -0.033338
v 0.010781 0.008900 -0.032599
v -0.042758 0.020583 0.017114
v -0.044394 0.016927 0.015948
v -0.042902 0.019921 0.019106
v 0.033012 0.009175 0.031356
v 0.032337 0.008685 0.028405
v 0.032018 0.008229 0.028576
v 0.028691 0.009603 -0.019850
v 0.028336 0.009241 -0.020929
v 0.028229 0.009178 -0.020752
v 0.015008 0.008752 -0.030160
v 0.015093 0.011025 -0.028836
v 0.015105 0.008901 -0.031751
v 0.031564 0.007919 0.028727
v 0.031907 0.007800 0.031742
v 0.032735 0.008444 0.031576
v 0.033012 0.009175 0.031356
v 0.032018 0.008229 0.028576
v 0.032735 0.008444 0.031576
v -0.019433 0.025018 -0.036345
v -0.019826 0.025026 -0.036291
v -0.019528 0.024879 -0.035787
v 0.026669 0.008802 -0.020927
v 0.027242 0.008728 -0.018218
v 0.028211 0.009075 -0.019082
v 0.029560 0.007617 0.026160
v 0.027779 0.007498 0.026630
v 0.029883 0.007549 0.029233
v 0.026669 0.008802 -0.020927
v 0.028211 0.009075 -0.019082
v 0.028360 0.009166 -0.019315
v 0.026669 0.008802 -0.020927
v 0.028360 0.009166 -0.019315
v 0.028041 0.009077 -0.020470
v 0.027779 0.007498 0.026630
v 0.027000 0.007411 0.030021
v 0.029883 0.007549 0.029233
v 0.026669 0.008802 -0.020927
v 0.028041 0.009077 -0.020470
v 0.028229 0.009178 -0.020752
v 0.030731 0.007524 0.032051
v 0.027000 0.007411 0.030021
v 0.027598 0.007350 0.032973
v 0.028691 0.009603 -0.019850
v 0.028826 0.010229 -0.020068
v 0.028336 0.009241 -0.020929
v 0.028826 0.010229 -0.020068
v 0.028857 0.010535 -0.021794
v 0.028725 0.009779 -0.021575
v 0.030857 0.007780 0.027356
v 0.029560 0.007617 0.026160
v 0.029883 0.007549 0.029233
v -0.018519 0.025029 -0.036479
v -0.018864 0.025017 -0.036423
v -0.018589 0.024886 -0.035976
v 0.028725 0.009779 -0.021575
v 0.028542 0.009404 -0.021271
v 0.028826 0.010229 -0.020068
v 0.029883 0.007549 0.029233
v 0.027000 0.007411 0.030021
v 0.030731 0.007524 0.032051
v 0.028426 0.009298 -0.021078
v 0.028826 0.010229 -0.020068
v 0.028542 0.009404 -0.021271
v 0.028826 0.010229 -0.020068
v 0.028426 0.009298 -0.021078
v 0.028336 0.009241 -0.020929
v 0.029883 0.007549 0.029233
v 0.030731 0.007524 0.032051
v 0.030626 0.007652 0.029009
v 0.031907 0.007800 0.031742
v 0.030626 0.007652 0.029009
v 0.030731 0.007524 0.032051
v 0.028041 0.009077 -0.020470
v 0.028691 0.009603 -0.019850
v 0.028229 0.009178 -0.020752
v -0.018589 0.024886 -0.035976
v -0.018995 0.025014 -0.036406
v -0.019528 0.024879 -0.035787
v -0.019433 0.025018 -0.036345
v -0.019528 0.024879 -0.035787
v -0.018995 0.025014 -0.036406
v 0.029883 0.007549 0.029233
v 0.030626 0.007652 0.029009
v 0.030857 0.007780 0.027356
v 0.033301 0.007709 0.037233
v 0.033446 0.008823 0.034585
v 0.032904 0.007957 0.034566
v 0.028360 0.009166 -0.019315
v 0.028553 0.009328 -0.019629
v 0.028041 0.009077 -0.020470
v -0.021771 0.026143 -0.035940
v -0.018864 0.025017 -0.036423
v -0.021290 0.028598 -0.035986
v 0.031324 0.007441 0.034794
v 0.027598 0.007350 0.032973
v 0.027136 0.007236 0.036035
v 0.027136 0.007236 0.036035
v 0.030684 0.007213 0.037651
v 0.031324 0.007441 0.034794
v 0.028691 0.009603 -0.019850
v 0.028041 0.009077 -0.020470
v 0.028553 0.009328 -0.019629
v -0.018995 0.025014 -0.036406
v -0.018589 0.024886 -0.035976
v -0.018864 0.025017 -0.036423
v -0.021771 0.026143 -0.035940
v -0.019826 0.025026 -0.036291
v -0.019433 0.025018 -0.036345
v -0.021771 0.026143 -0.035940
v -0.019433 0.025018 -0.036345
v -0.018995 0.025014 -0.036406
v -0.021771 0.026143 -0.035940
v -0.018995 0.025014 -0.036406
v -0.018864 0.025017 -0.036423
v 0.028805 0.010156 -0.018290
v 0.028919 0.014904 -0.020632
v 0.028826 0.010229 -0.020068
v 0.031324 0.007441 0.034794
v 0.032904 0.007957 0.034566
v 0.031907 0.007800 0.031742
v -0.020346 0.024923 -0.036227
v -0.021771 0.026143 -0.035940
v -0.020752 0.025024 -0.036164
v -0.019826 0.025026 -0.036291
v -0.021771 0.026143 -0.035940
v -0.020346 0.024923 -0.036227
v 0.030731 0.007524 0.032051
v 0.027598 0.007350 0.032973
v 0.031324 0.007441 0.034794
v 0.030731 0.007524 0.032051
v 0.031324 0.007441 0.034794
v 0.031907 0.007800 0.031742
v 0.033301 0.007709 0.037233
v 0.032904 0.007957 0.034566
v 0.032714 0.007468 0.037197
v 0.031324 0.007441 0.034794
v 0.030684 0.007213 0.037651
v 0.032714 0.007468 0.037197
v 0.031324 0.007441 0.034794
v 0.032714 0.007468 0.037197
v 0.032904 0.007957 0.034566
v -0.027378 0.008095 -0.002285
v -0.028673 0.008581 -0.000240
v -0.028528 0.008436 -0.000134
v -0.027378 0.008095 -0.002285
v -0.028528 0.008436 -0.000134
v -0.028312 0.008292 -0.000027
v 0.024777 0.007492 0.020769
v 0.006473 0.007220 0.010977
v 0.011388 0.007113 0.022738
v -0.027378 0.008095 -0.002285
v -0.028312 0.008292 -0.000027
v -0.027085 0.007978 0.000237
v -0.028528 0.008436 -0.000134
v -0.029103 0.008964 0.002065
v -0.029016 0.008773 0.002186
v 0.019645 0.034610 -0.037900
v 0.020553 0.034581 -0.038061
v 0.019554 0.034797 -0.038959
v 0.014758 0.006968 0.033486
v 0.024777 0.007492 0.020769
v 0.011388 0.007113 0.022738
v -0.029016 0.008773 0.002186
v -0.028312 0.008292 -0.000027
v -0.028528 0.008436 -0.000134
v -0.029097 0.032218 -0.027720
v -0.028843 0.032637 -0.030109
v -0.030522 0.032479 -0.028031
v 0.016634 0.035119 -0.040087
v 0.016764 0.034847 -0.038251
v 0.018566 0.034919 -0.039591
v -0.028349 0.032036 -0.029367
v -0.028054 0.032378 -0.030664
v -0.028843 0.032637 -0.030109
v 0.020553 0.034581 -0.038061
v 0.022281 0.034477 -0.038876
v 0.020449 0.034703 -0.039327
v -0.028054 0.032378 -0.030664
v -0.028349 0.032036 -0.029367
v -0.027777 0.031364 -0.030568
v 0.018007 0.006755 0.040681
v 0.023274 0.007129 0.036909
v 0.014758 0.006968 0.033486
v 0.023274 0.007129 0.036909
v 0.027136 0.007236 0.036035
v 0.027598 0.007350 0.032973
v 0.020449 0.034703 -0.039327
v 0.019554 0.034797 -0.038959
v 0.020553 0.034581 -0.038061
v -0.028054 0.032378 -0.030664
v -0.027777 0.031364 -0.030568
v -0.027444 0.032422 -0.031718
v 0.019554 0.034797 -0.038959
v 0.018566 0.034919 -0.039591
v 0.017769 0.034641 -0.037730
v 0.014758 0.006968 0.033486
v 0.023274 0.007129 0.036909
v 0.027598 0.007350 0.032973
v 0.027000 0.007411 0.030021
v 0.014758 0.006968 0.033486
v 0.027598 0.007350 0.032973
v 0.023274 0.007129 0.036909
v 0.026277 0.007081 0.038970
v 0.027136 0.007236 0.036035
v 0.027000 0.007411 0.030021
v 0.027779 0.007498 0.026630
v 0.014758 0.006968 0.033486
v -0.032984 0.032453 -0.030906
v -0.034082 0.031984 -0.029689
v -0.031262 0.032536 -0.028662
v -0.031262 0.032536 -0.028662
v -0.032325 0.032631 -0.031087
v -0.032984 0.032453 -0.030906
v 0.019462 0.034758 -0.040159
v 0.019554 0.034797 -0.038959
v 0.020449 0.034703 -0.039327
v 0.023913 0.004880 0.025851
v 0.023913 0.006533 -0.024535
v 0.023913 0.000000 0.025670
v 0.018566 0.034919 -0.039591
v 0.016764 0.034847 -0.038251
v 0.017769 0.034641 -0.037730
v 0.019462 0.034758 -0.040159
v 0.018566 0.034919 -0.039591
v 0.019554 0.034797 -0.038959
v 0.043367 0.009754 0.036601
v 0.042607 0.011866 0.036169
v 0.042204 0.010622 0.037776
v 0.021287 0.034408 -0.040252
v 0.019462 0.034758 -0.040159
v 0.020449 0.034703 -0.039327
v 0.019462 0.034758 -0.040159
v 0.018930 0.034374 -0.041310
v 0.018566 0.034919 -0.039591
v 0.016634 0.035119 -0.040087
v 0.018566 0.034919 -0.039591
v 0.017310 0.034911 -0.040780
v 0.018930 0.034374 -0.041310
v 0.017310 0.034911 -0.040780
v 0.018566 0.034919 -0.039591
v 0.015824 0.034770 -0.037913
v 0.016634 0.035119 -0.040087
v 0.014788 0.035147 -0.039028
v 0.014788 0.035147 -0.039028
v 0.015658 0.035175 -0.040554
v 0.014229 0.035288 -0.040753
v -0.032984 0.032453 -0.030906
v -0.033842 0.032062 -0.030758
v -0.034082 0.031984 -0.029689
v 0.014229 0.035288 -0.040753
v 0.013808 0.035296 -0.039501
v 0.014788 0.035147 -0.039028
v -0.035001 0.031230 -0.029534
v -0.034777 0.031538 -0.029164
v -0.034082 0.031984 -0.029689
v -0.034682 0.031364 -0.030429
v -0.035001 0.031230 -0.029534
v -0.034082 0.031984 -0.029689
v 0.043046 0.007283 0.038095
v 0.041945 0.004917 0.040358
v 0.044195 0.003726 0.037659
v 0.042204 0.010622 0.037776
v 0.041376 0.009629 0.039268
v 0.043046 0.007283 0.038095
v -0.033842 0.032062 -0.030758
v -0.034682 0.031364 -0.030429
v -0.034082 0.031984 -0.029689
v 0.043046 0.007283 0.038095
v 0.043630 0.007954 0.036997
v 0.042204 0.010622 0.037776
v 0.012908 0.035081 -0.038527
v 0.012851 0.035393 -0.039762
v 0.011916 0.035409 -0.039610
v 0.041945 0.004917 0.040358
v 0.043663 0.002798 0.038868
v 0.044195 0.003726 0.037659
v 0.045020 0.000000 0.037557
v 0.043663 0.002798 0.038868
v 0.043718 0.000000 0.039816
v 0.011916 0.035409 -0.039610
v 0.012828 0.035433 -0.040357
v 0.011878 0.035473 -0.040796
v 0.044195 0.003726 0.037659
v 0.043663 0.002798 0.038868
v 0.045020 0.000000 0.037557
v 0.011916 0.035409 -0.039610
v 0.012851 0.035393 -0.039762
v 0.012828 0.035433 -0.040357
v 0.014229 0.035288 -0.040753
v 0.012828 0.035433 -0.040357
v 0.012851 0.035393 -0.039762
v 0.042607 0.011866 0.036169
v 0.040910 0.013138 0.037572
v 0.042204 0.010622 0.037776
v 0.014229 0.035288 -0.040753
v 0.012851 0.035393 -0.039762
v 0.013808 0.035296 -0.039501
v 0.011878 0.035473 -0.040796
v 0.010498 0.035556 -0.040175
v 0.011916 0.035409 -0.039610
v -0.029103 0.008964 0.002065
v -0.028528 0.008436 -0.000134
v -0.029235 0.009372 0.001837
v -0.028779 0.008725 -0.000342
v -0.027378 0.008095 -0.002285
v -0.028103 0.008305 -0.002465
v 0.015658 0.035175 -0.040554
v 0.014788 0.035147 -0.039028
v 0.016634 0.035119 -0.040087
v -0.028779 0.008725 -0.000342
v -0.028673 0.008581 -0.000240
v -0.027378 0.008095 -0.002285
v -0.028673 0.008581 -0.000240
v -0.028779 0.008725 -0.000342
v -0.029235 0.009372 0.001837
v -0.028528 0.008436 -0.000134
v -0.028673 0.008581 -0.000240
v -0.029235 0.009372 0.001837
v 0.036969 0.017973 0.038254
v 0.035899 0.018028 0.038654
v 0.036461 0.017786 0.038829
v 0.013808 0.035296 -0.039501
v 0.012851 0.035393 -0.039762
v 0.012908 0.035081 -0.038527
v 0.014788 0.035147 -0.039028
v 0.013913 0.034666 -0.037645
v 0.014880 0.034621 -0.037579
v 0.028805 0.010156 -0.018290
v 0.028826 0.010229 -0.020068
v 0.028691 0.009603 -0.019850
v 0.011999 0.034745 -0.037760
v 0.012908 0.035081 -0.038527
v 0.011916 0.035409 -0.039610
v 0.014788 0.035147 -0.039028
v 0.013808 0.035296 -0.039501
v 0.013913 0.034666 -0.037645
v 0.016634 0.035119 -0.040087
v 0.015824 0.034770 -0.037913
v 0.016764 0.034847 -0.038251
v 0.014788 0.035147 -0.039028
v 0.014880 0.034621 -0.037579
v 0.015824 0.034770 -0.037913
v 0.028775 0.010095 -0.016418
v 0.028919 0.014904 -0.020632
v 0.028805 0.010156 -0.018290
v 0.013913 0.034666 -0.037645
v 0.012908 0.035081 -0.038527
v 0.012930 0.034923 -0.038111
v 0.028775 0.010095 -0.016418
v 0.028805 0.010156 -0.018290
v 0.028712 0.009633 -0.018146
v 0.028775 0.010095 -0.016418
v 0.028712 0.009633 -0.018146
v 0.028647 0.009437 -0.018042
v -0.031542 0.023899 0.018852
v -0.032173 0.024026 0.020868
v -0.031500 0.023180 0.019080
v 0.028712 0.009633 -0.018146
v 0.028805 0.010156 -0.018290
v 0.028360 0.009166 -0.019315
v -0.031542 0.023899 0.018852
v -0.031740 0.024451 0.018612
v -0.032173 0.024026 0.020868
v 0.028805 0.010156 -0.018290
v 0.028691 0.009603 -0.019850
v 0.028553 0.009328 -0.019629
v 0.028553 0.009328 -0.019629
v 0.028360 0.009166 -0.019315
v 0.028805 0.010156 -0.018290
v 0.013913 0.034666 -0.037645
v 0.014422 0.034315 -0.037240
v 0.014880 0.034621 -0.037579
v 0.013913 0.034666 -0.037645
v 0.012930 0.034923 -0.038111
v 0.012974 0.034373 -0.037335
v 0.013808 0.035296 -0.039501
v 0.012908 0.035081 -0.038527
v 0.013913 0.034666 -0.037645
v -0.033559 0.023976 0.022374
v -0.032589 0.024312 0.020567
v -0.033158 0.024437 0.020268
v -0.032173 0.024026 0.020868
v -0.032589 0.024312 0.020567
v -0.033559 0.023976 0.022374
v -0.032173 0.024026 0.020868
v -0.031740 0.024451 0.018612
v -0.032589 0.024312 0.020567
v 0.011999 0.034745 -0.037760
v 0.012974 0.034373 -0.037335
v 0.012930 0.034923 -0.038111
v -0.032173 0.024026 0.020868
v -0.033559 0.023976 0.022374
v -0.033006 0.023862 0.022707
v 0.011999 0.034745 -0.037760
v 0.012930 0.034923 -0.038111
v 0.012908 0.035081 -0.038527
v -0.033559 0.023976 0.022374
v -0.033950 0.023510 0.024391
v -0.033006 0.023862 0.022707
v -0.036296 0.024065 0.020889
v -0.033559 0.023976 0.022374
v -0.033158 0.024437 0.020268
v -0.036296 0.024065 0.020889
v -0.036607 0.023584 0.022781
v -0.033559 0.023976 0.022374
v -0.033559 0.023976 0.022374
v -0.036607 0.023584 0.022781
v -0.033950 0.023510 0.024391
v 0.027242 0.008728 -0.018218
v 0.028229 0.009004 -0.017389
v 0.028368 0.009098 -0.017603
v 0.027624 0.008735 -0.016785
v 0.028229 0.009004 -0.017389
v 0.027242 0.008728 -0.018218
v -0.031500 0.023180 0.019080
v -0.031987 0.023506 0.021168
v -0.031954 0.022831 0.021464
v 0.027624 0.008735 -0.016785
v 0.027242 0.008728 -0.018218
v 0.026463 0.008609 -0.018003
v -0.031954 0.022831 0.021464
v -0.032434 0.023111 0.023426
v -0.032415 0.022479 0.023806
v -0.031954 0.022831 0.021464
v -0.032605 0.023597 0.023056
v -0.032434 0.023111 0.023426
v 0.007295 0.035191 -0.038564
v 0.007319 0.034519 -0.037600
v 0.008239 0.034852 -0.037931
v -0.031987 0.023506 0.021168
v -0.032605 0.023597 0.023056
v -0.031954 0.022831 0.021464
v 0.028692 0.009576 -0.016289
v 0.028775 0.010095 -0.016418
v 0.028368 0.009098 -0.017603
v -0.031500 0.023180 0.019080
v -0.032173 0.024026 0.020868
v -0.031987 0.023506 0.021168
v 0.027242 0.008728 -0.018218
v 0.028368 0.009098 -0.017603
v 0.028551 0.009262 -0.017891
v 0.009157 0.035059 -0.038296
v 0.009183 0.034484 -0.037530
v 0.010108 0.034805 -0.037856
v -0.031987 0.023506 0.021168
v -0.032173 0.024026 0.020868
v -0.032605 0.023597 0.023056
v 0.028211 0.009075 -0.019082
v 0.027242 0.008728 -0.018218
v 0.028551 0.009262 -0.017891
v 0.011067 0.034436 -0.037444
v 0.011999 0.034745 -0.037760
v 0.011034 0.035000 -0.038213
v 0.011916 0.035409 -0.039610
v 0.011034 0.035000 -0.038213
v 0.011999 0.034745 -0.037760
v 0.010108 0.034805 -0.037856
v 0.011067 0.034436 -0.037444
v 0.011034 0.035000 -0.038213
v 0.028211 0.009075 -0.019082
v 0.028551 0.009262 -0.017891
v 0.028647 0.009437 -0.018042
v 0.028775 0.010095 -0.016418
v 0.028647 0.009437 -0.018042
v 0.028551 0.009262 -0.017891
v -0.032605 0.023597 0.023056
v -0.033006 0.023862 0.022707
v -0.033950 0.023510 0.024391
v 0.028551 0.009262 -0.017891
v 0.028368 0.009098 -0.017603
v 0.028775 0.010095 -0.016418
v -0.033006 0.023862 0.022707
v -0.032605 0.023597 0.023056
v -0.032173 0.024026 0.020868
v -0.033950 0.023510 0.024391
v -0.033415 0.023407 0.024760
v -0.032605 0.023597 0.023056
v -0.020924 0.025065 -0.036127
v -0.020471 0.024885 -0.035603
v -0.020752 0.025024 -0.036164
v -0.033950 0.023510 0.024391
v -0.034327 0.023042 0.026307
v -0.033415 0.023407 0.024760
v 0.028229 0.009004 -0.017389
v 0.028692 0.009576 -0.016289
v 0.028368 0.009098 -0.017603
v -0.022221 0.025060 -0.035810
v -0.022107 0.025063 -0.035855
v -0.021771 0.026143 -0.035940
v -0.022107 0.025063 -0.035855
v -0.022009 0.025075 -0.035894
v -0.021771 0.026143 -0.035940
v -0.021771 0.026143 -0.035940
v -0.022009 0.025075 -0.035894
v -0.021981 0.025079 -0.035905
v -0.021771 0.026143 -0.035940
v -0.021981 0.025079 -0.035905
v -0.021821 0.025090 -0.035938
v -0.033032 0.023163 0.025163
v -0.032877 0.022714 0.025617
v -0.032415 0.022479 0.023806
v -0.021771 0.026143 -0.035940
v -0.021821 0.025090 -0.035938
v -0.020924 0.025065 -0.036127
v -0.020924 0.025065 -0.036127
v -0.020752 0.025024 -0.036164
v -0.021771 0.026143 -0.035940
v -0.032434 0.023111 0.023426
v -0.033032 0.023163 0.025163
v -0.032415 0.022479 0.023806
v 0.028712 0.009633 -0.018146
v 0.028211 0.009075 -0.019082
v 0.028647 0.009437 -0.018042
v -0.032434 0.023111 0.023426
v -0.032605 0.023597 0.023056
v -0.033032 0.023163 0.025163
v 0.028712 0.009633 -0.018146
v 0.028360 0.009166 -0.019315
v 0.028211 0.009075 -0.019082
v 0.027624 0.008735 -0.016785
v 0.026463 0.008609 -0.018003
v 0.023924 0.008303 -0.015484
v -0.033032 0.023163 0.025163
v -0.033415 0.023407 0.024760
v -0.034327 0.023042 0.026307
v 0.027624 0.008735 -0.016785
v 0.023924 0.008303 -0.015484
v 0.027515 0.008615 -0.014964
v -0.033032 0.023163 0.025163
v -0.032605 0.023597 0.023056
v -0.033415 0.023407 0.024760
v -0.018807 0.023870 -0.034350
v -0.019762 0.024096 -0.034378
v -0.019800 0.022783 -0.033902
v -0.034327 0.023042 0.026307
v -0.033808 0.022952 0.026707
v -0.033032 0.023163 0.025163
v 0.028784 0.013380 -0.012993
v 0.028919 0.014904 -0.020632
v 0.028775 0.010095 -0.016418
v -0.019762 0.024096 -0.034378
v -0.020638 0.024484 -0.034761
v -0.020751 0.023935 -0.034149
v -0.020471 0.024885 -0.035603
v -0.020638 0.024484 -0.034761
v -0.019762 0.024096 -0.034378
v -0.036378 0.022618 0.026899
v -0.034327 0.023042 0.026307
v -0.036351 0.023103 0.024972
v 0.028692 0.009576 -0.016289
v 0.028542 0.009205 -0.016059
v 0.028738 0.009900 -0.015400
v 0.028738 0.009900 -0.015400
v 0.028542 0.009205 -0.016059
v 0.028446 0.009098 -0.015911
v -0.036351 0.023103 0.024972
v -0.034327 0.023042 0.026307
v -0.033950 0.023510 0.024391
v 0.028692 0.009576 -0.016289
v 0.028738 0.009900 -0.015400
v 0.028775 0.010095 -0.016418
v 0.012589 0.008881 -0.032141
v 0.014538 0.008921 -0.032097
v 0.013285 0.009444 -0.033981
v 0.035652 0.019368 0.036768
v 0.035376 0.017848 0.038215
v 0.035899 0.018028 0.038654
v 0.012106 0.009325 -0.033797
v 0.011691 0.009863 -0.035008
v 0.011851 0.009147 -0.033338
v 0.035376 0.017848 0.038215
v 0.035436 0.016599 0.039196
v 0.035899 0.018028 0.038654
v 0.012106 0.009325 -0.033797
v 0.011851 0.009147 -0.033338
v 0.012589 0.008881 -0.032141
v 0.012589 0.008881 -0.032141
v 0.013285 0.009444 -0.033981
v 0.012106 0.009325 -0.033797
v 0.041460 0.014505 0.035390
v 0.039143 0.016775 0.037201
v 0.039948 0.014561 0.037787
v 0.014538 0.008921 -0.032097
v 0.013809 0.009817 -0.034749
v 0.013285 0.009444 -0.033981
v 0.027624 0.008735 -0.016785
v 0.028346 0.009019 -0.015757
v 0.028446 0.009098 -0.015911
v 0.037630 0.016429 0.039167
v 0.036553 0.015849 0.040332
v 0.038251 0.015183 0.039332
v 0.038251 0.015183 0.039332
v 0.038130 0.016797 0.038359
v 0.037630 0.016429 0.039167
v 0.015322 0.009873 -0.034691
v 0.014803 0.010107 -0.035182
v 0.015231 0.009445 -0.033578
v 0.038130 0.016797 0.038359
v 0.038251 0.015183 0.039332
v 0.039948 0.014561 0.037787
v 0.015105 0.008901 -0.031751
v 0.015122 0.008961 -0.031995
v 0.014538 0.008921 -0.032097
v 0.015160 0.009106 -0.032587
v 0.014538 0.008921 -0.032097
v 0.015122 0.008961 -0.031995
v 0.015164 0.009125 -0.032663
v 0.014538 0.008921 -0.032097
v 0.015160 0.009106 -0.032587
v 0.038130 0.016797 0.038359
v 0.039948 0.014561 0.037787
v 0.039143 0.016775 0.037201
v 0.027624 0.008735 -0.016785
v 0.027515 0.008615 -0.014964
v 0.028240 0.008941 -0.015600
v 0.015231 0.009445 -0.033578
v 0.014538 0.008921 -0.032097
v 0.015194 0.009283 -0.033115
v 0.015164 0.009125 -0.032663
v 0.015194 0.009283 -0.033115
v 0.014538 0.008921 -0.032097
v 0.039912 0.012741 0.039098
v 0.040910 0.013138 0.037572
v 0.039948 0.014561 0.037787
v 0.039948 0.014561 0.037787
v 0.040910 0.013138 0.037572
v 0.041460 0.014505 0.035390
v 0.028240 0.008941 -0.015600
v 0.028346 0.009019 -0.015757
v 0.027624 0.008735 -0.016785
v 0.038130 0.016797 0.038359
v 0.039143 0.016775 0.037201
v 0.037747 0.017949 0.037502
v 0.028738 0.009900 -0.015400
v 0.028240 0.008941 -0.015600
v 0.028672 0.009532 -0.014340
v 0.027624 0.008735 -0.016785
v 0.028446 0.009098 -0.015911
v 0.028542 0.009205 -0.016059
v 0.010996 0.010063 -0.035338
v 0.012816 0.011498 -0.036107
v 0.011029 0.011677 -0.036253
v 0.010074 0.010837 -0.035968
v 0.009024 0.011203 -0.036166
v 0.009832 0.010310 -0.035635
v 0.010074 0.010837 -0.035968
v 0.009832 0.010310 -0.035635
v 0.010996 0.010063 -0.035338
v 0.038918 0.014237 0.039194
v 0.038251 0.015183 0.039332
v 0.037265 0.013584 0.040964
v 0.010996 0.010063 -0.035338
v 0.010053 0.009831 -0.035056
v 0.011851 0.009147 -0.033338
v 0.010996 0.010063 -0.035338
v 0.011851 0.009147 -0.033338
v 0.011691 0.009863 -0.035008
v 0.010053 0.009831 -0.035056
v 0.009127 0.010048 -0.035415
v 0.009629 0.009433 -0.034248
v -0.029016 0.008773 0.002186
v -0.028916 0.008613 0.002290
v -0.028312 0.008292 -0.000027
v 0.008189 0.009479 -0.034441
v 0.009629 0.009433 -0.034248
v 0.009127 0.010048 -0.035415
v -0.028916 0.008613 0.002290
v -0.028774 0.008452 0.002396
v -0.028312 0.008292 -0.000027
v 0.008189 0.009479 -0.034441
v 0.007934 0.008913 -0.032938
v 0.009629 0.009433 -0.034248
v 0.039948 0.014561 0.037787
v 0.038251 0.015183 0.039332
v 0.038918 0.014237 0.039194
v 0.037630 0.016429 0.039167
v 0.038130 0.016797 0.038359
v 0.036969 0.017973 0.038254
v 0.009832 0.010310 -0.035635
v 0.009024 0.011203 -0.036166
v 0.009127 0.010048 -0.035415
v 0.038130 0.016797 0.038359
v 0.037747 0.017949 0.037502
v 0.036969 0.017973 0.038254
v -0.028231 0.008141 0.002620
v -0.028633 0.008176 0.005217
v -0.028303 0.008058 0.005306
v 0.011851 0.009147 -0.033338
v 0.010053 0.009831 -0.035056
v 0.009629 0.009433 -0.034248
v 0.038251 0.015183 0.039332
v 0.036553 0.015849 0.040332
v 0.036574 0.014601 0.040895
v 0.010996 0.010063 -0.035338
v 0.009832 0.010310 -0.035635
v 0.010053 0.009831 -0.035056
v 0.036527 0.016965 0.039609
v 0.036553 0.015849 0.040332
v 0.037630 0.016429 0.039167
v -0.045556 0.014973 -0.007367
v -0.044101 0.017273 -0.007562
v -0.044379 0.016469 -0.009036
v 0.035995 0.016225 0.040149
v 0.036553 0.015849 0.040332
v 0.036527 0.016965 0.039609
v 0.008202 0.010190 -0.035605
v 0.007741 0.010413 -0.035810
v 0.007275 0.009858 -0.035226
v 0.036527 0.016965 0.039609
v 0.035899 0.018028 0.038654
v 0.035995 0.016225 0.040149
v -0.047069 0.013244 -0.005581
v -0.045556 0.014973 -0.007367
v -0.046600 0.013478 -0.009410
v 0.007275 0.009858 -0.035226
v 0.008189 0.009479 -0.034441
v 0.008202 0.010190 -0.035605
v -0.046600 0.013478 -0.009410
v -0.047930 0.012050 -0.008130
v -0.047069 0.013244 -0.005581
v 0.036527 0.016965 0.039609
v 0.036461 0.017786 0.038829
v 0.035899 0.018028 0.038654
v 0.037630 0.016429 0.039167
v 0.036969 0.017973 0.038254
v 0.036461 0.017786 0.038829
v 0.036461 0.017786 0.038829
v 0.036527 0.016965 0.039609
v 0.037630 0.016429 0.039167
v -0.019762 0.024096 -0.034378
v -0.018807 0.023870 -0.034350
v -0.018684 0.024600 -0.035307
v -0.045597 0.014482 -0.010866
v -0.046600 0.013478 -0.009410
v -0.045556 0.014973 -0.007367
v -0.017811 0.024160 -0.034740
v -0.018684 0.024600 -0.035307
v -0.018807 0.023870 -0.034350
v -0.045556 0.014973 -0.007367
v -0.044379 0.016469 -0.009036
v -0.045597 0.014482 -0.010866
v -0.045597 0.014482 -0.010866
v -0.044379 0.016469 -0.009036
v -0.043962 0.016845 -0.010745
v -0.018684 0.024600 -0.035307
v -0.016823 0.024355 -0.035173
v -0.018589 0.024886 -0.035976
v -0.020471 0.024885 -0.035603
v -0.019762 0.024096 -0.034378
v -0.019528 0.024879 -0.035787
v -0.047380 0.012395 -0.011361
v -0.046600 0.013478 -0.009410
v -0.045597 0.014482 -0.010866
v -0.043081 0.017614 -0.013905
v -0.044657 0.015224 -0.013526
v -0.044120 0.016199 -0.012542
v -0.019826 0.025026 -0.036291
v -0.020471 0.024885 -0.035603
v -0.019528 0.024879 -0.035787
v -0.044120 0.016199 -0.012542
v -0.044657 0.015224 -0.013526
v -0.045597 0.014482 -0.010866
v -0.020346 0.024923 -0.036227
v -0.020752 0.025024 -0.036164
v -0.020471 0.024885 -0.035603
v -0.020346 0.024923 -0.036227
v -0.020471 0.024885 -0.035603
v -0.019826 0.025026 -0.036291
v -0.018684 0.024600 -0.035307
v -0.019528 0.024879 -0.035787
v -0.019762 0.024096 -0.034378
v -0.018589 0.024886 -0.035976
v -0.019528 0.024879 -0.035787
v -0.018684 0.024600 -0.035307
v -0.018807 0.023870 -0.034350
v -0.017844 0.023644 -0.034320
v -0.017811 0.024160 -0.034740
v -0.044657 0.015224 -0.013526
v -0.046895 0.012740 -0.013079
v -0.045597 0.014482 -0.010866
v -0.031262 0.032536 -0.028662
v -0.032905 0.032247 -0.027512
v -0.030522 0.032479 -0.028031
v -0.043081 0.017614 -0.013905
v -0.043736 0.015853 -0.016363
v -0.044657 0.015224 -0.013526
v -0.046613 0.012810 -0.014759
v -0.046895 0.012740 -0.013079
v -0.044657 0.015224 -0.013526
v -0.032905 0.032247 -0.027512
v -0.031262 0.032536 -0.028662
v -0.034082 0.031984 -0.029689
v -0.021765 0.022840 -0.033709
v -0.021698 0.024163 -0.034176
v -0.022694 0.024001 -0.033948
v -0.020751 0.023935 -0.034149
v -0.021698 0.024163 -0.034176
v -0.021765 0.022840 -0.033709
v -0.045597 0.014482 -0.010866
v -0.046895 0.012740 -0.013079
v -0.047380 0.012395 -0.011361
v -0.021629 0.024418 -0.034490
v -0.021698 0.024163 -0.034176
v -0.020751 0.023935 -0.034149
v -0.034082 0.031984 -0.029689
v -0.034777 0.031538 -0.029164
v -0.034142 0.031972 -0.028323
v -0.034142 0.031972 -0.028323
v -0.032905 0.032247 -0.027512
v -0.034082 0.031984 -0.029689
v -0.020751 0.023935 -0.034149
v -0.020638 0.024484 -0.034761
v -0.021629 0.024418 -0.034490
v -0.032905 0.032247 -0.027512
v -0.034142 0.031972 -0.028323
v -0.035023 0.031479 -0.027509
v -0.021629 0.024418 -0.034490
v -0.022481 0.024676 -0.034807
v -0.021698 0.024163 -0.034176
v -0.022481 0.024676 -0.034807
v -0.021629 0.024418 -0.034490
v -0.022221 0.025060 -0.035810
v -0.022107 0.025063 -0.035855
v -0.022221 0.025060 -0.035810
v -0.021629 0.024418 -0.034490
v -0.048395 0.010538 -0.011579
v -0.048225 0.010309 -0.013406
v -0.048542 0.009172 -0.011737
v -0.022221 0.025060 -0.035810
v -0.022880 0.025006 -0.035551
v -0.022481 0.024676 -0.034807
v -0.022009 0.025075 -0.035894
v -0.022107 0.025063 -0.035855
v -0.021629 0.024418 -0.034490
v -0.022009 0.025075 -0.035894
v -0.021629 0.024418 -0.034490
v -0.020638 0.024484 -0.034761
v -0.035481 0.030884 -0.028440
v -0.035592 0.031011 -0.026976
v -0.035023 0.031479 -0.027509
v -0.035023 0.031479 -0.027509
v -0.035023 0.031374 -0.028574
v -0.035481 0.030884 -0.028440
v -0.020471 0.024885 -0.035603
v -0.021821 0.025090 -0.035938
v -0.020638 0.024484 -0.034761
v -0.021981 0.025079 -0.035905
v -0.020638 0.024484 -0.034761
v -0.021821 0.025090 -0.035938
v -0.022009 0.025075 -0.035894
v -0.020638 0.024484 -0.034761
v -0.021981 0.025079 -0.035905
v -0.035023 0.031374 -0.028574
v -0.035023 0.031479 -0.027509
v -0.034142 0.031972 -0.028323
v -0.023634 0.024229 -0.033973
v -0.022694 0.024001 -0.033948
v -0.022481 0.024676 -0.034807
v -0.034142 0.031972 -0.028323
v -0.034777 0.031538 -0.029164
v -0.035023 0.031374 -0.028574
v -0.022694 0.024001 -0.033948
v -0.021698 0.024163 -0.034176
v -0.022481 0.024676 -0.034807
v -0.021821 0.025090 -0.035938
v -0.020471 0.024885 -0.035603
v -0.020924 0.025065 -0.036127
v -0.035478 0.030687 -0.029027
v -0.035481 0.030884 -0.028440
v -0.035023 0.031374 -0.028574
v -0.022221 0.025060 -0.035810
v -0.021771 0.026143 -0.035940
v -0.022880 0.025006 -0.035551
v -0.047698 0.011479 -0.014105
v -0.047726 0.011165 -0.015010
v -0.048225 0.010309 -0.013406
v -0.048123 0.011267 -0.011493
v -0.047698 0.011479 -0.014105
v -0.048225 0.010309 -0.013406
v -0.035478 0.030687 -0.029027
v -0.035023 0.031374 -0.028574
v -0.034777 0.031538 -0.029164
v -0.048123 0.011267 -0.011493
v -0.048225 0.010309 -0.013406
v -0.048395 0.010538 -0.011579
v -0.017844 0.023644 -0.034320
v -0.018802 0.022037 -0.033900
v -0.017806 0.021645 -0.033947
v -0.046895 0.012740 -0.013079
v -0.047698 0.011479 -0.014105
v -0.048123 0.011267 -0.011493
v -0.046895 0.012740 -0.013079
v -0.048123 0.011267 -0.011493
v -0.047380 0.012395 -0.011361
v -0.034777 0.031538 -0.029164
v -0.035001 0.031230 -0.029534
v -0.035478 0.030687 -0.029027
v -0.035001 0.031230 -0.029534
v -0.035189 0.030086 -0.030978
v -0.035478 0.030687 -0.029027
v -0.029290 0.031493 -0.022912
v -0.029196 0.032019 -0.026451
v -0.029859 0.032150 -0.026047
v -0.047930 0.012050 -0.008130
v -0.048646 0.011176 -0.005737
v -0.047069 0.013244 -0.005581
v -0.046600 0.013478 -0.009410
v -0.047380 0.012395 -0.011361
v -0.048306 0.011281 -0.009640
v -0.048306 0.011281 -0.009640
v -0.048123 0.011267 -0.011493
v -0.048395 0.010538 -0.011579
v -0.047380 0.012395 -0.011361
v -0.048123 0.011267 -0.011493
v -0.048306 0.011281 -0.009640
v -0.017844 0.023644 -0.034320
v -0.018807 0.023870 -0.034350
v -0.018802 0.022037 -0.033900
v -0.048306 0.011281 -0.009640
v -0.047930 0.012050 -0.008130
v -0.046600 0.013478 -0.009410
v -0.029196 0.032019 -0.026451
v -0.028635 0.031678 -0.027414
v -0.029097 0.032218 -0.027720
v -0.018802 0.022037 -0.033900
v -0.018807 0.023870 -0.034350
v -0.019800 0.022783 -0.033902
v -0.048646 0.011176 -0.005737
v -0.048876 0.010064 -0.007827
v -0.049111 0.009320 -0.005875
v -0.020751 0.023935 -0.034149
v -0.021765 0.022840 -0.033709
v -0.020779 0.022460 -0.033753
v -0.048646 0.011176 -0.005737
v -0.047930 0.012050 -0.008130
v -0.048876 0.010064 -0.007827
v -0.029859 0.032150 -0.026047
v -0.030573 0.032156 -0.025618
v -0.029290 0.031493 -0.022912
v -0.030912 0.032292 -0.026637
v -0.030573 0.032156 -0.025618
v -0.029859 0.032150 -0.026047
v -0.047930 0.012050 -0.008130
v -0.048655 0.010606 -0.008743
v -0.048876 0.010064 -0.007827
v -0.020779 0.022460 -0.033753
v -0.019800 0.022783 -0.033902
v -0.020751 0.023935 -0.034149
v -0.048765 0.009373 -0.009835
v -0.048395 0.010538 -0.011579
v -0.048542 0.009172 -0.011737
v -0.048765 0.009373 -0.009835
v -0.048306 0.011281 -0.009640
v -0.048395 0.010538 -0.011579
v -0.029196 0.032019 -0.026451
v -0.028790 0.031367 -0.025423
v -0.028635 0.031678 -0.027414
v -0.021765 0.022840 -0.033709
v -0.022641 0.019032 -0.033162
v -0.020779 0.022460 -0.033753
v -0.029290 0.031493 -0.022912
v -0.030573 0.032156 -0.025618
v -0.030593 0.031781 -0.022897
v -0.019762 0.024096 -0.034378
v -0.020751 0.023935 -0.034149
v -0.019800 0.022783 -0.033902
v -0.029097 0.032218 -0.027720
v -0.030522 0.032479 -0.028031
v -0.030912 0.032292 -0.026637
v -0.048876 0.010064 -0.007827
v -0.048744 0.006996 -0.010002
v -0.049111 0.009320 -0.005875
v -0.048765 0.009373 -0.009835
v -0.048876 0.010064 -0.007827
v -0.048655 0.010606 -0.008743
v -0.029196 0.032019 -0.026451
v -0.030912 0.032292 -0.026637
v -0.029859 0.032150 -0.026047
v -0.048655 0.010606 -0.008743
v -0.048306 0.011281 -0.009640
v -0.048765 0.009373 -0.009835
v -0.048655 0.010606 -0.008743
v -0.047930 0.012050 -0.008130
v -0.048306 0.011281 -0.009640
v -0.029097 0.032218 -0.027720
v -0.030912 0.032292 -0.026637
v -0.029196 0.032019 -0.026451
v -0.032622 0.032204 -0.026667
v -0.030573 0.032156 -0.025618
v -0.030912 0.032292 -0.026637
v -0.024638 0.024067 -0.033747
v -0.023730 0.022896 -0.033516
v -0.023634 0.024229 -0.033973
v -0.033252 0.031960 -0.025102
v -0.030593 0.031781 -0.022897
v -0.030573 0.032156 -0.025618
v -0.023730 0.022896 -0.033516
v -0.022694 0.024001 -0.033948
v -0.023634 0.024229 -0.033973
v -0.030573 0.032156 -0.025618
v -0.032622 0.032204 -0.026667
v -0.033252 0.031960 -0.025102
v -0.025464 0.024549 -0.034080
v -0.024638 0.024067 -0.033747
v -0.024454 0.024612 -0.034349
v -0.044421 0.017030 -0.005237
v -0.047069 0.013244 -0.005581
v -0.046550 0.013962 -0.003497
v -0.045556 0.014973 -0.007367
v -0.047069 0.013244 -0.005581
v -0.044421 0.017030 -0.005237
v -0.023634 0.024229 -0.033973
v -0.024454 0.024612 -0.034349
v -0.024638 0.024067 -0.033747
v -0.024051 0.024887 -0.035104
v -0.024247 0.024881 -0.034997
v -0.023634 0.024229 -0.033973
v -0.023917 0.024880 -0.035155
v -0.024051 0.024887 -0.035104
v -0.023634 0.024229 -0.033973
v -0.024247 0.024881 -0.034997
v -0.024530 0.024854 -0.034843
v -0.024454 0.024612 -0.034349
v -0.028790 0.031367 -0.025423
v -0.029196 0.032019 -0.026451
v -0.029290 0.031493 -0.022912
v -0.025031 0.024754 -0.034507
v -0.024454 0.024612 -0.034349
v -0.024620 0.024841 -0.034794
v -0.024530 0.024854 -0.034843
v -0.024620 0.024841 -0.034794
v -0.024454 0.024612 -0.034349
v -0.022481 0.024676 -0.034807
v -0.023442 0.024971 -0.035330
v -0.023634 0.024229 -0.033973
v -0.022481 0.024676 -0.034807
v -0.022880 0.025006 -0.035551
v -0.023379 0.024975 -0.035354
v -0.024620 0.024841 -0.034794
v -0.024300 0.025940 -0.034944
v -0.025031 0.024754 -0.034507
v -0.044421 0.017030 -0.005237
v -0.046550 0.013962 -0.003497
v -0.045552 0.015362 -0.002361
v -0.046712 0.013853 0.000750
v -0.048049 0.012257 0.000690
v -0.048511 0.011632 0.002898
v -0.024051 0.024887 -0.035104
v -0.024300 0.025940 -0.034944
v -0.024247 0.024881 -0.034997
v -0.032877 0.022714 0.025617
v -0.033336 0.021772 0.028323
v -0.032877 0.022126 0.026099
v 0.008202 0.010190 -0.035605
v 0.008189 0.009479 -0.034441
v 0.009127 0.010048 -0.035415
v -0.028635 0.031678 -0.027414
v -0.028790 0.031367 -0.025423
v -0.028473 0.030674 -0.026988
v 0.008202 0.010190 -0.035605
v 0.009127 0.010048 -0.035415
v 0.008206 0.010831 -0.036042
v -0.028316 0.030878 -0.028257
v -0.028635 0.031678 -0.027414
v -0.028473 0.030674 -0.026988
v 0.010053 0.009831 -0.035056
v 0.009832 0.010310 -0.035635
v 0.009127 0.010048 -0.035415
v -0.033444 0.022730 0.027169
v -0.032877 0.022714 0.025617
v -0.033032 0.023163 0.025163
v 0.028542 0.009205 -0.016059
v 0.028229 0.009004 -0.017389
v 0.027624 0.008735 -0.016785
v 0.011851 0.009147 -0.033338
v 0.009629 0.009433 -0.034248
v 0.010781 0.008900 -0.032599
v -0.034327 0.023042 0.026307
v -0.035241 0.022603 0.027703
v -0.033808 0.022952 0.026707
v 0.028229 0.009004 -0.017389
v 0.028542 0.009205 -0.016059
v 0.028692 0.009576 -0.016289
v -0.034327 0.023042 0.026307
v -0.036378 0.022618 0.026899
v -0.035241 0.022603 0.027703
v -0.033444 0.022730 0.027169
v -0.033808 0.022952 0.026707
v -0.035241 0.022603 0.027703
v -0.033808 0.022952 0.026707
v -0.033444 0.022730 0.027169
v -0.033032 0.023163 0.025163
v 0.028346 0.009019 -0.015757
v 0.028738 0.009900 -0.015400
v 0.028446 0.009098 -0.015911
v -0.034182 0.022500 0.028508
v -0.033444 0.022730 0.027169
v -0.035241 0.022603 0.027703
v 0.028738 0.009900 -0.015400
v 0.028346 0.009019 -0.015757
v 0.028240 0.008941 -0.015600
v 0.007934 0.008913 -0.032938
v 0.003373 0.008681 -0.032204
v 0.004637 0.008432 -0.030248
v 0.010781 0.008900 -0.032599
v 0.009629 0.009433 -0.034248
v 0.009435 0.008849 -0.032552
v 0.009629 0.009433 -0.034248
v 0.007934 0.008913 -0.032938
v 0.009435 0.008849 -0.032552
v 0.007934 0.008913 -0.032938
v 0.008542 0.008539 -0.030842
v 0.009435 0.008849 -0.032552
v -0.033841 0.022304 0.029011
v -0.033444 0.022730 0.027169
v -0.034182 0.022500 0.028508
v 0.007368 0.004434 -0.024614
v 0.007368 0.004434 -0.052415
v 0.007368 0.000000 -0.024778
v 0.007368 0.004068 -0.052447
v 0.007368 0.000000 -0.024778
v 0.007368 0.004434 -0.052415
v 0.023924 0.008303 -0.015484
v 0.026594 0.008375 -0.012904
v 0.027515 0.008615 -0.014964
v 0.026463 0.008609 -0.018003
v 0.027242 0.008728 -0.018218
v 0.026669 0.008802 -0.020927
v 0.026669 0.008802 -0.020927
v 0.021678 0.008539 -0.022214
v 0.026463 0.008609 -0.018003
v 0.024486 0.010415 -0.027111
v 0.024486 0.009596 -0.024952
v 0.024486 0.009103 -0.027111
v 0.044225 0.015590 -0.014285
v 0.042769 0.017333 -0.016235
v 0.042389 0.018481 -0.015259
v -0.033259 0.017459 0.028832
v -0.032596 0.020057 0.025030
v -0.032877 0.022126 0.026099
v 0.024486 0.009103 -0.027111
v 0.024486 0.009596 -0.024952
v 0.024486 0.008938 -0.024952
v 0.009183 0.034484 -0.037530
v 0.009157 0.035059 -0.038296
v 0.008239 0.034852 -0.037931
v -0.032415 0.022479 0.023806
v -0.032877 0.022714 0.025617
v -0.032596 0.020057 0.025030
v 0.022821 0.014505 -0.031884
v 0.021001 0.013502 -0.031418
v 0.021466 0.012425 -0.030522
v 0.009157 0.035059 -0.038296
v 0.010108 0.034805 -0.037856
v 0.010777 0.035226 -0.038794
v 0.022821 0.014505 -0.031884
v 0.023521 0.012170 -0.030201
v 0.024571 0.012827 -0.030756
v 0.011034 0.035000 -0.038213
v 0.010777 0.035226 -0.038794
v 0.010108 0.034805 -0.037856
v -0.032877 0.022126 0.026099
v -0.033336 0.021772 0.028323
v -0.033259 0.017459 0.028832
v -0.031369 0.011790 0.018163
v -0.031954 0.022831 0.021464
v -0.032415 0.022479 0.023806
v 0.011034 0.035000 -0.038213
v 0.011916 0.035409 -0.039610
v 0.010777 0.035226 -0.038794
v -0.032877 0.022714 0.025617
v -0.032877 0.022126 0.026099
v -0.032596 0.020057 0.025030
v 0.009183 0.034484 -0.037530
v 0.008239 0.034852 -0.037931
v 0.008256 0.033869 -0.037297
v 0.035899 0.018028 0.038654
v 0.035436 0.016599 0.039196
v 0.035995 0.016225 0.040149
v 0.035436 0.016599 0.039196
v 0.035419 0.014960 0.039980
v 0.035995 0.016225 0.040149
v 0.022439 0.011236 -0.029053
v 0.021466 0.012425 -0.030522
v 0.018507 0.011096 -0.028893
v 0.035436 0.016599 0.039196
v 0.034851 0.013871 0.038454
v 0.035419 0.014960 0.039980
v 0.043123 0.016476 -0.017163
v 0.042206 0.017601 -0.018310
v 0.042769 0.017333 -0.016235
v 0.036574 0.014601 0.040895
v 0.037265 0.013584 0.040964
v 0.038251 0.015183 0.039332
v -0.033252 0.031960 -0.025102
v -0.034913 0.031556 -0.026796
v -0.034593 0.031639 -0.025191
v -0.032622 0.032204 -0.026667
v -0.032905 0.032247 -0.027512
v -0.034913 0.031556 -0.026796
v 0.037265 0.013584 0.040964
v 0.036574 0.014601 0.040895
v 0.036710 0.013039 0.041473
v -0.034913 0.031556 -0.026796
v -0.033252 0.031960 -0.025102
v -0.032622 0.032204 -0.026667
v 0.042819 0.019280 -0.010360
v 0.043328 0.019006 -0.006897
v 0.043552 0.017777 -0.009726
v 0.036574 0.014601 0.040895
v 0.035990 0.014622 0.040887
v 0.036710 0.013039 0.041473
v 0.043552 0.017777 -0.009726
v 0.043662 0.017002 -0.011984
v 0.042819 0.019280 -0.010360
v 0.042819 0.019280 -0.010360
v 0.043662 0.017002 -0.011984
v 0.042768 0.018232 -0.013785
v -0.032622 0.032204 -0.026667
v -0.030522 0.032479 -0.028031
v -0.032905 0.032247 -0.027512
v 0.035990 0.014622 0.040887
v 0.035419 0.014960 0.039980
v 0.034876 0.011996 0.039112
v -0.032622 0.032204 -0.026667
v -0.030912 0.032292 -0.026637
v -0.030522 0.032479 -0.028031
v -0.032905 0.032247 -0.027512
v -0.035023 0.031479 -0.027509
v -0.034913 0.031556 -0.026796
v 0.034851 0.013871 0.038454
v 0.034838 0.017608 0.036700
v 0.034314 0.012058 0.036344
v -0.035592 0.031011 -0.026976
v -0.035534 0.031134 -0.026246
v -0.034913 0.031556 -0.026796
v 0.034876 0.011996 0.039112
v 0.035419 0.014960 0.039980
v 0.034851 0.013871 0.038454
v 0.035990 0.014622 0.040887
v 0.036553 0.015849 0.040332
v 0.035995 0.016225 0.040149
v -0.035904 0.030800 -0.025923
v -0.035534 0.031134 -0.026246
v -0.035592 0.031011 -0.026976
v 0.035419 0.014960 0.039980
v 0.035990 0.014622 0.040887
v 0.035995 0.016225 0.040149
v 0.035990 0.014622 0.040887
v 0.036574 0.014601 0.040895
v 0.036553 0.015849 0.040332
v 0.038923 0.011773 0.040574
v 0.038103 0.012499 0.040868
v 0.037547 0.011841 0.041567
v 0.043552 0.017777 -0.009726
v 0.043328 0.019006 -0.006897
v 0.044237 0.016806 -0.008074
v 0.025562 0.011009 -0.028657
v 0.022439 0.011236 -0.029053
v 0.022917 0.010510 -0.027807
v 0.036710 0.013039 0.041473
v 0.038103 0.012499 0.040868
v 0.037265 0.013584 0.040964
v 0.038923 0.011773 0.040574
v 0.037547 0.011841 0.041567
v 0.038378 0.010680 0.041502
v 0.022821 0.014505 -0.031884
v 0.021466 0.012425 -0.030522
v 0.023521 0.012170 -0.030201
v 0.040910 0.013138 0.037572
v 0.039912 0.012741 0.039098
v 0.041111 0.011109 0.038848
v 0.022439 0.011236 -0.029053
v 0.023521 0.012170 -0.030201
v 0.021466 0.012425 -0.030522
v 0.037547 0.011841 0.041567
v 0.036710 0.013039 0.041473
v 0.036129 0.012190 0.041787
v 0.044243 0.017684 -0.002210
v 0.042202 0.022214 -0.004725
v 0.042080 0.022877 -0.000892
v 0.023521 0.012170 -0.030201
v 0.022439 0.011236 -0.029053
v 0.025562 0.011009 -0.028657
v 0.021466 0.012425 -0.030522
v 0.021001 0.013502 -0.031418
v 0.020459 0.012897 -0.030986
v 0.041111 0.011109 0.038848
v 0.042204 0.010622 0.037776
v 0.040910 0.013138 0.037572
v 0.020459 0.012897 -0.030986
v 0.018507 0.011096 -0.028893
v 0.021466 0.012425 -0.030522
v 0.038918 0.014237 0.039194
v 0.039912 0.012741 0.039098
v 0.039948 0.014561 0.037787
v 0.043542 0.019635 0.000950
v 0.044243 0.017684 -0.002210
v 0.042080 0.022877 -0.000892
v 0.038918 0.014237 0.039194
v 0.038923 0.011773 0.040574
v 0.039912 0.012741 0.039098
v 0.041111 0.011109 0.038848
v 0.039912 0.012741 0.039098
v 0.040516 0.010748 0.039649
v 0.038103 0.012499 0.040868
v 0.038918 0.014237 0.039194
v 0.037265 0.013584 0.040964
v 0.038103 0.012499 0.040868
v 0.036710 0.013039 0.041473
v 0.037547 0.011841 0.041567
v 0.025034 0.010775 -0.028195
v 0.022917 0.010510 -0.027807
v 0.023139 0.009935 -0.026536
v 0.044243 0.017684 -0.002210
v 0.043328 0.019006 -0.006897
v 0.042202 0.022214 -0.004725
v 0.038103 0.012499 0.040868
v 0.038923 0.011773 0.040574
v 0.038918 0.014237 0.039194
v 0.042080 0.022877 -0.000892
v 0.042228 0.022651 0.002575
v 0.043542 0.019635 0.000950
v 0.025034 0.010775 -0.028195
v 0.023139 0.009935 -0.026536
v 0.025108 0.010775 -0.028049
v 0.020596 0.008453 -0.022003
v 0.025108 0.010775 -0.028049
v 0.023139 0.009935 -0.026536
v 0.020596 0.008453 -0.022003
v 0.024486 0.010415 -0.027111
v 0.025108 0.010775 -0.028049
v 0.043542 0.019635 0.000950
v 0.042228 0.022651 0.002575
v 0.043193 0.020565 0.003036
v 0.038923 0.011773 0.040574
v 0.040516 0.010748 0.039649
v 0.039912 0.012741 0.039098
v 0.016268 0.012098 -0.030342
v 0.018387 0.012697 -0.030903
v 0.016386 0.013450 -0.031601
v 0.016386 0.013450 -0.031601
v 0.018387 0.012697 -0.030903
v 0.017434 0.013826 -0.031794
v 0.018507 0.011096 -0.028893
v 0.018387 0.012697 -0.030903
v 0.016268 0.012098 -0.030342
v 0.018507 0.011096 -0.028893
v 0.016268 0.012098 -0.030342
v 0.016094 0.010693 -0.028222
v 0.040694 0.009176 0.040131
v 0.040516 0.010748 0.039649
v 0.038378 0.010680 0.041502
v 0.040694 0.009176 0.040131
v 0.041376 0.009629 0.039268
v 0.040516 0.010748 0.039649
v 0.040516 0.010748 0.039649
v 0.038923 0.011773 0.040574
v 0.038378 0.010680 0.041502
v 0.015198 0.011827 -0.030023
v 0.015093 0.011025 -0.028836
v 0.016268 0.012098 -0.030342
v 0.042204 0.010622 0.037776
v 0.041111 0.011109 0.038848
v 0.041376 0.009629 0.039268
v 0.041111 0.011109 0.038848
v 0.040516 0.010748 0.039649
v 0.041376 0.009629 0.039268
v 0.044624 0.013240 -0.023395
v 0.043604 0.013147 -0.027971
v 0.042599 0.014301 -0.027495
v 0.022439 0.011236 -0.029053
v 0.018507 0.011096 -0.028893
v 0.018099 0.009963 -0.026632
v 0.043604 0.013147 -0.027971
v 0.041848 0.014511 -0.029644
v 0.042599 0.014301 -0.027495
v 0.043604 0.013147 -0.027971
v 0.043917 0.012315 -0.029291
v 0.041848 0.014511 -0.029644
v 0.018507 0.011096 -0.028893
v 0.016094 0.010693 -0.028222
v 0.018099 0.009963 -0.026632
v 0.036710 0.013039 0.041473
v 0.035990 0.014622 0.040887
v 0.036129 0.012190 0.041787
v 0.022439 0.011236 -0.029053
v 0.018099 0.009963 -0.026632
v 0.022917 0.010510 -0.027807
v 0.042599 0.014301 -0.027495
v 0.042325 0.015578 -0.023865
v 0.044624 0.013240 -0.023395
v 0.017434 0.013826 -0.031794
v 0.018387 0.012697 -0.030903
v 0.019511 0.014477 -0.032063
v 0.018387 0.012697 -0.030903
v 0.018507 0.011096 -0.028893
v 0.020459 0.012897 -0.030986
v 0.018387 0.012697 -0.030903
v 0.020459 0.012897 -0.030986
v 0.019511 0.014477 -0.032063
v 0.036129 0.012190 0.041787
v 0.035483 0.011639 0.041223
v 0.035366 0.009601 0.042061
v -0.036351 0.023103 0.024972
v -0.033950 0.023510 0.024391
v -0.036607 0.023584 0.022781
v 0.040944 0.015752 -0.028855
v 0.042599 0.014301 -0.027495
v 0.041848 0.014511 -0.029644
v 0.043309 0.012508 -0.031068
v 0.041850 0.013544 -0.032866
v 0.041848 0.014511 -0.029644
v -0.036296 0.024065 0.020889
v -0.033158 0.024437 0.020268
v -0.035056 0.024540 0.019366
v -0.035056 0.024540 0.019366
v -0.038704 0.023874 0.019386
v -0.036296 0.024065 0.020889
v -0.036296 0.024065 0.020889
v -0.038704 0.023874 0.019386
v -0.036607 0.023584 0.022781
v 0.020649 0.008457 -0.022013
v 0.021678 0.008539 -0.022214
v 0.024486 0.010415 -0.027111
v 0.020596 0.008453 -0.022003
v 0.020649 0.008457 -0.022013
v 0.024486 0.010415 -0.027111
v 0.022917 0.010510 -0.027807
v 0.018099 0.009963 -0.026632
v 0.023139 0.009935 -0.026536
v -0.036607 0.023584 0.022781
v -0.038704 0.023874 0.019386
v -0.038433 0.023040 0.023347
v 0.017500 0.009573 -0.025606
v 0.020485 0.008445 -0.021996
v 0.018099 0.009963 -0.026632
v 0.018099 0.009963 -0.026632
v 0.016094 0.010693 -0.028222
v 0.017500 0.009573 -0.025606
v -0.038433 0.023040 0.023347
v -0.036351 0.023103 0.024972
v -0.036607 0.023584 0.022781
v 0.042325 0.015578 -0.023865
v 0.040386 0.018534 -0.024000
v 0.040928 0.017888 -0.023144
v 0.016094 0.010693 -0.028222
v 0.014853 0.009693 -0.025930
v 0.017500 0.009573 -0.025606
v -0.038704 0.023874 0.019386
v -0.039528 0.022895 0.022331
v -0.038433 0.023040 0.023347
v -0.035534 0.031134 -0.026246
v -0.035904 0.030800 -0.025923
v -0.034593 0.031639 -0.025191
v -0.034593 0.031639 -0.025191
v -0.034913 0.031556 -0.026796
v -0.035534 0.031134 -0.026246
v -0.035023 0.031479 -0.027509
v -0.035592 0.031011 -0.026976
v -0.034913 0.031556 -0.026796
v -0.039093 0.022535 0.024471
v -0.036351 0.023103 0.024972
v -0.038433 0.023040 0.023347
v -0.039528 0.022895 0.022331
v -0.040213 0.022340 0.023177
v -0.038433 0.023040 0.023347
v -0.034593 0.031639 -0.025191
v -0.035835 0.030912 -0.025143
v -0.035308 0.031291 -0.024634
v 0.043917 0.012315 -0.029291
v 0.043309 0.012508 -0.031068
v 0.041848 0.014511 -0.029644
v -0.039175 0.023771 0.019085
v -0.040348 0.022967 0.020081
v -0.039528 0.022895 0.022331
v -0.040213 0.022340 0.023177
v -0.039093 0.022535 0.024471
v -0.038433 0.023040 0.023347
v 0.043917 0.012315 -0.029291
v 0.044038 0.011590 -0.030529
v 0.043309 0.012508 -0.031068
v -0.039528 0.022895 0.022331
v -0.040676 0.022159 0.022701
v -0.040213 0.022340 0.023177
v -0.034135 0.031617 -0.023323
v -0.030593 0.031781 -0.022897
v -0.033252 0.031960 -0.025102
v -0.040348 0.022967 0.020081
v -0.040610 0.022505 0.021417
v -0.039528 0.022895 0.022331
v -0.034384 0.031645 -0.024290
v -0.034135 0.031617 -0.023323
v -0.033252 0.031960 -0.025102
v -0.034593 0.031639 -0.025191
v -0.035308 0.031291 -0.024634
v -0.034384 0.031645 -0.024290
v -0.039528 0.022895 0.022331
v -0.040610 0.022505 0.021417
v -0.040676 0.022159 0.022701
v -0.034384 0.031645 -0.024290
v -0.035308 0.031291 -0.024634
v -0.034941 0.031341 -0.022776
v -0.033252 0.031960 -0.025102
v -0.034593 0.031639 -0.025191
v -0.034384 0.031645 -0.024290
v -0.040975 0.022392 0.020581
v -0.040610 0.022505 0.021417
v -0.040348 0.022967 0.020081
v -0.040610 0.022505 0.021417
v -0.041083 0.021850 0.022571
v -0.040676 0.022159 0.022701
v -0.035835 0.030912 -0.025143
v -0.036030 0.030774 -0.023103
v -0.035308 0.031291 -0.024634
v -0.040676 0.022159 0.022701
v -0.040948 0.021215 0.025405
v -0.040213 0.022340 0.023177
v -0.036525 0.027368 -0.029319
v -0.036444 0.029319 -0.027561
v -0.035478 0.030687 -0.029027
v -0.035478 0.030687 -0.029027
v -0.035970 0.027759 -0.030720
v -0.036525 0.027368 -0.029319
v -0.035970 0.027759 -0.030720
v -0.035478 0.030687 -0.029027
v -0.035189 0.030086 -0.030978
v -0.041643 0.022128 0.018371
v -0.042064 0.021197 0.020229
v -0.040975 0.022392 0.020581
v -0.040348 0.022967 0.020081
v -0.041643 0.022128 0.018371
v -0.040975 0.022392 0.020581
v 0.043917 0.012315 -0.029291
v 0.043604 0.013147 -0.027971
v 0.044617 0.011547 -0.028553
v 0.043917 0.012315 -0.029291
v 0.044617 0.011547 -0.028553
v 0.044640 0.010998 -0.029231
v -0.035189 0.030086 -0.030978
v -0.034855 0.030310 -0.031722
v -0.034936 0.028646 -0.032807
v 0.043917 0.012315 -0.029291
v 0.044640 0.010998 -0.029231
v 0.044038 0.011590 -0.030529
v 0.044038 0.011590 -0.030529
v 0.043861 0.011305 -0.031543
v 0.043309 0.012508 -0.031068
v 0.043309 0.012508 -0.031068
v 0.043861 0.011305 -0.031543
v 0.043350 0.011923 -0.032169
v 0.045028 0.011225 -0.027566
v 0.044617 0.011547 -0.028553
v 0.043604 0.013147 -0.027971
v -0.036383 0.022131 0.028717
v -0.034182 0.022500 0.028508
v -0.035241 0.022603 0.027703
v 0.043677 0.009827 -0.033258
v 0.044379 0.009613 -0.031102
v 0.043804 0.007042 -0.033323
v -0.035241 0.022603 0.027703
v -0.036378 0.022618 0.026899
v -0.036383 0.022131 0.028717
v 0.043804 0.007042 -0.033323
v 0.044379 0.009613 -0.031102
v 0.044650 0.009135 -0.030230
v 0.044606 0.010440 -0.029909
v 0.045242 0.009264 -0.028061
v 0.044650 0.009135 -0.030230
v -0.027798 0.025958 -0.030819
v -0.028291 0.027663 -0.028519
v -0.028353 0.025652 -0.028644
v -0.036378 0.022618 0.026899
v -0.036351 0.023103 0.024972
v -0.037952 0.022124 0.027380
v -0.028038 0.028511 -0.029623
v -0.028291 0.027663 -0.028519
v -0.027798 0.025958 -0.030819
v -0.036351 0.023103 0.024972
v -0.039288 0.022075 0.025896
v -0.037952 0.022124 0.027380
v -0.036383 0.022131 0.028717
v -0.033841 0.022304 0.029011
v -0.034182 0.022500 0.028508
v 0.045242 0.009264 -0.028061
v 0.045805 0.010579 -0.025373
v 0.045880 0.009690 -0.025583
v -0.028038 0.028511 -0.029623
v -0.027327 0.028817 -0.031597
v -0.028089 0.031087 -0.029453
v 0.044617 0.011547 -0.028553
v 0.045028 0.011225 -0.027566
v 0.045242 0.009264 -0.028061
v -0.028316 0.030878 -0.028257
v -0.028473 0.030674 -0.026988
v -0.028291 0.027663 -0.028519
v -0.036378 0.022618 0.026899
v -0.037952 0.022124 0.027380
v -0.036383 0.022131 0.028717
v -0.028038 0.028511 -0.029623
v -0.028316 0.030878 -0.028257
v -0.028291 0.027663 -0.028519
v -0.024620 0.024841 -0.034794
v -0.024530 0.024854 -0.034843
v -0.024300 0.025940 -0.034944
v -0.024247 0.024881 -0.034997
v -0.024300 0.025940 -0.034944
v -0.024530 0.024854 -0.034843
v -0.028038 0.028511 -0.029623
v -0.028089 0.031087 -0.029453
v -0.028316 0.030878 -0.028257
v -0.021771 0.026143 -0.035940
v -0.024300 0.025940 -0.034944
v -0.022880 0.025006 -0.035551
v -0.023379 0.024975 -0.035354
v -0.022880 0.025006 -0.035551
v -0.024300 0.025940 -0.034944
v -0.024454 0.024612 -0.034349
v -0.023634 0.024229 -0.033973
v -0.024247 0.024881 -0.034997
v 0.015194 0.009283 -0.033115
v 0.015164 0.009125 -0.032663
v 0.015320 0.012985 -0.031274
v -0.023917 0.024880 -0.035155
v -0.023634 0.024229 -0.033973
v -0.023442 0.024971 -0.035330
v -0.022481 0.024676 -0.034807
v -0.023379 0.024975 -0.035354
v -0.023442 0.024971 -0.035330
v -0.038179 0.021641 0.028794
v -0.036383 0.022131 0.028717
v -0.037952 0.022124 0.027380
v -0.023379 0.024975 -0.035354
v -0.024300 0.025940 -0.034944
v -0.023442 0.024971 -0.035330
v -0.023442 0.024971 -0.035330
v -0.024300 0.025940 -0.034944
v -0.023917 0.024880 -0.035155
v -0.024300 0.025940 -0.034944
v -0.024051 0.024887 -0.035104
v -0.023917 0.024880 -0.035155
v 0.014930 0.008616 -0.028910
v 0.014874 0.008512 -0.027949
v 0.015093 0.011025 -0.028836
v -0.039093 0.022535 0.024471
v -0.039288 0.022075 0.025896
v -0.036351 0.023103 0.024972
v -0.039093 0.022535 0.024471
v -0.040226 0.021790 0.025177
v -0.039288 0.022075 0.025896
v -0.040226 0.021790 0.025177
v -0.040015 0.021592 0.026346
v -0.039288 0.022075 0.025896
v -0.040015 0.021592 0.026346
v -0.039666 0.021609 0.026915
v -0.039288 0.022075 0.025896
v -0.024638 0.024067 -0.033747
v -0.025464 0.024549 -0.034080
v -0.025570 0.024295 -0.033770
v 0.014798 0.008421 -0.026665
v 0.014694 0.009006 -0.023920
v 0.014853 0.009693 -0.025930
v -0.039666 0.021609 0.026915
v -0.038179 0.021641 0.028794
v -0.037952 0.022124 0.027380
v -0.025464 0.024549 -0.034080
v -0.025616 0.024570 -0.034091
v -0.025570 0.024295 -0.033770
v 0.014694 0.009006 -0.023920
v 0.020397 0.008439 -0.021978
v 0.017500 0.009573 -0.025606
v -0.039666 0.021609 0.026915
v -0.037952 0.022124 0.027380
v -0.039288 0.022075 0.025896
v -0.025616 0.024570 -0.034091
v -0.025464 0.024549 -0.034080
v -0.025574 0.024589 -0.034130
v -0.025406 0.024639 -0.034247
v -0.025574 0.024589 -0.034130
v -0.025464 0.024549 -0.034080
v 0.016094 0.010693 -0.028222
v 0.016268 0.012098 -0.030342
v 0.015093 0.011025 -0.028836
v -0.025464 0.024549 -0.034080
v -0.024454 0.024612 -0.034349
v -0.025406 0.024639 -0.034247
v -0.025031 0.024754 -0.034507
v -0.025406 0.024639 -0.034247
v -0.024454 0.024612 -0.034349
v -0.025825 0.024418 -0.033890
v -0.025570 0.024295 -0.033770
v -0.025616 0.024570 -0.034091
v 0.015320 0.012985 -0.031274
v 0.015198 0.011827 -0.030023
v 0.016268 0.012098 -0.030342
v -0.025570 0.024295 -0.033770
v -0.025825 0.024418 -0.033890
v -0.026064 0.024215 -0.033661
v -0.040213 0.022340 0.023177
v -0.040226 0.021790 0.025177
v -0.039093 0.022535 0.024471
v 0.016268 0.012098 -0.030342
v 0.016386 0.013450 -0.031601
v 0.015320 0.012985 -0.031274
v 0.014853 0.009693 -0.025930
v 0.016094 0.010693 -0.028222
v 0.015093 0.011025 -0.028836
v -0.040213 0.022340 0.023177
v -0.040948 0.021215 0.025405
v -0.040226 0.021790 0.025177
v 0.014694 0.009006 -0.023920
v 0.017500 0.009573 -0.025606
v 0.014853 0.009693 -0.025930
v -0.025616 0.024570 -0.034091
v -0.025753 0.025093 -0.033966
v -0.025825 0.024418 -0.033890
v -0.026064 0.024215 -0.033661
v -0.025825 0.024418 -0.033890
v -0.025753 0.025093 -0.033966
v -0.025753 0.025093 -0.033966
v -0.025616 0.024570 -0.034091
v -0.025574 0.024589 -0.034130
v 0.015320 0.012985 -0.031274
v 0.016386 0.013450 -0.031601
v 0.015400 0.013982 -0.032010
v 0.015351 0.010114 -0.035098
v 0.015332 0.009934 -0.034850
v 0.015400 0.013982 -0.032010
v 0.015332 0.009934 -0.034850
v 0.015322 0.009873 -0.034691
v 0.015400 0.013982 -0.032010
v 0.015322 0.009873 -0.034691
v 0.015231 0.009445 -0.033578
v 0.015320 0.012985 -0.031274
v 0.015093 0.011025 -0.028836
v 0.015198 0.011827 -0.030023
v 0.015122 0.008961 -0.031995
v 0.015160 0.009106 -0.032587
v 0.015122 0.008961 -0.031995
v 0.015198 0.011827 -0.030023
v 0.015164 0.009125 -0.032663
v 0.015160 0.009106 -0.032587
v 0.015320 0.012985 -0.031274
v 0.014930 0.008616 -0.028910
v 0.015093 0.011025 -0.028836
v 0.015008 0.008752 -0.030160
v 0.015122 0.008961 -0.031995
v 0.015105 0.008901 -0.031751
v 0.015093 0.011025 -0.028836
v -0.025406 0.024639 -0.034247
v -0.025031 0.024754 -0.034507
v -0.025753 0.025093 -0.033966
v -0.041758 0.020949 0.023097
v -0.041083 0.021850 0.022571
v -0.041631 0.021507 0.021495
v 0.015008 0.008752 -0.030160
v 0.014538 0.008921 -0.032097
v 0.012235 0.008556 -0.030146
v -0.041083 0.021850 0.022571
v -0.040610 0.022505 0.021417
v -0.041631 0.021507 0.021495
v -0.040975 0.022392 0.020581
v -0.041631 0.021507 0.021495
v -0.040610 0.022505 0.021417
v -0.025406 0.024639 -0.034247
v -0.025753 0.025093 -0.033966
v -0.025574 0.024589 -0.034130
v -0.024300 0.025940 -0.034944
v -0.025753 0.025093 -0.033966
v -0.025031 0.024754 -0.034507
v 0.015008 0.008752 -0.030160
v 0.015105 0.008901 -0.031751
v 0.014538 0.008921 -0.032097
v -0.024300 0.025940 -0.034944
v -0.025714 0.027121 -0.033879
v -0.025753 0.025093 -0.033966
v -0.041544 0.020716 0.024878
v -0.042254 0.020015 0.023773
v -0.042646 0.019092 0.024370
v -0.042254 0.020015 0.023773
v -0.042888 0.019544 0.020974
v -0.042646 0.019092 0.024370
v -0.042888 0.019544 0.020974
v -0.041758 0.020949 0.023097
v -0.041631 0.021507 0.021495
v -0.026263 0.023709 -0.033467
v -0.025695 0.022953 -0.033323
v -0.026064 0.024215 -0.033661
v -0.041631 0.021507 0.021495
v -0.042064 0.021197 0.020229
v -0.042888 0.019544 0.020974
v -0.040975 0.022392 0.020581
v -0.042064 0.021197 0.020229
v -0.041631 0.021507 0.021495
v 0.014538 0.008921 -0.032097
v 0.012589 0.008881 -0.032141
v 0.012235 0.008556 -0.030146
v -0.042254 0.020015 0.023773
v -0.041758 0.020949 0.023097
v -0.042888 0.019544 0.020974
v -0.042888 0.019544 0.020974
v -0.044329 0.015639 0.022229
v -0.042646 0.019092 0.024370
v -0.025753 0.025093 -0.033966
v -0.026695 0.023321 -0.033052
v -0.026064 0.024215 -0.033661
v -0.025714 0.027121 -0.033879
v -0.026927 0.025552 -0.032592
v -0.025753 0.025093 -0.033966
v 0.020485 0.008445 -0.021996
v 0.017500 0.009573 -0.025606
v 0.020397 0.008439 -0.021978
v 0.018099 0.009963 -0.026632
v 0.020485 0.008445 -0.021996
v 0.020505 0.008447 -0.021997
v -0.039666 0.021609 0.026915
v -0.040370 0.020839 0.027960
v -0.038179 0.021641 0.028794
v -0.040948 0.021215 0.025405
v -0.040015 0.021592 0.026346
v -0.040226 0.021790 0.025177
v -0.038616 0.021161 0.029807
v -0.038179 0.021641 0.028794
v -0.040370 0.020839 0.027960
v 0.019162 0.008396 -0.022352
v 0.019992 0.008416 -0.022051
v 0.014547 0.008424 -0.022025
v -0.041083 0.021850 0.022571
v -0.040948 0.021215 0.025405
v -0.040676 0.022159 0.022701
v 0.014853 0.009693 -0.025930
v 0.015093 0.011025 -0.028836
v 0.014874 0.008512 -0.027949
v 0.014694 0.009006 -0.023920
v 0.014798 0.008421 -0.026665
v 0.014636 0.008295 -0.023857
v -0.023730 0.022896 -0.033516
v -0.022641 0.019032 -0.033162
v -0.021765 0.022840 -0.033709
v 0.014874 0.008512 -0.027949
v 0.014856 0.008479 -0.027649
v 0.014853 0.009693 -0.025930
v 0.014856 0.008479 -0.027649
v 0.014808 0.008428 -0.026838
v 0.014853 0.009693 -0.025930
v 0.014798 0.008421 -0.026665
v 0.014853 0.009693 -0.025930
v 0.014808 0.008428 -0.026838
v -0.026638 0.022437 -0.033179
v -0.026786 0.021384 -0.033057
v -0.025695 0.022953 -0.033323
v 0.015008 0.008752 -0.030160
v 0.012235 0.008556 -0.030146
v 0.014930 0.008616 -0.028910
v 0.014874 0.008512 -0.027949
v 0.014930 0.008616 -0.028910
v 0.012235 0.008556 -0.030146
v 0.014856 0.008479 -0.027649
v 0.014874 0.008512 -0.027949
v 0.012235 0.008556 -0.030146
v -0.025695 0.022953 -0.033323
v -0.025696 0.019500 -0.032969
v -0.024717 0.022565 -0.033372
v 0.010781 0.008900 -0.032599
v 0.012235 0.008556 -0.030146
v 0.012589 0.008881 -0.032141
v -0.041758 0.020949 0.023097
v -0.042254 0.020015 0.023773
v -0.041544 0.020716 0.024878
v -0.042299 0.019354 0.025591
v -0.041544 0.020716 0.024878
v -0.042646 0.019092 0.024370
v 0.009435 0.008849 -0.032552
v 0.012235 0.008556 -0.030146
v 0.010781 0.008900 -0.032599
v 0.008542 0.008539 -0.030842
v 0.007626 0.008274 -0.027753
v 0.012235 0.008556 -0.030146
v 0.009435 0.008849 -0.032552
v 0.008542 0.008539 -0.030842
v 0.012235 0.008556 -0.030146
v -0.040948 0.021215 0.025405
v -0.041083 0.021850 0.022571
v -0.041544 0.020716 0.024878
v -0.025695 0.022953 -0.033323
v -0.024717 0.022565 -0.033372
v -0.024638 0.024067 -0.033747
v -0.026354 0.023301 -0.033375
v -0.026585 0.022669 -0.033231
v -0.025695 0.022953 -0.033323
v -0.026638 0.022437 -0.033179
v -0.025695 0.022953 -0.033323
v -0.026585 0.022669 -0.033231
v -0.041562 0.020444 0.025736
v -0.041544 0.020716 0.024878
v -0.042299 0.019354 0.025591
v 0.004637 0.008432 -0.030248
v 0.007626 0.008274 -0.027753
v 0.008542 0.008539 -0.030842
v -0.041083 0.021850 0.022571
v -0.041758 0.020949 0.023097
v -0.041544 0.020716 0.024878
v 0.007934 0.008913 -0.032938
v 0.004637 0.008432 -0.030248
v 0.008542 0.008539 -0.030842
v -0.024638 0.024067 -0.033747
v -0.025570 0.024295 -0.033770
v -0.025695 0.022953 -0.033323
v -0.024638 0.024067 -0.033747
v -0.024717 0.022565 -0.033372
v -0.023730 0.022896 -0.033516
v 0.014798 0.008421 -0.026665
v 0.007626 0.008274 -0.027753
v 0.014636 0.008295 -0.023857
v 0.014724 0.008041 -0.017918
v 0.014636 0.008295 -0.023857
v 0.007626 0.008274 -0.027753
v 0.007626 0.008274 -0.027753
v 0.014798 0.008421 -0.026665
v 0.014808 0.008428 -0.026838
v -0.040686 0.020981 0.026820
v -0.040370 0.020839 0.027960
v -0.039666 0.021609 0.026915
v -0.040686 0.020981 0.026820
v -0.039666 0.021609 0.026915
v -0.040015 0.021592 0.026346
v -0.021765 0.022840 -0.033709
v -0.022694 0.024001 -0.033948
v -0.023730 0.022896 -0.033516
v 0.007626 0.008274 -0.027753
v 0.002241 0.007936 -0.020464
v 0.014724 0.008041 -0.017918
v 0.012235 0.008556 -0.030146
v 0.007626 0.008274 -0.027753
v 0.014856 0.008479 -0.027649
v 0.014808 0.008428 -0.026838
v 0.014856 0.008479 -0.027649
v 0.007626 0.008274 -0.027753
v -0.026695 0.023321 -0.033052
v -0.026638 0.022437 -0.033179
v -0.026585 0.022669 -0.033231
v 0.023913 0.006533 -0.024535
v 0.007368 0.004434 -0.024614
v 0.023913 0.000000 -0.024778
v 0.007368 0.000000 -0.024778
v 0.023913 0.000000 -0.024778
v 0.007368 0.004434 -0.024614
v -0.040370 0.020839 0.027960
v -0.040686 0.020981 0.026820
v -0.041142 0.020194 0.027851
v -0.041284 0.020499 0.026582
v -0.041932 0.019617 0.026598
v -0.041142 0.020194 0.027851
v 0.020505 0.008447 -0.021997
v 0.020590 0.008453 -0.022017
v 0.018099 0.009963 -0.026632
v 0.023139 0.009935 -0.026536
v 0.018099 0.009963 -0.026632
v 0.020590 0.008453 -0.022017
v -0.040686 0.020981 0.026820
v -0.041284 0.020499 0.026582
v -0.041142 0.020194 0.027851
v 0.020397 0.008439 -0.021978
v 0.014694 0.009006 -0.023920
v 0.020215 0.008424 -0.021934
v -0.040015 0.021592 0.026346
v -0.040948 0.021215 0.025405
v -0.040686 0.020981 0.026820
v 0.020397 0.008439 -0.021978
v 0.023924 0.008303 -0.015484
v 0.020485 0.008445 -0.021996
v 0.020485 0.008445 -0.021996
v 0.023924 0.008303 -0.015484
v 0.020505 0.008447 -0.021997
v -0.040948 0.021215 0.025405
v -0.041284 0.020499 0.026582
v -0.040686 0.020981 0.026820
v -0.026354 0.023301 -0.033375
v -0.026695 0.023321 -0.033052
v -0.026585 0.022669 -0.033231
v -0.040948 0.021215 0.025405
v -0.041544 0.020716 0.024878
v -0.041562 0.020444 0.025736
v 0.026463 0.008609 -0.018003
v 0.020649 0.008457 -0.022013
v 0.023924 0.008303 -0.015484
v 0.020590 0.008453 -0.022017
v 0.020596 0.008453 -0.022003
v 0.023139 0.009935 -0.026536
v -0.026354 0.023301 -0.033375
v -0.025695 0.022953 -0.033323
v -0.026263 0.023709 -0.033467
v -0.041562 0.020444 0.025736
v -0.041284 0.020499 0.026582
v -0.040948 0.021215 0.025405
v -0.025570 0.024295 -0.033770
v -0.026064 0.024215 -0.033661
v -0.025695 0.022953 -0.033323
v 0.024486 0.009596 -0.024952
v 0.024486 0.010415 -0.027111
v 0.021678 0.008539 -0.022214
v 0.027033 0.009051 -0.023476
v 0.024486 0.009596 -0.024952
v 0.021678 0.008539 -0.022214
v -0.041562 0.020444 0.025736
v -0.041932 0.019617 0.026598
v -0.041284 0.020499 0.026582
v -0.025753 0.025093 -0.033966
v -0.026927 0.025552 -0.032592
v -0.026695 0.023321 -0.033052
v 0.026669 0.008802 -0.020927
v 0.027033 0.009051 -0.023476
v 0.021678 0.008539 -0.022214
v 0.020590 0.008453 -0.022017
v 0.020505 0.008447 -0.021997
v 0.020596 0.008453 -0.022003
v 0.020505 0.008447 -0.021997
v 0.023924 0.008303 -0.015484
v 0.020596 0.008453 -0.022003
v -0.026354 0.023301 -0.033375
v -0.026263 0.023709 -0.033467
v -0.026695 0.023321 -0.033052
v -0.026263 0.023709 -0.033467
v -0.026064 0.024215 -0.033661
v -0.026695 0.023321 -0.033052
v 0.020596 0.008453 -0.022003
v 0.023924 0.008303 -0.015484
v 0.020649 0.008457 -0.022013
v 0.020649 0.008457 -0.022013
v 0.026463 0.008609 -0.018003
v 0.021678 0.008539 -0.022214
v -0.018802 0.022037 -0.033900
v -0.019800 0.022783 -0.033902
v -0.020431 0.017922 -0.033139
v -0.019800 0.022783 -0.033902
v -0.020779 0.022460 -0.033753
v -0.020431 0.017922 -0.033139
v -0.042937 0.017497 0.026744
v -0.042299 0.019354 0.025591
v -0.042646 0.019092 0.024370
v 0.020215 0.008424 -0.021934
v 0.014547 0.008424 -0.022025
v 0.019992 0.008416 -0.022051
v -0.020431 0.017922 -0.033139
v -0.017806 0.021645 -0.033947
v -0.018802 0.022037 -0.033900
v -0.042937 0.017497 0.026744
v -0.042414 0.018268 0.027678
v -0.041932 0.019617 0.026598
v 0.019162 0.008396 -0.022352
v 0.014724 0.008041 -0.017918
v 0.019992 0.008416 -0.022051
v -0.041142 0.020194 0.027851
v -0.041932 0.019617 0.026598
v -0.042414 0.018268 0.027678
v 0.019992 0.008416 -0.022051
v 0.023924 0.008303 -0.015484
v 0.020215 0.008424 -0.021934
v 0.023924 0.008303 -0.015484
v 0.020397 0.008439 -0.021978
v 0.020215 0.008424 -0.021934
v 0.014636 0.008295 -0.023857
v 0.015456 0.008308 -0.023654
v 0.014547 0.008424 -0.022025
v 0.015456 0.008308 -0.023654
v 0.019162 0.008396 -0.022352
v 0.014547 0.008424 -0.022025
v 0.008239 0.034852 -0.037931
v 0.009106 0.035605 -0.040128
v 0.007295 0.035191 -0.038564
v 0.014547 0.008424 -0.022025
v 0.014694 0.009006 -0.023920
v 0.014636 0.008295 -0.023857
v 0.020215 0.008424 -0.021934
v 0.014694 0.009006 -0.023920
v 0.014547 0.008424 -0.022025
v 0.009106 0.035605 -0.040128
v 0.007262 0.035667 -0.040181
v 0.007295 0.035191 -0.038564
v -0.041932 0.019617 0.026598
v -0.042299 0.019354 0.025591
v -0.042937 0.017497 0.026744
v 0.007295 0.035191 -0.038564
v 0.007262 0.035667 -0.040181
v 0.006360 0.035447 -0.039200
v 0.009157 0.035059 -0.038296
v 0.009106 0.035605 -0.040128
v 0.008239 0.034852 -0.037931
v -0.042646 0.019092 0.024370
v -0.043933 0.015684 0.024958
v -0.042937 0.017497 0.026744
v 0.023924 0.008303 -0.015484
v 0.019992 0.008416 -0.022051
v 0.014724 0.008041 -0.017918
v 0.010777 0.035226 -0.038794
v 0.010044 0.035500 -0.039694
v 0.009157 0.035059 -0.038296
v 0.015456 0.008308 -0.023654
v 0.014636 0.008295 -0.023857
v 0.014724 0.008041 -0.017918
v 0.010044 0.035500 -0.039694
v 0.009106 0.035605 -0.040128
v 0.009157 0.035059 -0.038296
v 0.014724 0.008041 -0.017918
v 0.019162 0.008396 -0.022352
v 0.015456 0.008308 -0.023654
v 0.010777 0.035226 -0.038794
v 0.011916 0.035409 -0.039610
v 0.010498 0.035556 -0.040175
v -0.041932 0.019617 0.026598
v -0.041562 0.020444 0.025736
v -0.042299 0.019354 0.025591
v 0.002325 0.007712 -0.012858
v 0.022892 0.008043 -0.010296
v 0.014724 0.008041 -0.017918
v 0.010777 0.035226 -0.038794
v 0.010498 0.035556 -0.040175
v 0.010044 0.035500 -0.039694
v 0.012379 0.006058 -0.010057
v 0.008377 0.006058 -0.010057
v 0.023913 0.006533 -0.024535
v 0.008239 0.034852 -0.037931
v 0.007319 0.034519 -0.037600
v 0.008256 0.033869 -0.037297
v -0.041142 0.020194 0.027851
v -0.042414 0.018268 0.027678
v -0.041462 0.019346 0.028971
v -0.042414 0.018268 0.027678
v -0.042290 0.017684 0.029348
v -0.041462 0.019346 0.028971
v -0.033336 0.021772 0.028323
v -0.032877 0.022714 0.025617
v -0.033739 0.021927 0.029672
v -0.032877 0.022714 0.025617
v -0.033444 0.022730 0.027169
v -0.033739 0.021927 0.029672
v -0.027777 0.031364 -0.030568
v -0.028089 0.031087 -0.029453
v -0.027327 0.028817 -0.031597
v -0.033444 0.022730 0.027169
v -0.033841 0.022304 0.029011
v -0.033739 0.021927 0.029672
v -0.033739 0.021927 0.029672
v -0.034362 0.021994 0.030316
v -0.034160 0.021572 0.031354
v -0.034362 0.021994 0.030316
v -0.034516 0.021624 0.031592
v -0.034160 0.021572 0.031354
v -0.034682 0.031364 -0.030429
v -0.035189 0.030086 -0.030978
v -0.035001 0.031230 -0.029534
v -0.034855 0.030310 -0.031722
v -0.035189 0.030086 -0.030978
v -0.034682 0.031364 -0.030429
v -0.033841 0.022304 0.029011
v -0.034362 0.021994 0.030316
v -0.033739 0.021927 0.029672
v -0.036383 0.022131 0.028717
v -0.034362 0.021994 0.030316
v -0.033841 0.022304 0.029011
v 0.025501 0.029985 -0.041814
v 0.026233 0.031643 -0.040875
v 0.027351 0.030023 -0.040957
v -0.028291 0.027663 -0.028519
v -0.028542 0.027964 -0.025872
v -0.028353 0.025652 -0.028644
v -0.028790 0.031367 -0.025423
v -0.028619 0.030254 -0.024183
v -0.028542 0.027964 -0.025872
v -0.028291 0.027663 -0.028519
v -0.028473 0.030674 -0.026988
v -0.028542 0.027964 -0.025872
v -0.028542 0.027964 -0.025872
v -0.028582 0.027972 -0.021190
v -0.028584 0.023543 -0.027514
v -0.028790 0.031367 -0.025423
v -0.028542 0.027964 -0.025872
v -0.028473 0.030674 -0.026988
v 0.026233 0.031643 -0.040875
v 0.028363 0.031649 -0.039673
v 0.027351 0.030023 -0.040957
v -0.045552 0.015362 -0.002361
v -0.044549 0.017042 -0.003268
v -0.044421 0.017030 -0.005237
v -0.034941 0.031341 -0.022776
v -0.035308 0.031291 -0.024634
v -0.036030 0.030774 -0.023103
v -0.035592 0.031011 -0.026976
v -0.036091 0.030271 -0.027218
v -0.035904 0.030800 -0.025923
v -0.035904 0.030800 -0.025923
v -0.036398 0.030212 -0.025518
v -0.035835 0.030912 -0.025143
v -0.046712 0.013853 0.000750
v -0.045627 0.015397 0.002977
v -0.046137 0.014614 0.000239
v -0.035904 0.030800 -0.025923
v -0.035835 0.030912 -0.025143
v -0.034593 0.031639 -0.025191
v 0.026641 0.028764 -0.041676
v 0.028575 0.026452 -0.041233
v 0.026862 0.025896 -0.042258
v -0.048475 0.011623 -0.003648
v -0.048841 0.011034 -0.002617
v -0.047821 0.012522 -0.001476
v -0.046550 0.013962 -0.003497
v -0.048475 0.011623 -0.003648
v -0.047821 0.012522 -0.001476
v -0.045552 0.015362 -0.002361
v -0.046550 0.013962 -0.003497
v -0.047821 0.012522 -0.001476
v -0.035592 0.031011 -0.026976
v -0.035481 0.030884 -0.028440
v -0.036091 0.030271 -0.027218
v 0.029337 0.028911 -0.040083
v 0.028575 0.026452 -0.041233
v 0.026641 0.028764 -0.041676
v -0.046550 0.013962 -0.003497
v -0.047069 0.013244 -0.005581
v -0.048475 0.011623 -0.003648
v 0.028575 0.026452 -0.041233
v 0.028078 0.024186 -0.042034
v 0.026862 0.025896 -0.042258
v 0.029599 0.025467 -0.040791
v 0.028078 0.024186 -0.042034
v 0.028575 0.026452 -0.041233
v -0.036397 0.030034 -0.026265
v -0.036398 0.030212 -0.025518
v -0.035904 0.030800 -0.025923
v 0.026641 0.028764 -0.041676
v 0.027351 0.030023 -0.040957
v 0.029337 0.028911 -0.040083
v 0.026641 0.028764 -0.041676
v 0.025501 0.029985 -0.041814
v 0.027351 0.030023 -0.040957
v -0.036091 0.030271 -0.027218
v -0.036397 0.030034 -0.026265
v -0.035904 0.030800 -0.025923
v -0.036699 0.029957 -0.024481
v -0.036618 0.030255 -0.022712
v -0.036030 0.030774 -0.023103
v -0.048646 0.011176 -0.005737
v -0.049111 0.009320 -0.005875
v -0.048935 0.010747 -0.003701
v -0.048475 0.011623 -0.003648
v -0.048646 0.011176 -0.005737
v -0.048935 0.010747 -0.003701
v -0.048475 0.011623 -0.003648
v -0.048935 0.010747 -0.003701
v -0.048841 0.011034 -0.002617
v -0.049214 0.009516 -0.003777
v -0.049247 0.009892 -0.001606
v -0.048841 0.011034 -0.002617
v -0.049214 0.009516 -0.003777
v -0.049332 0.009267 -0.001638
v -0.049247 0.009892 -0.001606
v -0.036525 0.027368 -0.029319
v -0.035970 0.027759 -0.030720
v -0.036761 0.025315 -0.030142
v -0.048935 0.010747 -0.003701
v -0.049214 0.009516 -0.003777
v -0.048841 0.011034 -0.002617
v -0.049111 0.009320 -0.005875
v -0.049214 0.009516 -0.003777
v -0.048935 0.010747 -0.003701
v -0.035481 0.030884 -0.028440
v -0.035478 0.030687 -0.029027
v -0.036444 0.029319 -0.027561
v -0.047069 0.013244 -0.005581
v -0.048646 0.011176 -0.005737
v -0.048475 0.011623 -0.003648
v 0.033832 0.031684 -0.032301
v 0.033531 0.031360 -0.033624
v 0.033193 0.032139 -0.032764
v 0.034274 0.030372 -0.033010
v 0.033531 0.031360 -0.033624
v 0.033832 0.031684 -0.032301
v -0.048844 0.011141 0.000647
v -0.048511 0.011632 0.002898
v -0.048049 0.012257 0.000690
v -0.036444 0.029319 -0.027561
v -0.036091 0.030271 -0.027218
v -0.035481 0.030884 -0.028440
v 0.034274 0.030372 -0.033010
v 0.033832 0.031684 -0.032301
v 0.034737 0.030166 -0.032050
v -0.046712 0.013853 0.000750
v -0.047821 0.012522 -0.001476
v -0.048049 0.012257 0.000690
v -0.046137 0.014614 0.000239
v -0.047821 0.012522 -0.001476
v -0.046712 0.013853 0.000750
v -0.046137 0.014614 0.000239
v -0.045552 0.015362 -0.002361
v -0.047821 0.012522 -0.001476
v -0.047821 0.012522 -0.001476
v -0.048841 0.011034 -0.002617
v -0.048844 0.011141 0.000647
v 0.034737 0.030166 -0.032050
v 0.033832 0.031684 -0.032301
v 0.034324 0.031476 -0.031277
v -0.047821 0.012522 -0.001476
v -0.048844 0.011141 0.000647
v -0.048049 0.012257 0.000690
v -0.048844 0.011141 0.000647
v -0.048841 0.011034 -0.002617
v -0.049247 0.009892 -0.001606
v -0.048511 0.011632 0.002898
v -0.048844 0.011141 0.000647
v -0.049277 0.010007 0.002850
v 0.033531 0.031360 -0.033624
v 0.034274 0.030372 -0.033010
v 0.033161 0.030653 -0.034998
v -0.037476 0.026159 -0.026923
v -0.037488 0.023368 -0.029364
v -0.038696 0.022453 -0.025609
v -0.049247 0.009892 -0.001606
v -0.049332 0.009267 -0.001638
v -0.049433 0.008286 0.000540
v -0.037232 0.028144 -0.025775
v -0.037013 0.029120 -0.025107
v -0.036397 0.030034 -0.026265
v -0.037013 0.029120 -0.025107
v -0.037232 0.028144 -0.025775
v -0.037947 0.027996 -0.022152
v -0.036444 0.029319 -0.027561
v -0.037232 0.028144 -0.025775
v -0.036397 0.030034 -0.026265
v -0.036444 0.029319 -0.027561
v -0.036525 0.027368 -0.029319
v -0.037232 0.028144 -0.025775
v 0.033342 0.028394 -0.035907
v 0.034274 0.030372 -0.033010
v 0.034845 0.026796 -0.033892
v 0.033161 0.030653 -0.034998
v 0.034274 0.030372 -0.033010
v 0.033342 0.028394 -0.035907
v -0.036525 0.027368 -0.029319
v -0.037476 0.026159 -0.026923
v -0.037232 0.028144 -0.025775
v -0.049433 0.008286 0.000540
v -0.048844 0.011141 0.000647
v -0.049247 0.009892 -0.001606
v 0.034274 0.030372 -0.033010
v 0.034737 0.030166 -0.032050
v 0.034845 0.026796 -0.033892
v -0.048669 0.000000 -0.014679
v -0.049138 0.000000 -0.010991
v -0.048599 0.005485 -0.011929
v 0.034737 0.030166 -0.032050
v 0.035167 0.029520 -0.031497
v 0.034845 0.026796 -0.033892
v -0.048744 0.006996 -0.010002
v -0.048765 0.009373 -0.009835
v -0.048542 0.009172 -0.011737
v -0.048744 0.006996 -0.010002
v -0.048876 0.010064 -0.007827
v -0.048765 0.009373 -0.009835
v 0.028784 0.013380 -0.012993
v 0.028775 0.010095 -0.016418
v 0.028738 0.009900 -0.015400
v -0.048599 0.005485 -0.011929
v -0.048744 0.006996 -0.010002
v -0.048542 0.009172 -0.011737
v -0.020431 0.017922 -0.033139
v -0.020779 0.022460 -0.033753
v -0.022641 0.019032 -0.033162
v 0.028730 0.010015 -0.012404
v 0.028745 0.013892 -0.010303
v 0.028784 0.013380 -0.012993
v -0.022641 0.019032 -0.033162
v -0.023730 0.022896 -0.033516
v -0.024717 0.022565 -0.033372
v -0.049111 0.009320 -0.005875
v -0.048744 0.006996 -0.010002
v -0.049259 0.004738 -0.006011
v -0.024717 0.022565 -0.033372
v -0.025696 0.019500 -0.032969
v -0.022641 0.019032 -0.033162
v -0.049111 0.009320 -0.005875
v -0.049259 0.004738 -0.006011
v -0.049214 0.009516 -0.003777
v -0.048599 0.005485 -0.011929
v -0.049138 0.000000 -0.010991
v -0.049259 0.004738 -0.006011
v -0.049817 0.000000 -0.002817
v -0.049259 0.004738 -0.006011
v -0.049138 0.000000 -0.010991
v -0.025696 0.019500 -0.032969
v -0.025695 0.022953 -0.033323
v -0.026786 0.021384 -0.033057
v -0.025696 0.019500 -0.032969
v -0.026786 0.021384 -0.033057
v -0.026819 0.020933 -0.033007
v -0.026819 0.020933 -0.033007
v -0.026831 0.020854 -0.032998
v -0.025696 0.019500 -0.032969
v -0.036030 0.030774 -0.023103
v -0.035835 0.030912 -0.025143
v -0.036699 0.029957 -0.024481
v -0.048744 0.006996 -0.010002
v -0.048599 0.005485 -0.011929
v -0.049259 0.004738 -0.006011
v -0.049817 0.000000 -0.002817
v -0.049554 0.004248 -0.001730
v -0.049259 0.004738 -0.006011
v -0.049554 0.004248 -0.001730
v -0.049817 0.000000 -0.002817
v -0.050000 0.000000 0.002218
v -0.036397 0.030034 -0.026265
v -0.037013 0.029120 -0.025107
v -0.036398 0.030212 -0.025518
v -0.049214 0.009516 -0.003777
v -0.049259 0.004738 -0.006011
v -0.049554 0.004248 -0.001730
v -0.026831 0.020854 -0.032998
v -0.026987 0.019935 -0.032872
v -0.025696 0.019500 -0.032969
v -0.049433 0.008286 0.000540
v -0.049616 0.005311 0.002778
v -0.049277 0.010007 0.002850
v -0.036397 0.030034 -0.026265
v -0.036091 0.030271 -0.027218
v -0.036444 0.029319 -0.027561
v -0.026786 0.021384 -0.033057
v -0.026638 0.022437 -0.033179
v -0.027017 0.021101 -0.032783
v -0.026695 0.023321 -0.033052
v -0.027017 0.021101 -0.032783
v -0.026638 0.022437 -0.033179
v -0.036699 0.029957 -0.024481
v -0.035835 0.030912 -0.025143
v -0.036398 0.030212 -0.025518
v -0.048844 0.011141 0.000647
v -0.049433 0.008286 0.000540
v -0.049277 0.010007 0.002850
v -0.049332 0.009267 -0.001638
v -0.049554 0.004248 -0.001730
v -0.049433 0.008286 0.000540
v -0.026786 0.021384 -0.033057
v -0.027017 0.021101 -0.032783
v -0.026819 0.020933 -0.033007
v -0.027024 0.019561 -0.032823
v -0.025696 0.019500 -0.032969
v -0.027009 0.019807 -0.032854
v -0.049554 0.004248 -0.001730
v -0.050000 0.000000 0.002218
v -0.049616 0.005311 0.002778
v -0.036699 0.029957 -0.024481
v -0.036398 0.030212 -0.025518
v -0.037013 0.029120 -0.025107
v -0.049433 0.008286 0.000540
v -0.049554 0.004248 -0.001730
v -0.049616 0.005311 0.002778
v -0.049332 0.009267 -0.001638
v -0.049214 0.009516 -0.003777
v -0.049554 0.004248 -0.001730
v -0.030593 0.031781 -0.022897
v -0.029266 0.031141 -0.020548
v -0.029290 0.031493 -0.022912
v -0.027009 0.019807 -0.032854
v -0.026993 0.019895 -0.032866
v -0.027035 0.019928 -0.032819
v -0.028790 0.031367 -0.025423
v -0.029290 0.031493 -0.022912
v -0.029266 0.031141 -0.020548
v -0.048599 0.005485 -0.011929
v -0.048542 0.009172 -0.011737
v -0.048273 0.007800 -0.013692
v -0.026987 0.019935 -0.032872
v -0.026993 0.019895 -0.032866
v -0.025696 0.019500 -0.032969
v -0.048225 0.010309 -0.013406
v -0.048273 0.007800 -0.013692
v -0.048542 0.009172 -0.011737
v -0.027035 0.019928 -0.032819
v -0.026993 0.019895 -0.032866
v -0.026987 0.019935 -0.032872
v -0.026987 0.019935 -0.032872
v -0.026831 0.020854 -0.032998
v -0.027035 0.019928 -0.032819
v -0.026819 0.020933 -0.033007
v -0.027017 0.021101 -0.032783
v -0.026831 0.020854 -0.032998
v -0.027035 0.019928 -0.032819
v -0.026831 0.020854 -0.032998
v -0.027017 0.021101 -0.032783
v -0.027035 0.019928 -0.032819
v -0.027537 0.019272 -0.032036
v -0.027009 0.019807 -0.032854
v -0.031270 0.031554 -0.021039
v -0.030556 0.031353 -0.019865
v -0.029266 0.031141 -0.020548
v 0.041863 0.023267 0.005109
v 0.042066 0.022798 0.007132
v 0.043193 0.020565 0.003036
v -0.033259 0.017459 0.028832
v -0.033336 0.021772 0.028323
v -0.033739 0.021927 0.029672
v 0.034324 0.031476 -0.031277
v 0.034816 0.030989 -0.030711
v 0.034737 0.030166 -0.032050
v -0.033896 0.020886 0.031151
v -0.033259 0.017459 0.028832
v -0.033739 0.021927 0.029672
v -0.030593 0.031781 -0.022897
v -0.031270 0.031554 -0.021039
v -0.029266 0.031141 -0.020548
v 0.035366 0.009601 0.042061
v 0.036043 0.009133 0.042935
v 0.036129 0.012190 0.041787
v 0.034845 0.026796 -0.033892
v 0.035577 0.025395 -0.033081
v 0.034951 0.023732 -0.035259
v 0.036129 0.012190 0.041787
v 0.035990 0.014622 0.040887
v 0.035483 0.011639 0.041223
v 0.029802 0.032851 -0.037149
v 0.029268 0.033240 -0.036592
v 0.030409 0.032791 -0.036500
v 0.035483 0.011639 0.041223
v 0.034876 0.011996 0.039112
v 0.034839 0.010795 0.039638
v 0.028474 0.009039 -0.012027
v 0.028611 0.009308 -0.012228
v 0.027937 0.008689 -0.013380
v 0.034876 0.011996 0.039112
v 0.035483 0.011639 0.041223
v 0.035990 0.014622 0.040887
v 0.028611 0.009308 -0.012228
v 0.028199 0.008844 -0.013645
v 0.027937 0.008689 -0.013380
v 0.034876 0.011996 0.039112
v 0.034259 0.010532 0.036997
v 0.034839 0.010795 0.039638
v 0.027757 0.008608 -0.013244
v 0.028474 0.009039 -0.012027
v 0.027937 0.008689 -0.013380
v -0.030593 0.031781 -0.022897
v -0.034152 0.031489 -0.022098
v -0.031270 0.031554 -0.021039
v 0.034876 0.011996 0.039112
v 0.034851 0.013871 0.038454
v 0.034314 0.012058 0.036344
v -0.028790 0.031367 -0.025423
v -0.029266 0.031141 -0.020548
v -0.028742 0.030288 -0.018183
v 0.031396 0.032303 -0.036079
v 0.031293 0.031941 -0.036691
v 0.030409 0.032791 -0.036500
v -0.030556 0.031353 -0.019865
v -0.031270 0.031554 -0.021039
v -0.032921 0.031225 -0.018666
v 0.038406 0.009189 0.042002
v 0.037597 0.008662 0.042589
v 0.038413 0.007878 0.042182
v 0.029168 0.032909 -0.037769
v 0.029268 0.033240 -0.036592
v 0.029802 0.032851 -0.037149
v -0.032921 0.031225 -0.018666
v -0.030463 0.030739 -0.015641
v -0.030556 0.031353 -0.019865
v 0.038406 0.009189 0.042002
v 0.037636 0.010224 0.042187
v 0.037597 0.008662 0.042589
v -0.030593 0.031781 -0.022897
v -0.034135 0.031617 -0.023323
v -0.034152 0.031489 -0.022098
v -0.032921 0.031225 -0.018666
v -0.031270 0.031554 -0.021039
v -0.034152 0.031489 -0.022098
v 0.037636 0.010224 0.042187
v 0.036854 0.009723 0.042740
v 0.037597 0.008662 0.042589
v 0.029098 0.032559 -0.038355
v 0.027817 0.033093 -0.038692
v 0.029168 0.032909 -0.037769
v 0.038406 0.009189 0.042002
v 0.038378 0.010680 0.041502
v 0.037636 0.010224 0.042187
v -0.034152 0.031489 -0.022098
v -0.034751 0.031043 -0.019157
v -0.032921 0.031225 -0.018666
v 0.040694 0.009176 0.040131
v 0.038378 0.010680 0.041502
v 0.038406 0.009189 0.042002
v -0.034941 0.031341 -0.022776
v -0.034152 0.031489 -0.022098
v -0.034135 0.031617 -0.023323
v 0.037547 0.011841 0.041567
v 0.036129 0.012190 0.041787
v 0.036876 0.011304 0.042126
v -0.034152 0.031489 -0.022098
v -0.035532 0.030887 -0.020029
v -0.034751 0.031043 -0.019157
v -0.036187 0.030594 -0.020853
v -0.035532 0.030887 -0.020029
v -0.034152 0.031489 -0.022098
v -0.034152 0.031489 -0.022098
v -0.034941 0.031341 -0.022776
v -0.035436 0.031112 -0.022444
v 0.035366 0.009601 0.042061
v 0.035483 0.011639 0.041223
v 0.034839 0.010795 0.039638
v -0.034135 0.031617 -0.023323
v -0.034384 0.031645 -0.024290
v -0.034941 0.031341 -0.022776
v -0.036187 0.030594 -0.020853
v -0.034152 0.031489 -0.022098
v -0.035436 0.031112 -0.022444
v 0.030503 0.032031 -0.037521
v 0.029036 0.032101 -0.038872
v 0.029098 0.032559 -0.038355
v 0.030503 0.032031 -0.037521
v 0.029586 0.031344 -0.038928
v 0.029036 0.032101 -0.038872
v 0.036811 0.008974 0.042913
v 0.036043 0.009133 0.042935
v 0.035998 0.008702 0.042906
v 0.036811 0.008974 0.042913
v 0.036854 0.009723 0.042740
v 0.036043 0.009133 0.042935
v 0.037597 0.008662 0.042589
v 0.036854 0.009723 0.042740
v 0.036811 0.008974 0.042913
v 0.036876 0.011304 0.042126
v 0.036043 0.009133 0.042935
v 0.036854 0.009723 0.042740
v 0.036876 0.011304 0.042126
v 0.036129 0.012190 0.041787
v 0.036043 0.009133 0.042935
v 0.029586 0.031344 -0.038928
v 0.031593 0.030239 -0.037501
v 0.028982 0.030480 -0.039807
v 0.036876 0.011304 0.042126
v 0.036854 0.009723 0.042740
v 0.037636 0.010224 0.042187
v 0.029586 0.031344 -0.038928
v 0.031185 0.031286 -0.037383
v 0.031593 0.030239 -0.037501
v 0.038378 0.010680 0.041502
v 0.037547 0.011841 0.041567
v 0.036876 0.011304 0.042126
v 0.038378 0.010680 0.041502
v 0.036876 0.011304 0.042126
v 0.037636 0.010224 0.042187
v 0.035366 0.009601 0.042061
v 0.035245 0.008700 0.042088
v 0.036043 0.009133 0.042935
v 0.035245 0.008700 0.042088
v 0.035998 0.008702 0.042906
v 0.036043 0.009133 0.042935
v -0.036030 0.030774 -0.023103
v -0.036618 0.030255 -0.022712
v -0.035436 0.031112 -0.022444
v 0.035245 0.008700 0.042088
v 0.035940 0.008251 0.042733
v 0.035998 0.008702 0.042906
v -0.036030 0.030774 -0.023103
v -0.035436 0.031112 -0.022444
v -0.034941 0.031341 -0.022776
v -0.030556 0.031353 -0.019865
v -0.030463 0.030739 -0.015641
v -0.029266 0.031141 -0.020548
v 0.030503 0.032031 -0.037521
v 0.029098 0.032559 -0.038355
v 0.029168 0.032909 -0.037769
v -0.030463 0.030739 -0.015641
v -0.033875 0.031092 -0.018197
v -0.034024 0.030867 -0.016648
v 0.029802 0.032851 -0.037149
v 0.030503 0.032031 -0.037521
v 0.029168 0.032909 -0.037769
v 0.031293 0.031941 -0.036691
v 0.030503 0.032031 -0.037521
v 0.030409 0.032791 -0.036500
v 0.030503 0.032031 -0.037521
v 0.029802 0.032851 -0.037149
v 0.030409 0.032791 -0.036500
v -0.033875 0.031092 -0.018197
v -0.035455 0.030730 -0.018124
v -0.034024 0.030867 -0.016648
v -0.035455 0.030730 -0.018124
v -0.036166 0.030290 -0.016468
v -0.034024 0.030867 -0.016648
v -0.034024 0.030867 -0.016648
v -0.036166 0.030290 -0.016468
v -0.034193 0.030644 -0.015042
v 0.040694 0.009176 0.040131
v 0.039207 0.008177 0.041655
v 0.041552 0.007752 0.039760
v 0.031293 0.031941 -0.036691
v 0.031185 0.031286 -0.037383
v 0.030503 0.032031 -0.037521
v 0.032193 0.031582 -0.035804
v 0.031293 0.031941 -0.036691
v 0.031396 0.032303 -0.036079
v 0.041552 0.007752 0.039760
v 0.040968 0.006425 0.040816
v 0.041945 0.004917 0.040358
v 0.031185 0.031286 -0.037383
v 0.032219 0.029979 -0.036834
v 0.031593 0.030239 -0.037501
v 0.040694 0.009176 0.040131
v 0.041552 0.007752 0.039760
v 0.041376 0.009629 0.039268
v 0.031293 0.031941 -0.036691
v 0.032219 0.029979 -0.036834
v 0.031185 0.031286 -0.037383
v 0.043046 0.007283 0.038095
v 0.041376 0.009629 0.039268
v 0.041552 0.007752 0.039760
v -0.030463 0.030739 -0.015641
v -0.032921 0.031225 -0.018666
v -0.033875 0.031092 -0.018197
v 0.041945 0.004917 0.040358
v 0.043046 0.007283 0.038095
v 0.041552 0.007752 0.039760
v 0.032219 0.029979 -0.036834
v 0.031293 0.031941 -0.036691
v 0.032193 0.031582 -0.035804
v -0.033875 0.031092 -0.018197
v -0.034751 0.031043 -0.019157
v -0.035455 0.030730 -0.018124
v -0.034751 0.031043 -0.019157
v -0.035532 0.030887 -0.020029
v -0.035455 0.030730 -0.018124
v 0.039207 0.008177 0.041655
v 0.040694 0.009176 0.040131
v 0.038406 0.009189 0.042002
v 0.030503 0.032031 -0.037521
v 0.031185 0.031286 -0.037383
v 0.029586 0.031344 -0.038928
v 0.027080 0.033137 -0.039205
v 0.027744 0.032566 -0.039410
v 0.026277 0.032779 -0.040087
v 0.027080 0.033137 -0.039205
v 0.027817 0.033093 -0.038692
v 0.027744 0.032566 -0.039410
v 0.027744 0.032566 -0.039410
v 0.027817 0.033093 -0.038692
v 0.029036 0.032101 -0.038872
v -0.034751 0.031043 -0.019157
v -0.033875 0.031092 -0.018197
v -0.032921 0.031225 -0.018666
v 0.041552 0.007752 0.039760
v 0.039207 0.008177 0.041655
v 0.039279 0.007344 0.041825
v 0.029036 0.032101 -0.038872
v 0.027817 0.033093 -0.038692
v 0.029098 0.032559 -0.038355
v 0.039279 0.007344 0.041825
v 0.039516 0.005870 0.042242
v 0.040968 0.006425 0.040816
v 0.039279 0.007344 0.041825
v 0.040968 0.006425 0.040816
v 0.041552 0.007752 0.039760
v 0.033863 0.008393 0.037519
v 0.034839 0.010795 0.039638
v 0.034259 0.010532 0.036997
v 0.033863 0.008393 0.037519
v 0.034545 0.008544 0.040198
v 0.034839 0.010795 0.039638
v 0.033863 0.008393 0.037519
v 0.033664 0.008030 0.037371
v 0.033923 0.007470 0.039719
v 0.034261 0.007859 0.039788
v 0.033863 0.008393 0.037519
v 0.033923 0.007470 0.039719
v 0.034261 0.007859 0.039788
v 0.034545 0.008544 0.040198
v 0.033863 0.008393 0.037519
v -0.028742 0.030288 -0.018183
v -0.028472 0.028123 -0.017610
v -0.028582 0.027972 -0.021190
v -0.028628 0.030027 -0.022642
v -0.028742 0.030288 -0.018183
v -0.028582 0.027972 -0.021190
v -0.036950 0.029774 -0.015524
v -0.036784 0.029770 -0.014173
v -0.034193 0.030644 -0.015042
v 0.026393 0.033643 -0.038712
v 0.025613 0.033800 -0.038880
v 0.026431 0.033783 -0.038037
v 0.027937 0.008689 -0.013380
v 0.028199 0.008844 -0.013645
v 0.027515 0.008615 -0.014964
v 0.027515 0.008615 -0.014964
v 0.027757 0.008608 -0.013244
v 0.027937 0.008689 -0.013380
v 0.033923 0.007470 0.039719
v 0.033664 0.008030 0.037371
v 0.033301 0.007709 0.037233
v 0.028662 0.009503 -0.012303
v 0.028730 0.010015 -0.012404
v 0.028351 0.008967 -0.013859
v 0.028672 0.009532 -0.014340
v 0.028784 0.013380 -0.012993
v 0.028738 0.009900 -0.015400
v -0.033259 0.017459 0.028832
v -0.033896 0.020886 0.031151
v -0.033827 0.015973 0.032251
v 0.028730 0.010015 -0.012404
v 0.028534 0.009160 -0.014134
v 0.028468 0.009072 -0.014035
v -0.034160 0.021572 0.031354
v -0.034252 0.021114 0.032251
v -0.033896 0.020886 0.031151
v -0.033896 0.020886 0.031151
v -0.033739 0.021927 0.029672
v -0.034160 0.021572 0.031354
v 0.026393 0.033643 -0.038712
v 0.026431 0.033783 -0.038037
v 0.027817 0.033093 -0.038692
v -0.034252 0.021114 0.032251
v -0.034160 0.021572 0.031354
v -0.034516 0.021624 0.031592
v -0.034516 0.021624 0.031592
v -0.034593 0.021291 0.032518
v -0.034252 0.021114 0.032251
v 0.028662 0.009503 -0.012303
v 0.028199 0.008844 -0.013645
v 0.028611 0.009308 -0.012228
v -0.034252 0.021114 0.032251
v -0.034593 0.021291 0.032518
v -0.034386 0.020616 0.033128
v 0.027515 0.008615 -0.014964
v 0.028199 0.008844 -0.013645
v 0.028351 0.008967 -0.013859
v 0.024806 0.033978 -0.039043
v 0.025613 0.033800 -0.038880
v 0.024727 0.033511 -0.040097
v 0.024727 0.033511 -0.040097
v 0.025613 0.033800 -0.038880
v 0.026277 0.032779 -0.040087
v 0.025613 0.033800 -0.038880
v 0.026393 0.033643 -0.038712
v 0.026277 0.032779 -0.040087
v 0.027080 0.033137 -0.039205
v 0.026277 0.032779 -0.040087
v 0.026393 0.033643 -0.038712
v 0.028468 0.009072 -0.014035
v 0.028534 0.009160 -0.014134
v 0.027515 0.008615 -0.014964
v 0.028534 0.009160 -0.014134
v 0.028240 0.008941 -0.015600
v 0.027515 0.008615 -0.014964
v 0.026393 0.033643 -0.038712
v 0.027817 0.033093 -0.038692
v 0.027080 0.033137 -0.039205
v -0.034593 0.021291 0.032518
v -0.034516 0.021624 0.031592
v -0.037907 0.021165 0.030588
v 0.028468 0.009072 -0.014035
v 0.027515 0.008615 -0.014964
v 0.028351 0.008967 -0.013859
v 0.028672 0.009532 -0.014340
v 0.028730 0.010015 -0.012404
v 0.028784 0.013380 -0.012993
v 0.027744 0.032566 -0.039410
v 0.026233 0.031643 -0.040875
v 0.026277 0.032779 -0.040087
v 0.028730 0.010015 -0.012404
v 0.028672 0.009532 -0.014340
v 0.028534 0.009160 -0.014134
v 0.028730 0.010015 -0.012404
v 0.028468 0.009072 -0.014035
v 0.028351 0.008967 -0.013859
v -0.034593 0.021291 0.032518
v -0.034730 0.020880 0.033504
v -0.034386 0.020616 0.033128
v 0.028199 0.008844 -0.013645
v 0.028662 0.009503 -0.012303
v 0.028351 0.008967 -0.013859
v 0.028240 0.008941 -0.015600
v 0.028534 0.009160 -0.014134
v 0.028672 0.009532 -0.014340
v -0.034576 0.019847 0.034294
v -0.034386 0.020616 0.033128
v -0.034730 0.020880 0.033504
v -0.034730 0.020880 0.033504
v -0.034963 0.020168 0.034948
v -0.034576 0.019847 0.034294
v -0.035215 0.019216 0.036539
v -0.035384 0.018184 0.037850
v -0.034873 0.017464 0.036721
v -0.034576 0.019847 0.034294
v -0.035215 0.019216 0.036539
v -0.034873 0.017464 0.036721
v -0.034963 0.020168 0.034948
v -0.035215 0.019216 0.036539
v -0.034576 0.019847 0.034294
v 0.026431 0.033783 -0.038037
v 0.025613 0.033800 -0.038880
v 0.024872 0.034098 -0.037679
v 0.042985 0.020754 0.011299
v 0.044979 0.016456 0.005169
v 0.042896 0.021162 0.007683
v 0.024872 0.034098 -0.037679
v 0.024806 0.033978 -0.039043
v 0.024021 0.034225 -0.038423
v 0.041863 0.023267 0.005109
v 0.043193 0.020565 0.003036
v 0.042228 0.022651 0.002575
v 0.024872 0.034098 -0.037679
v 0.025613 0.033800 -0.038880
v 0.024806 0.033978 -0.039043
v 0.026431 0.033783 -0.038037
v 0.024872 0.034098 -0.037679
v 0.024888 0.033886 -0.035846
v 0.041863 0.023267 0.005109
v 0.042228 0.022651 0.002575
v 0.041507 0.023831 0.005119
v 0.043193 0.020565 0.003036
v 0.042066 0.022798 0.007132
v 0.042896 0.021162 0.007683
v 0.028669 0.009492 -0.010176
v 0.028719 0.009874 -0.010250
v 0.028347 0.008907 -0.011836
v -0.026993 0.019895 -0.032866
v -0.027009 0.019807 -0.032854
v -0.025696 0.019500 -0.032969
v 0.028719 0.009874 -0.010250
v 0.028745 0.013892 -0.010303
v 0.028730 0.010015 -0.012404
v -0.024668 0.015950 -0.032330
v -0.020431 0.017922 -0.033139
v -0.022641 0.019032 -0.033162
v 0.028719 0.009874 -0.010250
v 0.028662 0.009503 -0.012303
v 0.028611 0.009308 -0.012228
v 0.028719 0.009874 -0.010250
v 0.028611 0.009308 -0.012228
v 0.028474 0.009039 -0.012027
v -0.026692 0.018389 -0.032724
v -0.025696 0.019500 -0.032969
v -0.027024 0.019561 -0.032823
v 0.042985 0.020754 0.011299
v 0.042896 0.021162 0.007683
v 0.042098 0.022625 0.009144
v -0.027024 0.019561 -0.032823
v -0.027083 0.018432 -0.032696
v -0.026692 0.018389 -0.032724
v 0.042896 0.021162 0.007683
v 0.042066 0.022798 0.007132
v 0.042098 0.022625 0.009144
v 0.028347 0.008907 -0.011836
v 0.028623 0.009296 -0.010108
v 0.028669 0.009492 -0.010176
v 0.028719 0.009874 -0.010250
v 0.028730 0.010015 -0.012404
v 0.028662 0.009503 -0.012303
v -0.027024 0.019561 -0.032823
v -0.027009 0.019807 -0.032854
v -0.027537 0.019272 -0.032036
v 0.028719 0.009874 -0.010250
v 0.028474 0.009039 -0.012027
v 0.028347 0.008907 -0.011836
v -0.027024 0.019561 -0.032823
v -0.027537 0.019272 -0.032036
v -0.027083 0.018432 -0.032696
v 0.028347 0.008907 -0.011836
v 0.028031 0.008662 -0.011471
v 0.028623 0.009296 -0.010108
v -0.026692 0.018389 -0.032724
v -0.027083 0.018432 -0.032696
v -0.027088 0.018390 -0.032691
v 0.027342 0.008411 -0.011117
v 0.028340 0.008836 -0.009694
v 0.028481 0.008998 -0.009900
v -0.027201 0.017758 -0.032557
v -0.026692 0.018389 -0.032724
v -0.027088 0.018390 -0.032691
v -0.027311 0.017202 -0.032424
v -0.026435 0.015535 -0.032073
v -0.027201 0.017758 -0.032557
v -0.027560 0.017163 -0.032081
v -0.027201 0.017758 -0.032557
v -0.027537 0.019272 -0.032036
v -0.027083 0.018432 -0.032696
v -0.027537 0.019272 -0.032036
v -0.027088 0.018390 -0.032691
v 0.042098 0.022625 0.009144
v 0.041982 0.022520 0.012089
v 0.042985 0.020754 0.011299
v 0.042985 0.020754 0.011299
v 0.041982 0.022520 0.012089
v 0.042581 0.021140 0.015141
v 0.001895 0.017043 -0.049466
v 0.003338 0.012226 -0.051319
v -0.000505 0.013563 -0.050909
v 0.041676 0.022604 0.014884
v 0.041765 0.022106 0.017138
v 0.042581 0.021140 0.015141
v 0.001895 0.017043 -0.049466
v 0.005140 0.012708 -0.051104
v 0.003338 0.012226 -0.051319
v 0.041425 0.023175 0.013003
v 0.041982 0.022520 0.012089
v 0.041510 0.023309 0.011086
v 0.044379 0.009613 -0.031102
v 0.044606 0.010440 -0.029909
v 0.044650 0.009135 -0.030230
v -0.028453 0.029010 -0.015614
v -0.028367 0.026546 -0.012802
v -0.028472 0.028123 -0.017610
v 0.043677 0.009827 -0.033258
v 0.043665 0.011014 -0.032510
v 0.044379 0.009613 -0.031102
v 0.044606 0.010440 -0.029909
v 0.044038 0.011590 -0.030529
v 0.044640 0.010998 -0.029231
v 0.044606 0.010440 -0.029909
v 0.044379 0.009613 -0.031102
v 0.044038 0.011590 -0.030529
v 0.045242 0.009264 -0.028061
v 0.044640 0.010998 -0.029231
v 0.044617 0.011547 -0.028553
v 0.043240 0.019393 0.017439
v 0.042906 0.019792 0.019150
v 0.043533 0.018234 0.019645
v 0.045242 0.009264 -0.028061
v 0.044606 0.010440 -0.029909
v 0.044640 0.010998 -0.029231
v 0.043861 0.011305 -0.031543
v 0.044038 0.011590 -0.030529
v 0.044379 0.009613 -0.031102
v 0.043665 0.011014 -0.032510
v 0.043861 0.011305 -0.031543
v 0.044379 0.009613 -0.031102
v 0.045242 0.009264 -0.028061
v 0.045106 0.007526 -0.028640
v 0.044650 0.009135 -0.030230
v 0.027342 0.008411 -0.011117
v 0.028215 0.008717 -0.009542
v 0.028340 0.008836 -0.009694
v 0.028816 0.010942 -0.006939
v 0.028745 0.013892 -0.010303
v 0.028714 0.009588 -0.007978
v 0.028714 0.009588 -0.007978
v 0.028745 0.013892 -0.010303
v 0.028719 0.009874 -0.010250
v 0.043604 0.013147 -0.027971
v 0.044624 0.013240 -0.023395
v 0.045421 0.011750 -0.025069
v 0.028714 0.009588 -0.007978
v 0.028719 0.009874 -0.010250
v 0.028669 0.009492 -0.010176
v 0.045028 0.011225 -0.027566
v 0.043604 0.013147 -0.027971
v 0.045446 0.011330 -0.025785
v 0.043604 0.013147 -0.027971
v 0.045421 0.011750 -0.025069
v 0.045446 0.011330 -0.025785
v 0.028623 0.009296 -0.010108
v 0.028714 0.009588 -0.007978
v 0.028669 0.009492 -0.010176
v 0.045520 0.012205 -0.023360
v 0.045421 0.011750 -0.025069
v 0.044624 0.013240 -0.023395
v 0.043882 0.018413 0.013641
v 0.042581 0.021140 0.015141
v 0.043667 0.018674 0.015643
v 0.042581 0.021140 0.015141
v 0.043240 0.019393 0.017439
v 0.043667 0.018674 0.015643
v 0.028714 0.009588 -0.007978
v 0.028623 0.009296 -0.010108
v 0.028481 0.008998 -0.009900
v 0.028714 0.009588 -0.007978
v 0.028481 0.008998 -0.009900
v 0.028340 0.008836 -0.009694
v 0.043240 0.019393 0.017439
v 0.041961 0.021599 0.018521
v 0.042906 0.019792 0.019150
v 0.043240 0.019393 0.017439
v 0.041765 0.022106 0.017138
v 0.041961 0.021599 0.018521
v 0.028215 0.008717 -0.009542
v 0.028714 0.009588 -0.007978
v 0.028340 0.008836 -0.009694
v 0.045880 0.009690 -0.025583
v 0.045805 0.010579 -0.025373
v 0.046151 0.010406 -0.024137
v 0.041765 0.022106 0.017138
v 0.043240 0.019393 0.017439
v 0.042581 0.021140 0.015141
v 0.042985 0.020754 0.011299
v 0.042581 0.021140 0.015141
v 0.043882 0.018413 0.013641
v 0.046151 0.010406 -0.024137
v 0.046275 0.010890 -0.023021
v 0.046518 0.009648 -0.022954
v -0.028542 0.027964 -0.025872
v -0.028619 0.030254 -0.024183
v -0.028628 0.030027 -0.022642
v 0.046151 0.010406 -0.024137
v 0.045805 0.010579 -0.025373
v 0.045421 0.011750 -0.025069
v -0.028628 0.030027 -0.022642
v -0.028582 0.027972 -0.021190
v -0.028542 0.027964 -0.025872
v -0.028453 0.029010 -0.015614
v -0.028472 0.028123 -0.017610
v -0.028742 0.030288 -0.018183
v -0.028742 0.030288 -0.018183
v -0.028597 0.029446 -0.012515
v -0.028453 0.029010 -0.015614
v 0.046275 0.010890 -0.023021
v 0.046835 0.009697 -0.021531
v 0.046518 0.009648 -0.022954
v 0.042058 0.019176 0.026995
v 0.043096 0.017660 0.025102
v 0.042250 0.019354 0.025591
v -0.035215 0.019216 0.036539
v -0.035752 0.019140 0.037131
v -0.035384 0.018184 0.037850
v -0.035491 0.020064 0.035462
v -0.035752 0.019140 0.037131
v -0.035215 0.019216 0.036539
v -0.028790 0.031367 -0.025423
v -0.028742 0.030288 -0.018183
v -0.028628 0.030027 -0.022642
v -0.034963 0.020168 0.034948
v -0.035491 0.020064 0.035462
v -0.035215 0.019216 0.036539
v -0.028619 0.030254 -0.024183
v -0.028790 0.031367 -0.025423
v -0.028628 0.030027 -0.022642
v -0.035236 0.020760 0.033931
v -0.035491 0.020064 0.035462
v -0.034963 0.020168 0.034948
v -0.035236 0.020760 0.033931
v -0.034963 0.020168 0.034948
v -0.034730 0.020880 0.033504
v -0.034730 0.020880 0.033504
v -0.034593 0.021291 0.032518
v -0.035236 0.020760 0.033931
v -0.034593 0.021291 0.032518
v -0.037907 0.021165 0.030588
v -0.035236 0.020760 0.033931
v 0.042213 0.017794 0.029280
v 0.043096 0.017660 0.025102
v 0.042058 0.019176 0.026995
v -0.034362 0.021994 0.030316
v -0.036383 0.022131 0.028717
v -0.037907 0.021165 0.030588
v -0.036323 0.030364 -0.018382
v -0.035455 0.030730 -0.018124
v -0.036025 0.030633 -0.019763
v 0.045520 0.012205 -0.023360
v 0.046275 0.010890 -0.023021
v 0.046151 0.010406 -0.024137
v -0.036166 0.030290 -0.016468
v -0.035455 0.030730 -0.018124
v -0.036323 0.030364 -0.018382
v -0.037907 0.021165 0.030588
v -0.036383 0.022131 0.028717
v -0.038179 0.021641 0.028794
v 0.045520 0.012205 -0.023360
v 0.046151 0.010406 -0.024137
v 0.045421 0.011750 -0.025069
v -0.037907 0.021165 0.030588
v -0.034516 0.021624 0.031592
v -0.034362 0.021994 0.030316
v 0.045446 0.011330 -0.025785
v 0.045421 0.011750 -0.025069
v 0.045805 0.010579 -0.025373
v 0.042084 0.020700 0.021945
v 0.042250 0.019354 0.025591
v 0.043096 0.017660 0.025102
v 0.045446 0.011330 -0.025785
v 0.045242 0.009264 -0.028061
v 0.045028 0.011225 -0.027566
v -0.036323 0.030364 -0.018382
v -0.037011 0.029882 -0.018090
v -0.036166 0.030290 -0.016468
v 0.045446 0.011330 -0.025785
v 0.045805 0.010579 -0.025373
v 0.045242 0.009264 -0.028061
v -0.035532 0.030887 -0.020029
v -0.036025 0.030633 -0.019763
v -0.035455 0.030730 -0.018124
v -0.036025 0.030633 -0.019763
v -0.036488 0.030337 -0.019528
v -0.036323 0.030364 -0.018382
v -0.036025 0.030633 -0.019763
v -0.035532 0.030887 -0.020029
v -0.036187 0.030594 -0.020853
v -0.037773 0.020213 0.033326
v -0.037907 0.021165 0.030588
v -0.038566 0.020684 0.031218
v 0.043533 0.018234 0.019645
v 0.042906 0.019792 0.019150
v 0.042084 0.020700 0.021945
v 0.044624 0.013240 -0.023395
v 0.044812 0.013339 -0.022079
v 0.045520 0.012205 -0.023360
v 0.044108 0.016085 0.022119
v 0.043533 0.018234 0.019645
v 0.042084 0.020700 0.021945
v 0.043096 0.017660 0.025102
v 0.044108 0.016085 0.022119
v 0.042084 0.020700 0.021945
v -0.037118 0.029796 -0.019244
v -0.036323 0.030364 -0.018382
v -0.036488 0.030337 -0.019528
v 0.041584 0.021507 0.021495
v 0.042084 0.020700 0.021945
v 0.042906 0.019792 0.019150
v 0.041094 0.020194 0.027851
v 0.041582 0.019296 0.028499
v 0.042058 0.019176 0.026995
v 0.005140 0.012708 -0.051104
v 0.001895 0.017043 -0.049466
v 0.006330 0.017026 -0.049295
v 0.007900 0.014216 -0.050393
v 0.005140 0.012708 -0.051104
v 0.006330 0.017026 -0.049295
v 0.028662 0.009304 -0.007902
v 0.028714 0.009588 -0.007978
v 0.028215 0.008717 -0.009542
v 0.008506 0.008100 -0.052026
v 0.003581 0.007431 -0.052375
v 0.007001 0.010359 -0.051674
v 0.007001 0.010359 -0.051674
v 0.008621 0.011026 -0.051416
v 0.008506 0.008100 -0.052026
v 0.002198 0.009974 -0.051940
v 0.003338 0.012226 -0.051319
v 0.007001 0.010359 -0.051674
v 0.000937 0.009300 -0.052120
v -0.001945 0.009902 -0.051968
v -0.000505 0.013563 -0.050909
v -0.036488 0.030337 -0.019528
v -0.036025 0.030633 -0.019763
v -0.036824 0.030093 -0.020508
v -0.036824 0.030093 -0.020508
v -0.036025 0.030633 -0.019763
v -0.036187 0.030594 -0.020853
v 0.002198 0.009974 -0.051940
v 0.000937 0.009300 -0.052120
v -0.000505 0.013563 -0.050909
v 0.002198 0.009974 -0.051940
v -0.000505 0.013563 -0.050909
v 0.003338 0.012226 -0.051319
v 0.003338 0.012226 -0.051319
v 0.005140 0.012708 -0.051104
v 0.007001 0.010359 -0.051674
v 0.007001 0.010359 -0.051674
v 0.005140 0.012708 -0.051104
v 0.007900 0.014216 -0.050393
v -0.037476 0.026159 -0.026923
v -0.037947 0.027996 -0.022152
v -0.037232 0.028144 -0.025775
v -0.035436 0.031112 -0.022444
v -0.036618 0.030255 -0.022712
v -0.036906 0.029977 -0.021540
v 0.042985 0.020754 0.011299
v 0.043882 0.018413 0.013641
v 0.044979 0.016456 0.005169
v -0.000505 0.013563 -0.050909
v -0.001613 0.017011 -0.049481
v 0.001895 0.017043 -0.049466
v 0.042896 0.021162 0.007683
v 0.044979 0.016456 0.005169
v 0.043193 0.020565 0.003036
v 0.043542 0.019635 0.000950
v 0.043193 0.020565 0.003036
v 0.044979 0.016456 0.005169
v 0.044871 0.016555 -0.000206
v 0.043542 0.019635 0.000950
v 0.044979 0.016456 0.005169
v -0.036906 0.029977 -0.021540
v -0.036187 0.030594 -0.020853
v -0.035436 0.031112 -0.022444
v -0.036488 0.030337 -0.019528
v -0.036824 0.030093 -0.020508
v -0.037118 0.029796 -0.019244
v 0.043882 0.018413 0.013641
v 0.045139 0.015675 0.012361
v 0.044979 0.016456 0.005169
v -0.036824 0.030093 -0.020508
v -0.037421 0.029318 -0.021294
v -0.037118 0.029796 -0.019244
v 0.044979 0.016456 0.005169
v 0.045139 0.015675 0.012361
v 0.045873 0.014586 0.010506
v 0.044979 0.016456 0.005169
v 0.045873 0.014586 0.010506
v 0.046937 0.013434 0.005186
v -0.001613 0.017011 -0.049481
v -0.004346 0.014498 -0.050475
v -0.003403 0.018650 -0.048787
v -0.002426 0.012616 -0.051213
v -0.004346 0.014498 -0.050475
v -0.001613 0.017011 -0.049481
v -0.036906 0.029977 -0.021540
v -0.036824 0.030093 -0.020508
v -0.036187 0.030594 -0.020853
v -0.000505 0.013563 -0.050909
v -0.002426 0.012616 -0.051213
v -0.001613 0.017011 -0.049481
v 0.045873 0.014586 0.010506
v 0.045139 0.015675 0.012361
v 0.045463 0.014881 0.014085
v 0.046659 0.013003 0.015332
v 0.047692 0.011828 0.014277
v 0.045873 0.014586 0.010506
v 0.045463 0.014881 0.014085
v 0.046659 0.013003 0.015332
v 0.045873 0.014586 0.010506
v -0.037749 0.029101 -0.018435
v -0.037118 0.029796 -0.019244
v -0.038355 0.027510 -0.020589
v 0.046937 0.013434 0.005186
v 0.048898 0.010642 0.007436
v 0.048683 0.011217 0.005155
v -0.000475 0.007250 -0.052455
v -0.001945 0.009902 -0.051968
v 0.000937 0.009300 -0.052120
v -0.036906 0.029977 -0.021540
v -0.037421 0.029318 -0.021294
v -0.036824 0.030093 -0.020508
v -0.036618 0.030255 -0.022712
v -0.037421 0.029318 -0.021294
v -0.036906 0.029977 -0.021540
v -0.037421 0.029318 -0.021294
v -0.038355 0.027510 -0.020589
v -0.037118 0.029796 -0.019244
v -0.005788 0.012023 -0.051298
v -0.007709 0.010042 -0.051715
v -0.007227 0.013999 -0.050546
v -0.002426 0.012616 -0.051213
v -0.001945 0.009902 -0.051968
v -0.005788 0.012023 -0.051298
v -0.037421 0.029318 -0.021294
v -0.037947 0.027996 -0.022152
v -0.038355 0.027510 -0.020589
v 0.049092 0.010409 0.004000
v 0.048683 0.011217 0.005155
v 0.049228 0.009883 0.005128
v -0.004346 0.014498 -0.050475
v -0.002426 0.012616 -0.051213
v -0.005788 0.012023 -0.051298
v 0.049228 0.009883 0.005128
v 0.048683 0.011217 0.005155
v 0.048898 0.010642 0.007436
v -0.037947 0.027996 -0.022152
v -0.037421 0.029318 -0.021294
v -0.036618 0.030255 -0.022712
v -0.036618 0.030255 -0.022712
v -0.036699 0.029957 -0.024481
v -0.037947 0.027996 -0.022152
v -0.004346 0.014498 -0.050475
v -0.005788 0.012023 -0.051298
v -0.007227 0.013999 -0.050546
v -0.002426 0.012616 -0.051213
v -0.000505 0.013563 -0.050909
v -0.001945 0.009902 -0.051968
v -0.037013 0.029120 -0.025107
v -0.037947 0.027996 -0.022152
v -0.036699 0.029957 -0.024481
v 0.003327 0.007169 -0.052398
v -0.000442 0.007169 -0.052460
v -0.000475 0.007250 -0.052455
v 0.003327 0.007169 -0.052398
v -0.000475 0.007250 -0.052455
v 0.003581 0.007431 -0.052375
v -0.000442 0.007169 -0.052460
v -0.004473 0.007169 -0.052352
v -0.000475 0.007250 -0.052455
v -0.004831 0.007358 -0.052332
v -0.000475 0.007250 -0.052455
v -0.004473 0.007169 -0.052352
v 0.046937 0.013434 0.005186
v 0.048475 0.011360 0.008016
v 0.048898 0.010642 0.007436
v 0.045873 0.014586 0.010506
v 0.048643 0.010948 0.009735
v 0.048475 0.011360 0.008016
v 0.003327 0.007169 -0.052398
v 0.005283 0.007169 -0.038689
v -0.000442 0.007169 -0.052460
v -0.036166 0.030290 -0.016468
v -0.037011 0.029882 -0.018090
v -0.037102 0.029754 -0.016799
v -0.037749 0.029101 -0.018435
v -0.037102 0.029754 -0.016799
v -0.037011 0.029882 -0.018090
v 0.003581 0.007431 -0.052375
v 0.003606 0.007169 -0.052394
v 0.003327 0.007169 -0.052398
v 0.005335 0.004434 -0.052524
v 0.005283 0.004434 -0.052526
v 0.005283 0.004448 -0.052526
v 0.045873 0.014586 0.010506
v 0.048189 0.011417 0.012021
v 0.048643 0.010948 0.009735
v 0.046937 0.013434 0.005186
v 0.045873 0.014586 0.010506
v 0.048475 0.011360 0.008016
v 0.005335 0.004434 -0.052524
v 0.005283 0.005849 -0.052400
v 0.007366 0.004434 -0.052415
v 0.005283 0.004448 -0.052526
v 0.005283 0.005849 -0.052400
v 0.005335 0.004434 -0.052524
v 0.007368 0.004434 -0.052415
v 0.005283 0.004434 -0.038689
v 0.007366 0.004434 -0.052415
v 0.049384 0.008218 0.007411
v 0.049455 0.007453 0.005090
v 0.049228 0.009883 0.005128
v -0.036323 0.030364 -0.018382
v -0.037118 0.029796 -0.019244
v -0.037011 0.029882 -0.018090
v 0.005283 0.007169 -0.052294
v 0.003606 0.007169 -0.052394
v 0.003581 0.007431 -0.052375
v 0.049228 0.009883 0.005128
v 0.049196 0.009762 0.007426
v 0.049384 0.008218 0.007411
v 0.005283 0.005849 -0.052400
v 0.005283 0.007169 -0.052294
v 0.008506 0.008100 -0.052026
v 0.003581 0.007431 -0.052375
v 0.000937 0.009300 -0.052120
v 0.002198 0.009974 -0.051940
v -0.037118 0.029796 -0.019244
v -0.037749 0.029101 -0.018435
v -0.037011 0.029882 -0.018090
v -0.000475 0.007250 -0.052455
v 0.000937 0.009300 -0.052120
v 0.003581 0.007431 -0.052375
v 0.002198 0.009974 -0.051940
v 0.007001 0.010359 -0.051674
v 0.003581 0.007431 -0.052375
v -0.037749 0.029101 -0.018435
v -0.037738 0.029153 -0.016617
v -0.037102 0.029754 -0.016799
v 0.048643 0.010948 0.009735
v 0.049196 0.009762 0.007426
v 0.048898 0.010642 0.007436
v 0.049228 0.009883 0.005128
v 0.048898 0.010642 0.007436
v 0.049196 0.009762 0.007426
v 0.048898 0.010642 0.007436
v 0.048475 0.011360 0.008016
v 0.048643 0.010948 0.009735
v -0.038355 0.027510 -0.020589
v -0.038325 0.028274 -0.017746
v -0.037749 0.029101 -0.018435
v 0.042797 0.016369 -0.019112
v 0.044193 0.014997 -0.017298
v 0.045336 0.013059 -0.020797
v -0.038325 0.028274 -0.017746
v -0.037738 0.029153 -0.016617
v -0.037749 0.029101 -0.018435
v 0.044812 0.013339 -0.022079
v 0.045336 0.013059 -0.020797
v 0.046223 0.011911 -0.021065
v 0.041585 0.017156 -0.022231
v 0.042582 0.015989 -0.021349
v 0.042325 0.015578 -0.023865
v 0.042582 0.015989 -0.021349
v 0.044812 0.013339 -0.022079
v 0.044624 0.013240 -0.023395
v 0.043667 0.018674 0.015643
v 0.043240 0.019393 0.017439
v 0.044353 0.016509 0.018083
v 0.044624 0.013240 -0.023395
v 0.042325 0.015578 -0.023865
v 0.042582 0.015989 -0.021349
v 0.043240 0.019393 0.017439
v 0.043533 0.018234 0.019645
v 0.044353 0.016509 0.018083
v -0.038325 0.028274 -0.017746
v -0.038477 0.028164 -0.016498
v -0.037738 0.029153 -0.016617
v 0.042582 0.015989 -0.021349
v 0.042797 0.016369 -0.019112
v 0.045336 0.013059 -0.020797
v 0.044353 0.016509 0.018083
v 0.045025 0.015375 0.016186
v 0.043667 0.018674 0.015643
v 0.044812 0.013339 -0.022079
v 0.042582 0.015989 -0.021349
v 0.045336 0.013059 -0.020797
v 0.043882 0.018413 0.013641
v 0.043667 0.018674 0.015643
v 0.045025 0.015375 0.016186
v -0.008684 0.006262 -0.052240
v -0.006285 0.005235 -0.052448
v -0.011181 0.003554 -0.052237
v -0.007368 0.004434 -0.052419
v -0.006285 0.005235 -0.052448
v -0.006142 0.004434 -0.052489
v 0.044225 0.015590 -0.014285
v 0.042389 0.018481 -0.015259
v 0.042768 0.018232 -0.013785
v -0.007368 0.001230 -0.052547
v -0.011181 0.003554 -0.052237
v -0.007368 0.004434 -0.052419
v -0.006285 0.005235 -0.052448
v -0.007368 0.004434 -0.052419
v -0.011181 0.003554 -0.052237
v -0.006285 0.005235 -0.052448
v -0.005245 0.006754 -0.052365
v -0.005245 0.005117 -0.052476
v -0.005245 0.005117 -0.052476
v -0.005245 0.004434 -0.052503
v -0.005475 0.004434 -0.052498
v -0.005245 0.005117 -0.052476
v -0.005475 0.004434 -0.052498
v -0.006285 0.005235 -0.052448
v 0.042769 0.017333 -0.016235
v 0.043358 0.016297 -0.016457
v 0.043123 0.016476 -0.017163
v 0.043533 0.018234 0.019645
v 0.044271 0.016229 0.020148
v 0.044353 0.016509 0.018083
v -0.006285 0.005235 -0.052448
v -0.005475 0.004434 -0.052498
v -0.006142 0.004434 -0.052489
v 0.043358 0.016297 -0.016457
v 0.042769 0.017333 -0.016235
v 0.044225 0.015590 -0.014285
v 0.043123 0.016476 -0.017163
v 0.042797 0.016369 -0.019112
v 0.042206 0.017601 -0.018310
v -0.036950 0.029774 -0.015524
v -0.034193 0.030644 -0.015042
v -0.036166 0.030290 -0.016468
v -0.037102 0.029754 -0.016799
v -0.036950 0.029774 -0.015524
v -0.036166 0.030290 -0.016468
v 0.045025 0.015375 0.016186
v 0.044353 0.016509 0.018083
v 0.045212 0.014656 0.018403
v 0.044353 0.016509 0.018083
v 0.044271 0.016229 0.020148
v 0.045212 0.014656 0.018403
v -0.036950 0.029774 -0.015524
v -0.037738 0.029153 -0.016617
v -0.037645 0.029236 -0.015333
v 0.044271 0.016229 0.020148
v 0.044695 0.015241 0.020353
v 0.045212 0.014656 0.018403
v -0.037738 0.029153 -0.016617
v -0.038064 0.028804 -0.015251
v -0.037645 0.029236 -0.015333
v -0.005245 0.004434 -0.052503
v -0.005245 0.004434 -0.038689
v -0.005475 0.004434 -0.052498
v -0.006142 0.004434 -0.052489
v -0.005475 0.004434 -0.052498
v -0.005245 0.004434 -0.038689
v -0.007368 0.000000 -0.052612
v -0.013104 0.000000 -0.052331
v -0.007368 0.001230 -0.052547
v 0.043358 0.016297 -0.016457
v 0.044225 0.015590 -0.014285
v 0.044924 0.014525 -0.015271
v -0.001945 0.009902 -0.051968
v -0.000475 0.007250 -0.052455
v -0.004831 0.007358 -0.052332
v 0.044924 0.014525 -0.015271
v 0.044225 0.015590 -0.014285
v 0.047143 0.012813 -0.009482
v 0.005283 0.007169 -0.038689
v -0.005245 0.007169 -0.038689
v -0.000442 0.007169 -0.052460
v -0.037102 0.029754 -0.016799
v -0.037738 0.029153 -0.016617
v -0.036950 0.029774 -0.015524
v -0.004473 0.007169 -0.052352
v -0.004961 0.007169 -0.052343
v -0.004831 0.007358 -0.052332
v 0.028780 0.009620 -0.005678
v 0.028662 0.009304 -0.007902
v 0.028533 0.008998 -0.007712
v -0.004961 0.007169 -0.052343
v -0.005245 0.007169 -0.052314
v -0.004831 0.007358 -0.052332
v -0.007709 0.010042 -0.051715
v -0.005788 0.012023 -0.051298
v -0.004831 0.007358 -0.052332
v 0.045463 0.014881 0.014085
v 0.045139 0.015675 0.012361
v 0.043882 0.018413 0.013641
v 0.033358 0.007311 0.039498
v 0.033923 0.007470 0.039719
v 0.033301 0.007709 0.037233
v 0.033923 0.007470 0.039719
v 0.033358 0.007311 0.039498
v 0.032908 0.006936 0.041441
v 0.044193 0.014997 -0.017298
v 0.042797 0.016369 -0.019112
v 0.043123 0.016476 -0.017163
v 0.046659 0.013003 0.015332
v 0.045025 0.015375 0.016186
v 0.046675 0.012825 0.016456
v 0.045463 0.014881 0.014085
v 0.043882 0.018413 0.013641
v 0.045025 0.015375 0.016186
v 0.044193 0.014997 -0.017298
v 0.043123 0.016476 -0.017163
v 0.043358 0.016297 -0.016457
v 0.043358 0.016297 -0.016457
v 0.044924 0.014525 -0.015271
v 0.044193 0.014997 -0.017298
v 0.046659 0.013003 0.015332
v 0.045463 0.014881 0.014085
v 0.045025 0.015375 0.016186
v 0.028816 0.010942 -0.006939
v 0.028714 0.009588 -0.007978
v 0.028780 0.009620 -0.005678
v 0.046675 0.012825 0.016456
v 0.045025 0.015375 0.016186
v 0.045212 0.014656 0.018403
v 0.047799 0.011899 -0.010497
v 0.044924 0.014525 -0.015271
v 0.047143 0.012813 -0.009482
v 0.047799 0.011899 -0.010497
v 0.047982 0.011466 -0.011470
v 0.044924 0.014525 -0.015271
v 0.028780 0.009620 -0.005678
v 0.028714 0.009588 -0.007978
v 0.028662 0.009304 -0.007902
v 0.035085 0.007960 0.041707
v 0.035245 0.008700 0.042088
v 0.034545 0.008544 0.040198
v 0.035245 0.008700 0.042088
v 0.035366 0.009601 0.042061
v 0.034545 0.008544 0.040198
v 0.035366 0.009601 0.042061
v 0.034839 0.010795 0.039638
v 0.034545 0.008544 0.040198
v 0.034959 0.007617 0.041519
v 0.035085 0.007960 0.041707
v 0.034545 0.008544 0.040198
v 0.048025 0.011055 0.016522
v 0.046659 0.013003 0.015332
v 0.046675 0.012825 0.016456
v -0.037907 0.021165 0.030588
v -0.038616 0.021161 0.029807
v -0.038566 0.020684 0.031218
v 0.028780 0.009620 -0.005678
v 0.028533 0.008998 -0.007712
v 0.028433 0.008860 -0.007566
v 0.028433 0.008860 -0.007566
v 0.028288 0.008693 -0.007384
v 0.028780 0.009620 -0.005678
v 0.028288 0.008693 -0.007384
v 0.028723 0.009278 -0.005589
v 0.028780 0.009620 -0.005678
v 0.048189 0.011417 0.012021
v 0.045873 0.014586 0.010506
v 0.047692 0.011828 0.014277
v -0.037907 0.021165 0.030588
v -0.038179 0.021641 0.028794
v -0.038616 0.021161 0.029807
v 0.047692 0.011828 0.014277
v 0.048610 0.010307 0.014300
v 0.048189 0.011417 0.012021
v 0.034959 0.007617 0.041519
v 0.034545 0.008544 0.040198
v 0.034261 0.007859 0.039788
v 0.028288 0.008693 -0.007384
v 0.028089 0.008532 -0.007212
v 0.028723 0.009278 -0.005589
v 0.034261 0.007859 0.039788
v 0.034765 0.007257 0.041655
v 0.034959 0.007617 0.041519
v -0.039886 0.019193 0.032788
v -0.037773 0.020213 0.033326
v -0.038566 0.020684 0.031218
v 0.047692 0.011828 0.014277
v 0.048231 0.010879 0.015409
v 0.048610 0.010307 0.014300
v -0.038616 0.021161 0.029807
v -0.040148 0.019675 0.031331
v -0.038566 0.020684 0.031218
v 0.046659 0.013003 0.015332
v 0.048231 0.010879 0.015409
v 0.047692 0.011828 0.014277
v -0.040148 0.019675 0.031331
v -0.039886 0.019193 0.032788
v -0.038566 0.020684 0.031218
v 0.048998 0.009622 0.012030
v 0.048610 0.010307 0.014300
v 0.049126 0.008267 0.013187
v -0.040148 0.019675 0.031331
v -0.038616 0.021161 0.029807
v -0.040785 0.019401 0.030648
v 0.034261 0.007859 0.039788
v 0.033923 0.007470 0.039719
v 0.034765 0.007257 0.041655
v 0.033923 0.007470 0.039719
v 0.033988 0.007089 0.041401
v 0.034765 0.007257 0.041655
v 0.028897 0.013790 -0.003370
v 0.028610 0.018155 -0.007893
v 0.028745 0.013892 -0.010303
v -0.041098 0.018293 0.031995
v -0.040148 0.019675 0.031331
v -0.040785 0.019401 0.030648
v 0.028812 0.009048 -0.001812
v 0.028849 0.009390 -0.003231
v 0.028577 0.008856 -0.004097
v 0.036733 0.007574 0.042636
v 0.037597 0.008662 0.042589
v 0.036768 0.008385 0.042854
v 0.048189 0.011417 0.012021
v 0.048610 0.010307 0.014300
v 0.048998 0.009622 0.012030
v 0.048643 0.010948 0.009735
v 0.048189 0.011417 0.012021
v 0.048998 0.009622 0.012030
v -0.040785 0.019401 0.030648
v -0.042290 0.017684 0.029348
v -0.041098 0.018293 0.031995
v 0.037636 0.007197 0.042584
v 0.037597 0.008662 0.042589
v 0.036733 0.007574 0.042636
v -0.039886 0.019193 0.032788
v -0.040148 0.019675 0.031331
v -0.041098 0.018293 0.031995
v -0.037738 0.029153 -0.016617
v -0.038477 0.028164 -0.016498
v -0.038064 0.028804 -0.015251
v 0.038413 0.007878 0.042182
v 0.037597 0.008662 0.042589
v 0.037636 0.007197 0.042584
v -0.040951 0.019904 0.029110
v -0.040785 0.019401 0.030648
v -0.038616 0.021161 0.029807
v 0.039207 0.008177 0.041655
v 0.038406 0.009189 0.042002
v 0.038413 0.007878 0.042182
v 0.045212 0.014656 0.018403
v 0.047724 0.011132 0.018706
v 0.046675 0.012825 0.016456
v -0.038064 0.028804 -0.015251
v -0.038451 0.028313 -0.015202
v -0.037285 0.029452 -0.014045
v -0.038477 0.028164 -0.016498
v -0.038451 0.028313 -0.015202
v -0.038064 0.028804 -0.015251
v 0.046675 0.012825 0.016456
v 0.047724 0.011132 0.018706
v 0.048025 0.011055 0.016522
v 0.046061 0.011671 -0.022505
v 0.045520 0.012205 -0.023360
v 0.044812 0.013339 -0.022079
v 0.046061 0.011671 -0.022505
v 0.046275 0.010890 -0.023021
v 0.045520 0.012205 -0.023360
v 0.046659 0.013003 0.015332
v 0.048025 0.011055 0.016522
v 0.048231 0.010879 0.015409
v 0.046223 0.011911 -0.021065
v 0.046061 0.011671 -0.022505
v 0.044812 0.013339 -0.022079
v 0.048610 0.010307 0.014300
v 0.048703 0.009326 0.016564
v 0.049126 0.008267 0.013187
v 0.046835 0.009697 -0.021531
v 0.046740 0.010560 -0.021356
v 0.047066 0.010455 -0.019909
v 0.048548 0.008913 0.018781
v 0.048133 0.010337 0.018730
v 0.048280 0.008904 0.020929
v 0.028780 0.009620 -0.005678
v 0.028901 0.009823 -0.003314
v 0.028897 0.013790 -0.003370
v 0.048703 0.009326 0.016564
v 0.048133 0.010337 0.018730
v 0.048548 0.008913 0.018781
v 0.028816 0.010942 -0.006939
v 0.028780 0.009620 -0.005678
v 0.028897 0.013790 -0.003370
v 0.028745 0.013892 -0.010303
v 0.028816 0.010942 -0.006939
v 0.028897 0.013790 -0.003370
v 0.028901 0.009823 -0.003314
v 0.028849 0.009390 -0.003231
v 0.029080 0.010377 -0.000889
v 0.048025 0.011055 0.016522
v 0.048133 0.010337 0.018730
v 0.048703 0.009326 0.016564
v 0.039207 0.008177 0.041655
v 0.038413 0.007878 0.042182
v 0.039279 0.007344 0.041825
v 0.047047 0.007995 -0.020504
v 0.046835 0.009697 -0.021531
v 0.047066 0.010455 -0.019909
v 0.048025 0.011055 0.016522
v 0.047724 0.011132 0.018706
v 0.048133 0.010337 0.018730
v 0.038506 0.006996 0.042349
v 0.038413 0.007878 0.042182
v 0.037636 0.007197 0.042584
v 0.048610 0.010307 0.014300
v 0.048231 0.010879 0.015409
v 0.048703 0.009326 0.016564
v 0.048025 0.011055 0.016522
v 0.048703 0.009326 0.016564
v 0.048231 0.010879 0.015409
v 0.028901 0.009823 -0.003314
v 0.028577 0.008856 -0.004097
v 0.028849 0.009390 -0.003231
v 0.038506 0.006996 0.042349
v 0.037636 0.007197 0.042584
v 0.037803 0.006409 0.042929
v 0.028369 0.008657 -0.005104
v 0.028577 0.008856 -0.004097
v 0.028618 0.009017 -0.005436
v 0.039279 0.007344 0.041825
v 0.038413 0.007878 0.042182
v 0.038506 0.006996 0.042349
v 0.028723 0.009278 -0.005589
v 0.028089 0.008532 -0.007212
v 0.028618 0.009017 -0.005436
v 0.049455 0.007453 0.005090
v 0.049384 0.008218 0.007411
v 0.050000 0.000000 0.005087
v 0.037803 0.006409 0.042929
v 0.038177 0.004874 0.043647
v 0.038754 0.005766 0.042809
v 0.049384 0.008218 0.007411
v 0.049353 0.007439 0.009731
v 0.050000 0.000000 0.005087
v 0.047066 0.010455 -0.019909
v 0.047210 0.010979 -0.018283
v 0.047443 0.009325 -0.018572
v 0.049353 0.007439 0.009731
v 0.049926 0.000000 0.010336
v 0.050000 0.000000 0.005087
v 0.049926 0.000000 0.010336
v 0.049353 0.007439 0.009731
v 0.049126 0.008267 0.013187
v 0.046835 0.009697 -0.021531
v 0.046275 0.010890 -0.023021
v 0.046740 0.010560 -0.021356
v 0.026431 0.033783 -0.038037
v 0.027871 0.033518 -0.035032
v 0.029268 0.033240 -0.036592
v 0.046740 0.010560 -0.021356
v 0.046508 0.011345 -0.021190
v 0.047066 0.010455 -0.019909
v 0.028780 0.009620 -0.005678
v 0.028723 0.009278 -0.005589
v 0.028901 0.009823 -0.003314
v 0.028901 0.009823 -0.003314
v 0.028618 0.009017 -0.005436
v 0.028577 0.008856 -0.004097
v 0.049622 0.000000 0.016700
v 0.049926 0.000000 0.010336
v 0.048972 0.007093 0.016613
v 0.049126 0.008267 0.013187
v 0.048972 0.007093 0.016613
v 0.049926 0.000000 0.010336
v 0.028901 0.009823 -0.003314
v 0.028723 0.009278 -0.005589
v 0.028618 0.009017 -0.005436
v 0.046740 0.010560 -0.021356
v 0.046061 0.011671 -0.022505
v 0.046508 0.011345 -0.021190
v 0.027817 0.033093 -0.038692
v 0.026431 0.033783 -0.038037
v 0.029168 0.032909 -0.037769
v 0.048548 0.008913 0.018781
v 0.048756 0.004589 0.021062
v 0.048972 0.007093 0.016613
v 0.026431 0.033783 -0.038037
v 0.029268 0.033240 -0.036592
v 0.029168 0.032909 -0.037769
v 0.048756 0.004589 0.021062
v 0.049622 0.000000 0.016700
v 0.048972 0.007093 0.016613
v 0.029586 0.031344 -0.038928
v 0.028363 0.031649 -0.039673
v 0.029036 0.032101 -0.038872
v 0.046275 0.010890 -0.023021
v 0.046061 0.011671 -0.022505
v 0.046740 0.010560 -0.021356
v 0.048280 0.008904 0.020929
v 0.048756 0.004589 0.021062
v 0.048548 0.008913 0.018781
v 0.028982 0.030480 -0.039807
v 0.028363 0.031649 -0.039673
v 0.029586 0.031344 -0.038928
v 0.046061 0.011671 -0.022505
v 0.046223 0.011911 -0.021065
v 0.046508 0.011345 -0.021190
v 0.048998 0.009622 0.012030
v 0.049126 0.008267 0.013187
v 0.049353 0.007439 0.009731
v -0.001945 0.009902 -0.051968
v -0.004831 0.007358 -0.052332
v -0.005788 0.012023 -0.051298
v 0.049196 0.009762 0.007426
v 0.049353 0.007439 0.009731
v 0.049384 0.008218 0.007411
v 0.046223 0.011911 -0.021065
v 0.046839 0.011812 -0.018129
v 0.046508 0.011345 -0.021190
v -0.006285 0.005235 -0.052448
v -0.007709 0.010042 -0.051715
v -0.005245 0.006754 -0.052365
v -0.005245 0.007169 -0.052314
v -0.005245 0.006754 -0.052365
v -0.007709 0.010042 -0.051715
v -0.007709 0.010042 -0.051715
v -0.004831 0.007358 -0.052332
v -0.005245 0.007169 -0.052314
v 0.049126 0.008267 0.013187
v 0.048703 0.009326 0.016564
v 0.048972 0.007093 0.016613
v 0.045336 0.013059 -0.020797
v 0.044193 0.014997 -0.017298
v 0.046839 0.011812 -0.018129
v 0.048703 0.009326 0.016564
v 0.048548 0.008913 0.018781
v 0.048972 0.007093 0.016613
v 0.048643 0.010948 0.009735
v 0.048998 0.009622 0.012030
v 0.049353 0.007439 0.009731
v 0.049196 0.009762 0.007426
v 0.048643 0.010948 0.009735
v 0.049353 0.007439 0.009731
v 0.046815 0.012525 -0.014803
v 0.047543 0.011437 -0.014970
v 0.047281 0.011487 -0.016609
v -0.004473 0.007169 -0.052352
v -0.000442 0.007169 -0.052460
v -0.005245 0.007169 -0.038689
v 0.043096 0.017660 0.025102
v 0.043823 0.015474 0.025905
v 0.044415 0.014728 0.024329
v 0.044924 0.014525 -0.015271
v 0.046815 0.012525 -0.014803
v 0.047281 0.011487 -0.016609
v 0.043096 0.017660 0.025102
v 0.042213 0.017794 0.029280
v 0.043823 0.015474 0.025905
v -0.005245 0.007169 -0.052314
v -0.005245 0.004434 -0.038689
v -0.005245 0.006754 -0.052365
v 0.046839 0.011812 -0.018129
v 0.044924 0.014525 -0.015271
v 0.047281 0.011487 -0.016609
v -0.006285 0.005235 -0.052448
v -0.008684 0.006262 -0.052240
v -0.007709 0.010042 -0.051715
v 0.044108 0.016085 0.022119
v 0.043096 0.017660 0.025102
v 0.044415 0.014728 0.024329
v -0.007709 0.010042 -0.051715
v -0.008684 0.006262 -0.052240
v -0.011441 0.007459 -0.051888
v 0.046839 0.011812 -0.018129
v 0.047066 0.010455 -0.019909
v 0.046508 0.011345 -0.021190
v -0.005245 0.007169 -0.052314
v -0.004961 0.007169 -0.052343
v -0.005245 0.007169 -0.038689
v -0.004961 0.007169 -0.052343
v -0.004473 0.007169 -0.052352
v -0.005245 0.007169 -0.038689
v 0.003327 0.007169 -0.052398
v 0.003606 0.007169 -0.052394
v 0.005283 0.007169 -0.038689
v 0.005283 0.007169 -0.052294
v 0.005283 0.007169 -0.038689
v 0.003606 0.007169 -0.052394
v 0.046223 0.011911 -0.021065
v 0.045336 0.013059 -0.020797
v 0.046839 0.011812 -0.018129
v -0.005245 0.004434 -0.052503
v -0.005245 0.005117 -0.052476
v -0.005245 0.004434 -0.038689
v -0.005245 0.007169 -0.038689
v -0.005245 0.004434 -0.038689
v -0.005245 0.007169 -0.052314
v -0.005245 0.005117 -0.052476
v -0.005245 0.006754 -0.052365
v -0.005245 0.004434 -0.038689
v 0.045648 0.013566 0.020634
v 0.044108 0.016085 0.022119
v 0.044415 0.014728 0.024329
v -0.005245 0.004434 -0.038689
v -0.007368 0.004434 -0.052419
v -0.006142 0.004434 -0.052489
v 0.028731 0.008725 -0.000342
v 0.029187 0.009372 0.001837
v 0.029263 0.010015 0.001695
v 0.047244 0.012118 -0.014016
v 0.047543 0.011437 -0.014970
v 0.046815 0.012525 -0.014803
v -0.007368 0.004434 -0.024614
v -0.007368 0.000000 -0.024778
v -0.007368 0.004434 -0.052419
v 0.045648 0.013566 0.020634
v 0.044695 0.015241 0.020353
v 0.044108 0.016085 0.022119
v 0.046815 0.012525 -0.014803
v 0.044924 0.014525 -0.015271
v 0.047244 0.012118 -0.014016
v 0.005283 0.005849 -0.052400
v 0.005283 0.004434 -0.038689
v 0.005283 0.007169 -0.052294
v 0.005283 0.004448 -0.052526
v 0.005283 0.004434 -0.038689
v 0.005283 0.005849 -0.052400
v 0.005283 0.004434 -0.052526
v 0.005283 0.004434 -0.038689
v 0.005283 0.004448 -0.052526
v 0.029004 0.009412 -0.000752
v 0.028731 0.008725 -0.000342
v 0.029263 0.010015 0.001695
v 0.044108 0.016085 0.022119
v 0.044695 0.015241 0.020353
v 0.044271 0.016229 0.020148
v 0.046839 0.011812 -0.018129
v 0.044193 0.014997 -0.017298
v 0.044924 0.014525 -0.015271
v 0.044108 0.016085 0.022119
v 0.044271 0.016229 0.020148
v 0.043533 0.018234 0.019645
v 0.044695 0.015241 0.020353
v 0.045648 0.013566 0.020634
v 0.045212 0.014656 0.018403
v 0.029004 0.009412 -0.000752
v 0.028812 0.009048 -0.001812
v 0.028731 0.008725 -0.000342
v 0.043823 0.015474 0.025905
v 0.042213 0.017794 0.029280
v 0.043677 0.015024 0.027713
v 0.045212 0.014656 0.018403
v 0.045648 0.013566 0.020634
v 0.047724 0.011132 0.018706
v 0.006360 0.012108 -0.036543
v 0.010346 0.015708 -0.036846
v 0.004870 0.013830 -0.036871
v 0.029049 0.013257 -0.000909
v 0.028897 0.013790 -0.003370
v 0.028901 0.009823 -0.003314
v 0.028901 0.009823 -0.003314
v 0.029080 0.010377 -0.000889
v 0.029049 0.013257 -0.000909
v 0.029080 0.010377 -0.000889
v 0.028849 0.009390 -0.003231
v 0.028812 0.009048 -0.001812
v 0.029080 0.010377 -0.000889
v 0.028812 0.009048 -0.001812
v 0.029004 0.009412 -0.000752
v 0.029080 0.010377 -0.000889
v 0.029263 0.010015 0.001695
v 0.029049 0.013257 -0.000909
v 0.029263 0.010015 0.001695
v 0.029080 0.010377 -0.000889
v 0.029004 0.009412 -0.000752
v 0.047443 0.009325 -0.018572
v 0.047210 0.010979 -0.018283
v 0.047522 0.010333 -0.017599
v -0.040951 0.019904 0.029110
v -0.038616 0.021161 0.029807
v -0.040370 0.020839 0.027960
v 0.003099 0.013080 -0.036799
v 0.002249 0.017195 -0.037156
v -0.000932 0.016106 -0.037132
v 0.004870 0.013830 -0.036871
v 0.002249 0.017195 -0.037156
v 0.003099 0.013080 -0.036799
v 0.028048 0.008594 -0.009388
v 0.028215 0.008717 -0.009542
v 0.027342 0.008411 -0.011117
v -0.041098 0.018293 0.031995
v -0.042290 0.017684 0.029348
v -0.042308 0.016287 0.031398
v 0.004870 0.013830 -0.036871
v 0.003099 0.013080 -0.036799
v 0.004181 0.011796 -0.036517
v 0.047210 0.010979 -0.018283
v 0.047281 0.011487 -0.016609
v 0.047522 0.010333 -0.017599
v -0.040785 0.019401 0.030648
v -0.040951 0.019904 0.029110
v -0.041462 0.019346 0.028971
v -0.040785 0.019401 0.030648
v -0.041462 0.019346 0.028971
v -0.042290 0.017684 0.029348
v -0.040951 0.019904 0.029110
v -0.041142 0.020194 0.027851
v -0.041462 0.019346 0.028971
v -0.040951 0.019904 0.029110
v -0.040370 0.020839 0.027960
v -0.041142 0.020194 0.027851
v 0.047210 0.010979 -0.018283
v 0.046839 0.011812 -0.018129
v 0.047281 0.011487 -0.016609
v 0.028481 0.008998 -0.009900
v 0.028623 0.009296 -0.010108
v 0.027802 0.008547 -0.011305
v -0.000932 0.016106 -0.037132
v -0.001272 0.013657 -0.036917
v 0.003099 0.013080 -0.036799
v 0.028623 0.009296 -0.010108
v 0.028031 0.008662 -0.011471
v 0.027802 0.008547 -0.011305
v 0.047522 0.010333 -0.017599
v 0.047281 0.011487 -0.016609
v 0.047906 0.010415 -0.015122
v 0.027802 0.008547 -0.011305
v 0.027342 0.008411 -0.011117
v 0.028481 0.008998 -0.009900
v 0.003099 0.013080 -0.036799
v -0.001272 0.013657 -0.036917
v 0.000883 0.011395 -0.036449
v 0.047281 0.011487 -0.016609
v 0.047543 0.011437 -0.014970
v 0.047906 0.010415 -0.015122
v 0.046839 0.011812 -0.018129
v 0.047210 0.010979 -0.018283
v 0.047066 0.010455 -0.019909
v -0.035752 0.019140 0.037131
v -0.035491 0.020064 0.035462
v -0.036636 0.019764 0.035488
v -0.035491 0.020064 0.035462
v -0.035236 0.020760 0.033931
v -0.036746 0.020225 0.034299
v 0.027672 0.008420 -0.009177
v 0.027342 0.008411 -0.011117
v 0.027416 0.008347 -0.009091
v -0.036746 0.020225 0.034299
v -0.036636 0.019764 0.035488
v -0.035491 0.020064 0.035462
v 0.045880 0.009690 -0.025583
v 0.046151 0.010406 -0.024137
v 0.046158 0.008480 -0.024530
v 0.046151 0.010406 -0.024137
v 0.046518 0.009648 -0.022954
v 0.046158 0.008480 -0.024530
v 0.045106 0.007526 -0.028640
v 0.045242 0.009264 -0.028061
v 0.045880 0.009690 -0.025583
v -0.037773 0.020213 0.033326
v -0.035236 0.020760 0.033931
v -0.037907 0.021165 0.030588
v 0.010346 0.015708 -0.036846
v 0.006360 0.012108 -0.036543
v 0.008213 0.012109 -0.036478
v -0.035236 0.020760 0.033931
v -0.037773 0.020213 0.033326
v -0.036746 0.020225 0.034299
v 0.005554 0.011197 -0.036288
v 0.006360 0.012108 -0.036543
v 0.004870 0.013830 -0.036871
v 0.045977 0.003030 -0.026858
v 0.046158 0.008480 -0.024530
v 0.046603 0.003841 -0.023787
v 0.028347 0.008907 -0.011836
v 0.028474 0.009039 -0.012027
v 0.027757 0.008608 -0.013244
v 0.004870 0.013830 -0.036871
v 0.004181 0.011796 -0.036517
v 0.005554 0.011197 -0.036288
v -0.037773 0.020213 0.033326
v -0.039022 0.019165 0.034121
v -0.036746 0.020225 0.034299
v 0.026594 0.008375 -0.012904
v 0.028347 0.008907 -0.011836
v 0.027757 0.008608 -0.013244
v -0.036746 0.020225 0.034299
v -0.039022 0.019165 0.034121
v -0.036636 0.019764 0.035488
v 0.027757 0.008608 -0.013244
v 0.027515 0.008615 -0.014964
v 0.026594 0.008375 -0.012904
v 0.005554 0.011197 -0.036288
v 0.004181 0.011796 -0.036517
v 0.004523 0.010823 -0.036162
v -0.039022 0.019165 0.034121
v -0.039767 0.018839 0.033659
v -0.039484 0.018047 0.035317
v 0.046447 0.000000 -0.026303
v 0.046603 0.003841 -0.023787
v 0.047375 0.000000 -0.022033
v -0.039022 0.019165 0.034121
v -0.039886 0.019193 0.032788
v -0.039767 0.018839 0.033659
v 0.028031 0.008662 -0.011471
v 0.028347 0.008907 -0.011836
v 0.026594 0.008375 -0.012904
v -0.039022 0.019165 0.034121
v -0.039484 0.018047 0.035317
v -0.038482 0.018370 0.036169
v 0.026594 0.008375 -0.012904
v 0.027342 0.008411 -0.011117
v 0.027802 0.008547 -0.011305
v 0.045880 0.009690 -0.025583
v 0.046158 0.008480 -0.024530
v 0.045106 0.007526 -0.028640
v -0.039767 0.018839 0.033659
v -0.039992 0.017733 0.034985
v -0.039484 0.018047 0.035317
v 0.027802 0.008547 -0.011305
v 0.028031 0.008662 -0.011471
v 0.026594 0.008375 -0.012904
v -0.037773 0.020213 0.033326
v -0.039886 0.019193 0.032788
v -0.039022 0.019165 0.034121
v 0.045106 0.007526 -0.028640
v 0.045977 0.003030 -0.026858
v 0.044402 0.003439 -0.032720
v 0.046158 0.008480 -0.024530
v 0.045977 0.003030 -0.026858
v 0.045106 0.007526 -0.028640
v 0.003099 0.013080 -0.036799
v 0.000883 0.011395 -0.036449
v 0.001791 0.010823 -0.036215
v 0.043804 0.007042 -0.033323
v 0.045106 0.007526 -0.028640
v 0.044402 0.003439 -0.032720
v 0.046447 0.000000 -0.026303
v 0.045977 0.003030 -0.026858
v 0.046603 0.003841 -0.023787
v 0.022892 0.008043 -0.010296
v 0.027342 0.008411 -0.011117
v 0.026594 0.008375 -0.012904
v 0.026594 0.008375 -0.012904
v 0.023924 0.008303 -0.015484
v 0.022892 0.008043 -0.010296
v 0.045106 0.007526 -0.028640
v 0.043804 0.007042 -0.033323
v 0.044650 0.009135 -0.030230
v -0.039886 0.019193 0.032788
v -0.040825 0.017799 0.033360
v -0.039767 0.018839 0.033659
v 0.008213 0.012109 -0.036478
v 0.006360 0.012108 -0.036543
v 0.006357 0.010827 -0.036106
v 0.008206 0.010831 -0.036042
v 0.008213 0.012109 -0.036478
v 0.006357 0.010827 -0.036106
v 0.006360 0.012108 -0.036543
v 0.005554 0.011197 -0.036288
v 0.006357 0.010827 -0.036106
v 0.028618 0.009017 -0.005436
v 0.028089 0.008532 -0.007212
v 0.027766 0.008371 -0.007042
v -0.037474 0.018390 0.037234
v -0.038081 0.017725 0.037496
v -0.036422 0.018432 0.038054
v 0.028288 0.008693 -0.007384
v 0.027416 0.008347 -0.009091
v 0.028089 0.008532 -0.007212
v -0.036869 0.018852 0.037069
v -0.037666 0.018718 0.036501
v -0.037474 0.018390 0.037234
v 0.028533 0.008998 -0.007712
v 0.027672 0.008420 -0.009177
v 0.028433 0.008860 -0.007566
v 0.028288 0.008693 -0.007384
v 0.027672 0.008420 -0.009177
v 0.027416 0.008347 -0.009091
v 0.007741 0.010413 -0.035810
v 0.008206 0.010831 -0.036042
v 0.006357 0.010827 -0.036106
v 0.027766 0.008371 -0.007042
v 0.028089 0.008532 -0.007212
v 0.027416 0.008347 -0.009091
v 0.028288 0.008693 -0.007384
v 0.028433 0.008860 -0.007566
v 0.027672 0.008420 -0.009177
v 0.028533 0.008998 -0.007712
v 0.028662 0.009304 -0.007902
v 0.028048 0.008594 -0.009388
v 0.028662 0.009304 -0.007902
v 0.028215 0.008717 -0.009542
v 0.028048 0.008594 -0.009388
v 0.048101 0.006602 -0.014637
v 0.047047 0.007995 -0.020504
v 0.047443 0.009325 -0.018572
v 0.028048 0.008594 -0.009388
v 0.027672 0.008420 -0.009177
v 0.028533 0.008998 -0.007712
v 0.048101 0.006602 -0.014637
v 0.047443 0.009325 -0.018572
v 0.047522 0.010333 -0.017599
v 0.005554 0.011197 -0.036288
v 0.004523 0.010823 -0.036162
v 0.004523 0.010317 -0.035838
v -0.036869 0.018852 0.037069
v -0.035752 0.019140 0.037131
v -0.037286 0.019291 0.035866
v 0.047906 0.010415 -0.015122
v 0.048101 0.006602 -0.014637
v 0.047522 0.010333 -0.017599
v 0.003155 0.010487 -0.035999
v 0.004523 0.010823 -0.036162
v 0.004181 0.011796 -0.036517
v -0.037286 0.019291 0.035866
v -0.035752 0.019140 0.037131
v -0.036636 0.019764 0.035488
v 0.027672 0.008420 -0.009177
v 0.028048 0.008594 -0.009388
v 0.027342 0.008411 -0.011117
v 0.005554 0.011197 -0.036288
v 0.004523 0.010317 -0.035838
v 0.004981 0.009999 -0.035520
v 0.047066 0.010455 -0.019909
v 0.047443 0.009325 -0.018572
v 0.047047 0.007995 -0.020504
v -0.037286 0.019291 0.035866
v -0.037666 0.018718 0.036501
v -0.036869 0.018852 0.037069
v 0.047177 0.005155 -0.020470
v 0.047047 0.007995 -0.020504
v 0.048101 0.006602 -0.014637
v 0.046518 0.009648 -0.022954
v 0.046835 0.009697 -0.021531
v 0.047047 0.007995 -0.020504
v 0.047047 0.007995 -0.020504
v 0.046158 0.008480 -0.024530
v 0.046518 0.009648 -0.022954
v -0.037666 0.018718 0.036501
v -0.038482 0.018370 0.036169
v -0.037474 0.018390 0.037234
v 0.046158 0.008480 -0.024530
v 0.047047 0.007995 -0.020504
v 0.047177 0.005155 -0.020470
v 0.003155 0.010487 -0.035999
v 0.004523 0.010317 -0.035838
v 0.004523 0.010823 -0.036162
v 0.004981 0.009999 -0.035520
v 0.004523 0.010317 -0.035838
v 0.003612 0.009851 -0.035357
v -0.039022 0.019165 0.034121
v -0.037286 0.019291 0.035866
v -0.036636 0.019764 0.035488
v -0.039355 0.025905 -0.017859
v -0.038477 0.028164 -0.016498
v -0.038325 0.028274 -0.017746
v -0.038482 0.018370 0.036169
v -0.038638 0.017292 0.037370
v -0.038081 0.017725 0.037496
v 0.048614 0.000000 -0.014646
v 0.047375 0.000000 -0.022033
v 0.047177 0.005155 -0.020470
v -0.038325 0.028274 -0.017746
v -0.038355 0.027510 -0.020589
v -0.039355 0.025905 -0.017859
v -0.038081 0.017725 0.037496
v -0.037474 0.018390 0.037234
v -0.038482 0.018370 0.036169
v 0.004523 0.010317 -0.035838
v 0.003155 0.010487 -0.035999
v 0.003612 0.009851 -0.035357
v 0.048528 0.002565 -0.013786
v 0.048614 0.000000 -0.014646
v 0.047177 0.005155 -0.020470
v 0.002701 0.010684 -0.036133
v 0.003155 0.010487 -0.035999
v 0.004181 0.011796 -0.036517
v 0.043823 0.015474 0.025905
v 0.043677 0.015024 0.027713
v 0.044496 0.013974 0.026310
v 0.047375 0.000000 -0.022033
v 0.046603 0.003841 -0.023787
v 0.047177 0.005155 -0.020470
v 0.003099 0.013080 -0.036799
v 0.002701 0.010684 -0.036133
v 0.004181 0.011796 -0.036517
v 0.046603 0.003841 -0.023787
v 0.046158 0.008480 -0.024530
v 0.047177 0.005155 -0.020470
v 0.042768 0.018232 -0.013785
v 0.043662 0.017002 -0.011984
v 0.044225 0.015590 -0.014285
v 0.026233 0.031643 -0.040875
v 0.027744 0.032566 -0.039410
v 0.028363 0.031649 -0.039673
v 0.029036 0.032101 -0.038872
v 0.028363 0.031649 -0.039673
v 0.027744 0.032566 -0.039410
v 0.047724 0.011132 0.018706
v 0.045648 0.013566 0.020634
v 0.047453 0.011102 0.020831
v 0.043662 0.017002 -0.011984
v 0.043552 0.017777 -0.009726
v 0.044401 0.015932 -0.011309
v -0.037285 0.029452 -0.014045
v -0.038451 0.028313 -0.015202
v -0.038965 0.027632 -0.013828
v 0.047628 0.010112 0.022934
v 0.047453 0.011102 0.020831
v 0.045648 0.013566 0.020634
v 0.045648 0.013566 0.020634
v 0.046743 0.011167 0.024842
v 0.047628 0.010112 0.022934
v 0.027351 0.030023 -0.040957
v 0.028363 0.031649 -0.039673
v 0.028982 0.030480 -0.039807
v 0.045648 0.013566 0.020634
v 0.045238 0.013296 0.024617
v 0.046743 0.011167 0.024842
v -0.028899 0.018981 -0.022178
v -0.028734 0.022148 -0.026239
v -0.028582 0.027972 -0.021190
v -0.028582 0.027972 -0.021190
v -0.028734 0.022148 -0.026239
v -0.028584 0.023543 -0.027514
v 0.045648 0.013566 0.020634
v 0.044415 0.014728 0.024329
v 0.045238 0.013296 0.024617
v 0.043552 0.017777 -0.009726
v 0.044237 0.016806 -0.008074
v 0.044555 0.016109 -0.009085
v 0.027752 0.033396 -0.033959
v 0.029626 0.033265 -0.035241
v 0.027871 0.033518 -0.035032
v 0.043662 0.017002 -0.011984
v 0.044401 0.015932 -0.011309
v 0.044225 0.015590 -0.014285
v 0.029268 0.033240 -0.036592
v 0.029626 0.033265 -0.035241
v 0.030409 0.032791 -0.036500
v 0.029626 0.033265 -0.035241
v 0.031081 0.032868 -0.035017
v 0.030409 0.032791 -0.036500
v -0.028542 0.018370 -0.029012
v -0.028256 0.020203 -0.030068
v -0.028463 0.021821 -0.028859
v 0.044225 0.015590 -0.014285
v 0.044401 0.015932 -0.011309
v 0.047143 0.012813 -0.009482
v 0.022892 0.008043 -0.010296
v 0.027766 0.008371 -0.007042
v 0.027416 0.008347 -0.009091
v 0.044638 0.013120 0.028207
v 0.043677 0.015024 0.027713
v 0.043671 0.014620 0.028613
v -0.028584 0.023543 -0.027514
v -0.028734 0.022148 -0.026239
v -0.028463 0.021821 -0.028859
v -0.027920 0.020882 -0.031069
v -0.028463 0.021821 -0.028859
v -0.028256 0.020203 -0.030068
v -0.028353 0.025652 -0.028644
v -0.028542 0.027964 -0.025872
v -0.028584 0.023543 -0.027514
v 0.032200 0.032611 -0.033494
v 0.032546 0.032313 -0.033916
v 0.031809 0.032556 -0.034744
v -0.028353 0.025652 -0.028644
v -0.028160 0.024181 -0.029875
v -0.027798 0.025958 -0.030819
v 0.044496 0.013974 0.026310
v 0.045238 0.013296 0.024617
v 0.044415 0.014728 0.024329
v -0.028353 0.025652 -0.028644
v -0.028584 0.023543 -0.027514
v -0.028160 0.024181 -0.029875
v 0.044415 0.014728 0.024329
v 0.043823 0.015474 0.025905
v 0.044496 0.013974 0.026310
v -0.028584 0.023543 -0.027514
v -0.028463 0.021821 -0.028859
v -0.028160 0.024181 -0.029875
v 0.032359 0.032032 -0.034946
v 0.031396 0.032303 -0.036079
v 0.031809 0.032556 -0.034744
v -0.037286 0.019291 0.035866
v -0.039022 0.019165 0.034121
v -0.038482 0.018370 0.036169
v 0.031396 0.032303 -0.036079
v 0.031081 0.032868 -0.035017
v 0.031809 0.032556 -0.034744
v -0.037286 0.019291 0.035866
v -0.038482 0.018370 0.036169
v -0.037666 0.018718 0.036501
v -0.028160 0.024181 -0.029875
v -0.028463 0.021821 -0.028859
v -0.027920 0.020882 -0.031069
v 0.031396 0.032303 -0.036079
v 0.030409 0.032791 -0.036500
v 0.031081 0.032868 -0.035017
v 0.045242 0.015531 -0.005381
v 0.045323 0.015203 -0.007342
v 0.044237 0.016806 -0.008074
v 0.044555 0.016109 -0.009085
v 0.044237 0.016806 -0.008074
v 0.045323 0.015203 -0.007342
v 0.044555 0.016109 -0.009085
v 0.044401 0.015932 -0.011309
v 0.043552 0.017777 -0.009726
v -0.028160 0.024181 -0.029875
v -0.027920 0.020882 -0.031069
v -0.027458 0.023470 -0.031873
v 0.047143 0.012813 -0.009482
v 0.044401 0.015932 -0.011309
v 0.044555 0.016109 -0.009085
v 0.032341 0.032643 -0.032136
v 0.031206 0.032937 -0.033085
v 0.030356 0.032933 -0.031665
v 0.044237 0.016806 -0.008074
v 0.043328 0.019006 -0.006897
v 0.045242 0.015531 -0.005381
v -0.040825 0.017799 0.033360
v -0.039992 0.017733 0.034985
v -0.039767 0.018839 0.033659
v -0.028463 0.021821 -0.028859
v -0.028734 0.022148 -0.026239
v -0.028851 0.017858 -0.026454
v -0.041098 0.018293 0.031995
v -0.040825 0.017799 0.033360
v -0.039886 0.019193 0.032788
v 0.038506 0.006996 0.042349
v 0.037803 0.006409 0.042929
v 0.038754 0.005766 0.042809
v -0.041720 0.015397 0.034043
v -0.040825 0.017799 0.033360
v -0.042308 0.016287 0.031398
v 0.038754 0.005766 0.042809
v 0.039204 0.003491 0.043499
v 0.039516 0.005870 0.042242
v -0.028463 0.021821 -0.028859
v -0.028851 0.017858 -0.026454
v -0.028542 0.018370 -0.029012
v -0.041098 0.018293 0.031995
v -0.042308 0.016287 0.031398
v -0.040825 0.017799 0.033360
v 0.039279 0.007344 0.041825
v 0.038506 0.006996 0.042349
v 0.039516 0.005870 0.042242
v 0.039516 0.005870 0.042242
v 0.041945 0.004917 0.040358
v 0.040968 0.006425 0.040816
v -0.028542 0.018370 -0.029012
v -0.028851 0.017858 -0.026454
v -0.028891 0.014830 -0.026531
v 0.047143 0.012813 -0.009482
v 0.044555 0.016109 -0.009085
v 0.045323 0.015203 -0.007342
v 0.047290 0.012809 -0.007585
v 0.047143 0.012813 -0.009482
v 0.045323 0.015203 -0.007342
v 0.041945 0.004917 0.040358
v 0.039516 0.005870 0.042242
v 0.041441 0.003491 0.041451
v 0.043677 0.015024 0.027713
v 0.044638 0.013120 0.028207
v 0.044496 0.013974 0.026310
v 0.038506 0.006996 0.042349
v 0.038754 0.005766 0.042809
v 0.039516 0.005870 0.042242
v 0.044638 0.013120 0.028207
v 0.045711 0.012118 0.026625
v 0.044496 0.013974 0.026310
v 0.047982 0.011466 -0.011470
v 0.047244 0.012118 -0.014016
v 0.044924 0.014525 -0.015271
v 0.041441 0.003491 0.041451
v 0.039516 0.005870 0.042242
v 0.040817 0.002796 0.042354
v 0.048133 0.010337 0.018730
v 0.047724 0.011132 0.018706
v 0.047453 0.011102 0.020831
v 0.036768 0.008385 0.042854
v 0.035998 0.008702 0.042906
v 0.035940 0.008251 0.042733
v 0.035940 0.008251 0.042733
v 0.036733 0.007574 0.042636
v 0.036768 0.008385 0.042854
v 0.048034 0.010849 -0.013334
v 0.048273 0.009223 -0.013547
v 0.047906 0.010415 -0.015122
v 0.048273 0.009223 -0.013547
v 0.048034 0.010849 -0.013334
v 0.048331 0.009972 -0.012545
v 0.022892 0.008043 -0.010296
v 0.027416 0.008347 -0.009091
v 0.027342 0.008411 -0.011117
v 0.036767 0.007211 0.042679
v 0.037636 0.007197 0.042584
v 0.036733 0.007574 0.042636
v 0.048034 0.010849 -0.013334
v 0.048348 0.010538 -0.011579
v 0.048331 0.009972 -0.012545
v 0.036768 0.008385 0.042854
v 0.036811 0.008974 0.042913
v 0.035998 0.008702 0.042906
v 0.037597 0.008662 0.042589
v 0.036811 0.008974 0.042913
v 0.036768 0.008385 0.042854
v 0.048034 0.010849 -0.013334
v 0.047982 0.011466 -0.011470
v 0.048348 0.010538 -0.011579
v 0.047543 0.011437 -0.014970
v 0.048034 0.010849 -0.013334
v 0.047906 0.010415 -0.015122
v 0.027766 0.008371 -0.007042
v 0.022892 0.008043 -0.010296
v 0.027329 0.008220 -0.005793
v 0.028577 0.008856 -0.004097
v 0.027821 0.008303 -0.004778
v 0.028276 0.008436 -0.002573
v 0.028577 0.008856 -0.004097
v 0.028369 0.008657 -0.005104
v 0.028072 0.008419 -0.004886
v 0.028812 0.009048 -0.001812
v 0.028577 0.008856 -0.004097
v 0.028276 0.008436 -0.002573
v 0.035845 0.007595 0.042407
v 0.036733 0.007574 0.042636
v 0.035940 0.008251 0.042733
v 0.027934 0.008259 -0.002426
v 0.028276 0.008436 -0.002573
v 0.027821 0.008303 -0.004778
v 0.027821 0.008303 -0.004778
v 0.025645 0.007988 -0.004479
v 0.026900 0.008050 -0.002816
v 0.035845 0.007595 0.042407
v 0.035940 0.008251 0.042733
v 0.035245 0.008700 0.042088
v 0.037636 0.007197 0.042584
v 0.036767 0.007211 0.042679
v 0.036857 0.006823 0.042888
v -0.029440 0.009268 0.004553
v -0.029845 0.010160 0.007005
v -0.029362 0.009007 0.004698
v 0.027329 0.008220 -0.005793
v 0.028072 0.008419 -0.004886
v 0.028369 0.008657 -0.005104
v -0.029440 0.009268 0.004553
v -0.028774 0.008452 0.002396
v -0.028916 0.008613 0.002290
v 0.028369 0.008657 -0.005104
v 0.028618 0.009017 -0.005436
v 0.027766 0.008371 -0.007042
v -0.028774 0.008452 0.002396
v -0.029440 0.009268 0.004553
v -0.029362 0.009007 0.004698
v 0.027766 0.008371 -0.007042
v 0.027329 0.008220 -0.005793
v 0.028369 0.008657 -0.005104
v -0.029845 0.010160 0.007005
v -0.029275 0.008794 0.004824
v -0.029362 0.009007 0.004698
v -0.029199 0.008660 0.004903
v -0.029275 0.008794 0.004824
v -0.029780 0.009547 0.007165
v 0.028577 0.008856 -0.004097
v 0.028072 0.008419 -0.004886
v 0.027821 0.008303 -0.004778
v 0.027821 0.008303 -0.004778
v 0.027329 0.008220 -0.005793
v 0.025645 0.007988 -0.004479
v -0.029275 0.008794 0.004824
v -0.029845 0.010160 0.007005
v -0.029780 0.009547 0.007165
v -0.029528 0.009710 0.004382
v -0.029016 0.008773 0.002186
v -0.029103 0.008964 0.002065
v 0.027329 0.008220 -0.005793
v 0.027821 0.008303 -0.004778
v 0.028072 0.008419 -0.004886
v 0.035845 0.007595 0.042407
v 0.035085 0.007960 0.041707
v 0.034959 0.007617 0.041519
v 0.027934 0.008259 -0.002426
v 0.027821 0.008303 -0.004778
v 0.026900 0.008050 -0.002816
v 0.028812 0.009048 -0.001812
v 0.028276 0.008436 -0.002573
v 0.027934 0.008259 -0.002426
v -0.029528 0.009710 0.004382
v -0.029440 0.009268 0.004553
v -0.028916 0.008613 0.002290
v -0.029016 0.008773 0.002186
v -0.029528 0.009710 0.004382
v -0.028916 0.008613 0.002290
v -0.029528 0.009710 0.004382
v -0.029103 0.008964 0.002065
v -0.029235 0.009372 0.001837
v 0.027934 0.008259 -0.002426
v 0.028264 0.008292 -0.000027
v 0.028480 0.008436 -0.000134
v -0.029528 0.009710 0.004382
v -0.029235 0.009372 0.001837
v -0.029302 0.009871 0.001713
v 0.027934 0.008259 -0.002426
v 0.028480 0.008436 -0.000134
v 0.028626 0.008581 -0.000240
v -0.029302 0.009871 0.001713
v -0.029266 0.014526 0.001621
v -0.029528 0.009710 0.004382
v 0.028731 0.008725 -0.000342
v 0.027934 0.008259 -0.002426
v 0.028626 0.008581 -0.000240
v 0.036857 0.006823 0.042888
v 0.036767 0.007211 0.042679
v 0.035985 0.006830 0.042871
v -0.029528 0.009710 0.004382
v -0.029845 0.010160 0.007005
v -0.029440 0.009268 0.004553
v 0.036767 0.007211 0.042679
v 0.036733 0.007574 0.042636
v 0.035785 0.007230 0.042434
v 0.036733 0.007574 0.042636
v 0.035845 0.007595 0.042407
v 0.035785 0.007230 0.042434
v 0.036767 0.007211 0.042679
v 0.035785 0.007230 0.042434
v 0.035985 0.006830 0.042871
v 0.037803 0.006409 0.042929
v 0.037636 0.007197 0.042584
v 0.036857 0.006823 0.042888
v 0.035845 0.007595 0.042407
v 0.034959 0.007617 0.041519
v 0.035785 0.007230 0.042434
v -0.029700 0.009197 0.007334
v -0.030120 0.009703 0.009910
v -0.029520 0.008721 0.007595
v -0.029520 0.008721 0.007595
v -0.029022 0.008436 0.005042
v -0.029700 0.009197 0.007334
v 0.035245 0.008700 0.042088
v 0.035085 0.007960 0.041707
v 0.035845 0.007595 0.042407
v -0.029780 0.009547 0.007165
v -0.030120 0.009703 0.009910
v -0.029700 0.009197 0.007334
v 0.028731 0.008725 -0.000342
v 0.028812 0.009048 -0.001812
v 0.027934 0.008259 -0.002426
v 0.034765 0.007257 0.041655
v 0.035985 0.006830 0.042871
v 0.035785 0.007230 0.042434
v 0.034959 0.007617 0.041519
v 0.034765 0.007257 0.041655
v 0.035785 0.007230 0.042434
v 0.028731 0.008725 -0.000342
v 0.028626 0.008581 -0.000240
v 0.029187 0.009372 0.001837
v 0.035985 0.006830 0.042871
v 0.034765 0.007257 0.041655
v 0.035105 0.006842 0.042700
v 0.029187 0.009372 0.001837
v 0.028626 0.008581 -0.000240
v 0.028480 0.008436 -0.000134
v -0.030120 0.009703 0.009910
v -0.030077 0.016488 0.009491
v -0.030513 0.010036 0.012654
v -0.029845 0.010160 0.007005
v -0.030077 0.016488 0.009491
v -0.030120 0.009703 0.009910
v -0.029780 0.009547 0.007165
v -0.029845 0.010160 0.007005
v -0.030120 0.009703 0.009910
v 0.028028 0.008189 0.000054
v 0.028264 0.008292 -0.000027
v 0.027934 0.008259 -0.002426
v 0.026900 0.008050 -0.002816
v 0.028028 0.008189 0.000054
v 0.027934 0.008259 -0.002426
v 0.035105 0.006842 0.042700
v 0.034765 0.007257 0.041655
v 0.034344 0.006749 0.042737
v 0.031809 0.032556 -0.034744
v 0.031081 0.032868 -0.035017
v 0.031206 0.032937 -0.033085
v -0.028256 0.020203 -0.030068
v -0.027537 0.019272 -0.032036
v -0.027920 0.020882 -0.031069
v 0.048280 0.008904 0.020929
v 0.047628 0.010112 0.022934
v 0.047973 0.008898 0.023005
v 0.048280 0.008904 0.020929
v 0.047453 0.011102 0.020831
v 0.047628 0.010112 0.022934
v -0.027967 0.018085 -0.031163
v -0.028256 0.020203 -0.030068
v -0.028542 0.018370 -0.029012
v 0.048133 0.010337 0.018730
v 0.047453 0.011102 0.020831
v 0.048280 0.008904 0.020929
v 0.031206 0.032937 -0.033085
v 0.029095 0.033109 -0.032515
v 0.030356 0.032933 -0.031665
v 0.031081 0.032868 -0.035017
v 0.029626 0.033265 -0.035241
v 0.029095 0.033109 -0.032515
v 0.044496 0.013974 0.026310
v 0.045711 0.012118 0.026625
v 0.045238 0.013296 0.024617
v 0.045711 0.012118 0.026625
v 0.046743 0.011167 0.024842
v 0.045238 0.013296 0.024617
v 0.029095 0.033109 -0.032515
v 0.031206 0.032937 -0.033085
v 0.031081 0.032868 -0.035017
v 0.045711 0.012118 0.026625
v 0.044638 0.013120 0.028207
v 0.046436 0.010205 0.028542
v 0.046436 0.010205 0.028542
v 0.046680 0.010631 0.026744
v 0.045711 0.012118 0.026625
v 0.046680 0.010631 0.026744
v 0.046743 0.011167 0.024842
v 0.045711 0.012118 0.026625
v -0.038729 0.023215 -0.024703
v -0.037476 0.026159 -0.026923
v -0.038696 0.022453 -0.025609
v 0.033101 0.032375 -0.031437
v 0.033193 0.032139 -0.032764
v 0.032341 0.032643 -0.032136
v -0.038729 0.023215 -0.024703
v -0.037947 0.027996 -0.022152
v -0.037476 0.026159 -0.026923
v 0.033101 0.032375 -0.031437
v 0.033832 0.031684 -0.032301
v 0.033193 0.032139 -0.032764
v 0.032200 0.032611 -0.033494
v 0.031206 0.032937 -0.033085
v 0.032341 0.032643 -0.032136
v 0.032200 0.032611 -0.033494
v 0.031809 0.032556 -0.034744
v 0.031206 0.032937 -0.033085
v 0.029095 0.033109 -0.032515
v 0.027487 0.032980 -0.032396
v 0.028139 0.032878 -0.031633
v -0.037476 0.026159 -0.026923
v -0.036525 0.027368 -0.029319
v -0.036761 0.025315 -0.030142
v -0.035970 0.027759 -0.030720
v -0.035558 0.025926 -0.032919
v -0.036761 0.025315 -0.030142
v 0.046436 0.010205 0.028542
v 0.046904 0.008395 0.028726
v 0.047276 0.008713 0.026906
v -0.037488 0.023368 -0.029364
v -0.037298 0.021665 -0.031552
v -0.038341 0.020310 -0.029496
v 0.047276 0.008713 0.026906
v 0.047552 0.009227 0.024972
v 0.046680 0.010631 0.026744
v -0.037488 0.023368 -0.029364
v -0.037476 0.026159 -0.026923
v -0.036761 0.025315 -0.030142
v 0.047973 0.008898 0.023005
v 0.047628 0.010112 0.022934
v 0.047552 0.009227 0.024972
v 0.033193 0.032139 -0.032764
v 0.032546 0.032313 -0.033916
v 0.032200 0.032611 -0.033494
v 0.047628 0.010112 0.022934
v 0.046743 0.011167 0.024842
v 0.047552 0.009227 0.024972
v 0.032359 0.032032 -0.034946
v 0.031809 0.032556 -0.034744
v 0.032546 0.032313 -0.033916
v 0.047552 0.009227 0.024972
v 0.046743 0.011167 0.024842
v 0.046680 0.010631 0.026744
v 0.047276 0.008713 0.026906
v 0.046680 0.010631 0.026744
v 0.046436 0.010205 0.028542
v 0.032200 0.032611 -0.033494
v 0.032341 0.032643 -0.032136
v 0.033193 0.032139 -0.032764
v 0.033531 0.031360 -0.033624
v 0.032946 0.031674 -0.034393
v 0.032546 0.032313 -0.033916
v 0.032546 0.032313 -0.033916
v 0.033193 0.032139 -0.032764
v 0.033531 0.031360 -0.033624
v -0.038612 0.020795 -0.027833
v -0.038696 0.022453 -0.025609
v -0.037488 0.023368 -0.029364
v 0.042213 0.017794 0.029280
v 0.041857 0.017907 0.030356
v 0.043625 0.013511 0.031159
v -0.038341 0.020310 -0.029496
v -0.039298 0.018438 -0.028679
v -0.038612 0.020795 -0.027833
v 0.002701 0.010684 -0.036133
v 0.003099 0.013080 -0.036799
v 0.001791 0.010823 -0.036215
v -0.037488 0.023368 -0.029364
v -0.038341 0.020310 -0.029496
v -0.038612 0.020795 -0.027833
v 0.042213 0.017794 0.029280
v 0.043625 0.013511 0.031159
v 0.043671 0.014620 0.028613
v 0.043671 0.014620 0.028613
v 0.043677 0.015024 0.027713
v 0.042213 0.017794 0.029280
v -0.038612 0.020795 -0.027833
v -0.039298 0.018438 -0.028679
v -0.039157 0.019652 -0.027185
v -0.039157 0.019652 -0.027185
v -0.039298 0.018438 -0.028679
v -0.039644 0.018264 -0.027657
v 0.042894 0.014175 0.032277
v 0.043625 0.013511 0.031159
v 0.041857 0.017907 0.030356
v -0.037298 0.021665 -0.031552
v -0.038005 0.019760 -0.031435
v -0.038341 0.020310 -0.029496
v 0.002701 0.010684 -0.036133
v 0.001791 0.010823 -0.036215
v 0.002702 0.010097 -0.035691
v -0.038483 0.018447 -0.031772
v -0.039082 0.017729 -0.031000
v -0.038341 0.020310 -0.029496
v 0.032359 0.032032 -0.034946
v 0.032546 0.032313 -0.033916
v 0.032946 0.031674 -0.034393
v -0.038341 0.020310 -0.029496
v -0.039082 0.017729 -0.031000
v -0.039298 0.018438 -0.028679
v 0.041460 0.014505 0.035390
v 0.042894 0.014175 0.032277
v 0.041507 0.016169 0.033643
v 0.033161 0.030653 -0.034998
v 0.032193 0.031582 -0.035804
v 0.032359 0.032032 -0.034946
v 0.033161 0.030653 -0.034998
v 0.032359 0.032032 -0.034946
v 0.032946 0.031674 -0.034393
v 0.032193 0.031582 -0.035804
v 0.031396 0.032303 -0.036079
v 0.032359 0.032032 -0.034946
v 0.033531 0.031360 -0.033624
v 0.033161 0.030653 -0.034998
v 0.032946 0.031674 -0.034393
v 0.043625 0.013511 0.031159
v 0.044602 0.012572 0.029903
v 0.043671 0.014620 0.028613
v 0.046328 0.009073 0.030315
v 0.045919 0.010428 0.030153
v 0.045755 0.009355 0.031802
v -0.038729 0.023215 -0.024703
v -0.038696 0.022453 -0.025609
v -0.040004 0.019826 -0.023611
v 0.046436 0.010205 0.028542
v 0.045919 0.010428 0.030153
v 0.046328 0.009073 0.030315
v 0.043671 0.014620 0.028613
v 0.044602 0.012572 0.029903
v 0.044638 0.013120 0.028207
v 0.044602 0.012572 0.029903
v 0.046436 0.010205 0.028542
v 0.044638 0.013120 0.028207
v 0.045919 0.010428 0.030153
v 0.046436 0.010205 0.028542
v 0.044602 0.012572 0.029903
v -0.039590 0.019586 -0.025568
v -0.038696 0.022453 -0.025609
v -0.039157 0.019652 -0.027185
v -0.038696 0.022453 -0.025609
v -0.038612 0.020795 -0.027833
v -0.039157 0.019652 -0.027185
v -0.038729 0.023215 -0.024703
v -0.040004 0.019826 -0.023611
v -0.039293 0.023067 -0.022513
v 0.045300 0.010724 0.031616
v 0.045919 0.010428 0.030153
v 0.044602 0.012572 0.029903
v -0.040004 0.019826 -0.023611
v -0.040532 0.018140 -0.024495
v -0.040688 0.018428 -0.023245
v 0.044602 0.012572 0.029903
v 0.043625 0.013511 0.031159
v 0.045300 0.010724 0.031616
v -0.039590 0.019586 -0.025568
v -0.040532 0.018140 -0.024495
v -0.040004 0.019826 -0.023611
v -0.039590 0.019586 -0.025568
v -0.040004 0.019826 -0.023611
v -0.038696 0.022453 -0.025609
v 0.045919 0.010428 0.030153
v 0.045300 0.010724 0.031616
v 0.045755 0.009355 0.031802
v -0.039590 0.019586 -0.025568
v -0.039157 0.019652 -0.027185
v -0.039644 0.018264 -0.027657
v 0.025587 0.033345 -0.034315
v 0.025644 0.033767 -0.035425
v 0.024877 0.033462 -0.034821
v 0.042607 0.011866 0.036169
v 0.043199 0.012662 0.033899
v 0.042019 0.013006 0.035910
v 0.042607 0.011866 0.036169
v 0.043609 0.010924 0.035323
v 0.043199 0.012662 0.033899
v 0.025644 0.033767 -0.035425
v 0.024888 0.033886 -0.035846
v 0.024877 0.033462 -0.034821
v 0.043609 0.010924 0.035323
v 0.044266 0.010719 0.034226
v 0.043199 0.012662 0.033899
v 0.044266 0.010719 0.034226
v 0.045300 0.010724 0.031616
v 0.043199 0.012662 0.033899
v 0.043199 0.012662 0.033899
v 0.045300 0.010724 0.031616
v 0.043625 0.013511 0.031159
v 0.024120 0.033573 -0.035263
v 0.024877 0.033462 -0.034821
v 0.024888 0.033886 -0.035846
v 0.044266 0.010719 0.034226
v 0.045755 0.009355 0.031802
v 0.045300 0.010724 0.031616
v -0.040532 0.018140 -0.024495
v -0.039590 0.019586 -0.025568
v -0.040436 0.017800 -0.025459
v -0.039644 0.018264 -0.027657
v -0.040300 0.017268 -0.027214
v -0.040436 0.017800 -0.025459
v -0.040436 0.017800 -0.025459
v -0.039590 0.019586 -0.025568
v -0.039644 0.018264 -0.027657
v 0.042894 0.014175 0.032277
v 0.043199 0.012662 0.033899
v 0.043625 0.013511 0.031159
v 0.042019 0.013006 0.035910
v 0.040910 0.013138 0.037572
v 0.042607 0.011866 0.036169
v 0.042894 0.014175 0.032277
v 0.041460 0.014505 0.035390
v 0.043199 0.012662 0.033899
v -0.028582 0.027972 -0.021190
v -0.028472 0.028123 -0.017610
v -0.028899 0.018981 -0.022178
v -0.028899 0.018981 -0.022178
v -0.028740 0.017647 -0.014376
v -0.029004 0.014466 -0.021953
v -0.001384 0.011109 -0.036332
v -0.001272 0.013657 -0.036917
v -0.002748 0.010823 -0.036201
v -0.028851 0.017858 -0.026454
v -0.028734 0.022148 -0.026239
v -0.028899 0.018981 -0.022178
v 0.044044 0.009474 0.035606
v 0.043609 0.010924 0.035323
v 0.043367 0.009754 0.036601
v 0.000883 0.011395 -0.036449
v 0.000883 0.010177 -0.035789
v 0.001791 0.010823 -0.036215
v 0.044651 0.009390 0.034461
v 0.044266 0.010719 0.034226
v 0.044044 0.009474 0.035606
v 0.000204 0.010574 -0.036085
v 0.000883 0.011395 -0.036449
v -0.000931 0.011286 -0.036420
v 0.043609 0.010924 0.035323
v 0.044044 0.009474 0.035606
v 0.044266 0.010719 0.034226
v 0.044266 0.010719 0.034226
v 0.044651 0.009390 0.034461
v 0.045755 0.009355 0.031802
v 0.043609 0.010924 0.035323
v 0.042607 0.011866 0.036169
v 0.043367 0.009754 0.036601
v -0.001272 0.013657 -0.036917
v -0.001384 0.011109 -0.036332
v -0.000931 0.011286 -0.036420
v -0.001272 0.013657 -0.036917
v -0.000931 0.011286 -0.036420
v 0.000883 0.011395 -0.036449
v 0.000883 0.011395 -0.036449
v 0.000204 0.010574 -0.036085
v 0.000883 0.010177 -0.035789
v 0.046328 0.009073 0.030315
v 0.046729 0.006252 0.030597
v 0.046904 0.008395 0.028726
v 0.001791 0.010823 -0.036215
v 0.000883 0.010177 -0.035789
v 0.001338 0.009951 -0.035532
v 0.048756 0.004589 0.021062
v 0.049326 0.000000 0.020055
v 0.049622 0.000000 0.016700
v 0.000204 0.010574 -0.036085
v -0.000931 0.011286 -0.036420
v -0.000931 0.010177 -0.035789
v -0.000931 0.011286 -0.036420
v -0.001384 0.011109 -0.036332
v -0.000931 0.010177 -0.035789
v 0.048756 0.004589 0.021062
v 0.048450 0.004829 0.023167
v 0.049326 0.000000 0.020055
v 0.047973 0.008898 0.023005
v 0.048450 0.004829 0.023167
v 0.048280 0.008904 0.020929
v 0.048280 0.008904 0.020929
v 0.048450 0.004829 0.023167
v 0.048756 0.004589 0.021062
v 0.048450 0.004829 0.023167
v 0.047973 0.008898 0.023005
v 0.047552 0.009227 0.024972
v 0.047276 0.008713 0.026906
v 0.048450 0.004829 0.023167
v 0.047552 0.009227 0.024972
v 0.048450 0.004829 0.023167
v 0.048106 0.000000 0.028286
v 0.049326 0.000000 0.020055
v 0.046904 0.008395 0.028726
v 0.046729 0.006252 0.030597
v 0.048450 0.004829 0.023167
v 0.046904 0.008395 0.028726
v 0.048450 0.004829 0.023167
v 0.047276 0.008713 0.026906
v 0.043046 0.007283 0.038095
v 0.044980 0.004903 0.035738
v 0.043630 0.007954 0.036997
v 0.004238 0.009119 -0.033705
v 0.003373 0.008681 -0.032204
v 0.007934 0.008913 -0.032938
v 0.044980 0.004903 0.035738
v 0.044044 0.009474 0.035606
v 0.043630 0.007954 0.036997
v 0.044980 0.004903 0.035738
v 0.044651 0.009390 0.034461
v 0.044044 0.009474 0.035606
v 0.045684 0.006279 0.033622
v 0.044651 0.009390 0.034461
v 0.044980 0.004903 0.035738
v 0.043630 0.007954 0.036997
v 0.043367 0.009754 0.036601
v 0.042204 0.010622 0.037776
v 0.044044 0.009474 0.035606
v 0.043367 0.009754 0.036601
v 0.043630 0.007954 0.036997
v 0.044980 0.004903 0.035738
v 0.043046 0.007283 0.038095
v 0.044195 0.003726 0.037659
v 0.003612 0.009851 -0.035357
v 0.004238 0.009119 -0.033705
v 0.004981 0.009999 -0.035520
v 0.044195 0.003726 0.037659
v 0.045020 0.000000 0.037557
v 0.044980 0.004903 0.035738
v 0.044980 0.004903 0.035738
v 0.045020 0.000000 0.037557
v 0.047239 0.000000 0.031829
v 0.047239 0.000000 0.031829
v 0.046030 0.003554 0.033877
v 0.044980 0.004903 0.035738
v 0.004238 0.009119 -0.033705
v 0.007934 0.008913 -0.032938
v 0.008189 0.009479 -0.034441
v 0.046729 0.006252 0.030597
v 0.045684 0.006279 0.033622
v 0.046030 0.003554 0.033877
v 0.004238 0.009119 -0.033705
v 0.005439 0.009854 -0.035308
v 0.004981 0.009999 -0.035520
v 0.046030 0.003554 0.033877
v 0.046623 0.003060 0.032425
v 0.046729 0.006252 0.030597
v 0.003155 0.010487 -0.035999
v 0.002702 0.010097 -0.035691
v 0.003612 0.009851 -0.035357
v 0.045684 0.006279 0.033622
v 0.044980 0.004903 0.035738
v 0.046030 0.003554 0.033877
v 0.047239 0.000000 0.031829
v 0.046623 0.003060 0.032425
v 0.046030 0.003554 0.033877
v 0.007275 0.009858 -0.035226
v 0.007741 0.010413 -0.035810
v 0.006357 0.010827 -0.036106
v 0.005554 0.011197 -0.036288
v 0.004981 0.009999 -0.035520
v 0.005439 0.009854 -0.035308
v 0.046729 0.006252 0.030597
v 0.048106 0.000000 0.028286
v 0.048450 0.004829 0.023167
v 0.006357 0.010827 -0.036106
v 0.005554 0.011197 -0.036288
v 0.005439 0.009854 -0.035308
v 0.047244 0.012118 -0.014016
v 0.047982 0.011466 -0.011470
v 0.048034 0.010849 -0.013334
v 0.048034 0.010849 -0.013334
v 0.047543 0.011437 -0.014970
v 0.047244 0.012118 -0.014016
v 0.048409 0.011125 -0.008694
v 0.047799 0.011899 -0.010497
v 0.047143 0.012813 -0.009482
v -0.030513 0.010036 0.012654
v -0.030077 0.016488 0.009491
v -0.030945 0.010992 0.015350
v 0.047143 0.012813 -0.009482
v 0.048304 0.011486 -0.007702
v 0.048409 0.011125 -0.008694
v 0.047290 0.012809 -0.007585
v 0.047702 0.012462 -0.005641
v 0.048304 0.011486 -0.007702
v -0.030221 0.023301 0.011803
v -0.030945 0.010992 0.015350
v -0.030077 0.016488 0.009491
v 0.046623 0.003060 0.032425
v 0.048106 0.000000 0.028286
v 0.046729 0.006252 0.030597
v 0.048304 0.011486 -0.007702
v 0.047702 0.012462 -0.005641
v 0.048597 0.011176 -0.005737
v 0.046904 0.008395 0.028726
v 0.046436 0.010205 0.028542
v 0.046328 0.009073 0.030315
v 0.047239 0.000000 0.031829
v 0.048106 0.000000 0.028286
v 0.046623 0.003060 0.032425
v 0.046328 0.009073 0.030315
v 0.045755 0.009355 0.031802
v 0.046729 0.006252 0.030597
v 0.045684 0.006279 0.033622
v 0.046729 0.006252 0.030597
v 0.045755 0.009355 0.031802
v 0.047143 0.012813 -0.009482
v 0.047290 0.012809 -0.007585
v 0.048304 0.011486 -0.007702
v 0.045684 0.006279 0.033622
v 0.045755 0.009355 0.031802
v 0.044651 0.009390 0.034461
v 0.004238 0.009119 -0.033705
v 0.007275 0.009858 -0.035226
v 0.005439 0.009854 -0.035308
v 0.007275 0.009858 -0.035226
v 0.004238 0.009119 -0.033705
v 0.008189 0.009479 -0.034441
v -0.031055 0.023526 0.016657
v -0.031369 0.011790 0.018163
v -0.030945 0.010992 0.015350
v 0.006357 0.010827 -0.036106
v 0.005439 0.009854 -0.035308
v 0.007275 0.009858 -0.035226
v 0.045323 0.015203 -0.007342
v 0.047702 0.012462 -0.005641
v 0.047290 0.012809 -0.007585
v 0.024888 0.033886 -0.035846
v 0.025644 0.033767 -0.035425
v 0.026431 0.033783 -0.038037
v 0.048738 0.010453 -0.007793
v 0.048710 0.009573 -0.009815
v 0.048409 0.011125 -0.008694
v 0.048476 0.010758 -0.009694
v 0.048409 0.011125 -0.008694
v 0.048710 0.009573 -0.009815
v 0.026874 0.033096 -0.033102
v 0.027487 0.032980 -0.032396
v 0.027752 0.033396 -0.033959
v 0.048304 0.011486 -0.007702
v 0.048597 0.011176 -0.005737
v 0.048738 0.010453 -0.007793
v 0.027752 0.033396 -0.033959
v 0.026364 0.033643 -0.034963
v 0.026248 0.033220 -0.033743
v 0.048409 0.011125 -0.008694
v 0.048304 0.011486 -0.007702
v 0.048738 0.010453 -0.007793
v 0.025587 0.033345 -0.034315
v 0.026248 0.033220 -0.033743
v 0.026364 0.033643 -0.034963
v 0.047799 0.011899 -0.010497
v 0.048409 0.011125 -0.008694
v 0.048476 0.010758 -0.009694
v 0.025644 0.033767 -0.035425
v 0.025587 0.033345 -0.034315
v 0.026364 0.033643 -0.034963
v 0.048476 0.010758 -0.009694
v 0.047982 0.011466 -0.011470
v 0.047799 0.011899 -0.010497
v 0.026364 0.033643 -0.034963
v 0.027752 0.033396 -0.033959
v 0.027871 0.033518 -0.035032
v 0.026364 0.033643 -0.034963
v 0.026431 0.033783 -0.038037
v 0.025644 0.033767 -0.035425
v 0.026431 0.033783 -0.038037
v 0.026364 0.033643 -0.034963
v 0.027871 0.033518 -0.035032
v 0.025571 0.032784 -0.033928
v 0.025587 0.033345 -0.034315
v 0.024877 0.033462 -0.034821
v 0.026248 0.033220 -0.033743
v 0.026874 0.033096 -0.033102
v 0.027752 0.033396 -0.033959
v 0.027871 0.033518 -0.035032
v 0.029626 0.033265 -0.035241
v 0.029268 0.033240 -0.036592
v 0.048996 0.009898 -0.005832
v 0.048738 0.010453 -0.007793
v 0.048597 0.011176 -0.005737
v 0.025587 0.033345 -0.034315
v 0.025571 0.032784 -0.033928
v 0.026248 0.033220 -0.033743
v 0.048348 0.010538 -0.011579
v 0.048476 0.010758 -0.009694
v 0.048710 0.009573 -0.009815
v -0.030027 0.009222 0.010134
v -0.030513 0.010036 0.012654
v -0.030482 0.009772 0.012754
v 0.025571 0.032784 -0.033928
v 0.026202 0.031683 -0.033127
v 0.027396 0.032422 -0.031718
v 0.048348 0.010538 -0.011579
v 0.047982 0.011466 -0.011470
v 0.048476 0.010758 -0.009694
v 0.026874 0.033096 -0.033102
v 0.025571 0.032784 -0.033928
v 0.027396 0.032422 -0.031718
v -0.030513 0.010036 0.012654
v -0.030027 0.009222 0.010134
v -0.030120 0.009703 0.009910
v 0.045242 0.015531 -0.005381
v 0.043328 0.019006 -0.006897
v 0.044243 0.017684 -0.002210
v -0.030410 0.009352 0.012951
v -0.030450 0.009569 0.012846
v -0.030945 0.010992 0.015350
v 0.027752 0.033396 -0.033959
v 0.027487 0.032980 -0.032396
v 0.029095 0.033109 -0.032515
v 0.026248 0.033220 -0.033743
v 0.025571 0.032784 -0.033928
v 0.026874 0.033096 -0.033102
v 0.047702 0.012462 -0.005641
v 0.045242 0.015531 -0.005381
v 0.046846 0.013544 -0.003526
v 0.047702 0.012462 -0.005641
v 0.045323 0.015203 -0.007342
v 0.045242 0.015531 -0.005381
v 0.029095 0.033109 -0.032515
v 0.029626 0.033265 -0.035241
v 0.027752 0.033396 -0.033959
v 0.027396 0.032422 -0.031718
v 0.028139 0.032878 -0.031633
v 0.027487 0.032980 -0.032396
v -0.030945 0.010992 0.015350
v -0.030450 0.009569 0.012846
v -0.030482 0.009772 0.012754
v 0.044871 0.016555 -0.000206
v 0.044243 0.017684 -0.002210
v 0.043542 0.019635 0.000950
v 0.027396 0.032422 -0.031718
v 0.027487 0.032980 -0.032396
v 0.026874 0.033096 -0.033102
v 0.046038 0.014690 0.001053
v 0.044871 0.016555 -0.000206
v 0.044979 0.016456 0.005169
v -0.030269 0.008883 0.013186
v -0.030354 0.009122 0.013064
v -0.030889 0.009954 0.015614
v 0.044871 0.016555 -0.000206
v 0.045368 0.015646 -0.001310
v 0.044243 0.017684 -0.002210
v -0.030824 0.009494 0.015823
v -0.030183 0.008701 0.013282
v -0.030269 0.008883 0.013186
v 0.027396 0.032422 -0.031718
v 0.028006 0.032378 -0.030664
v 0.028139 0.032878 -0.031633
v 0.044871 0.016555 -0.000206
v 0.046038 0.014690 0.001053
v 0.045368 0.015646 -0.001310
v -0.030513 0.010036 0.012654
v -0.030945 0.010992 0.015350
v -0.030482 0.009772 0.012754
v -0.030889 0.009954 0.015614
v -0.030410 0.009352 0.012951
v -0.030945 0.010992 0.015350
v 0.046038 0.014690 0.001053
v 0.044979 0.016456 0.005169
v 0.046937 0.013434 0.005186
v 0.046038 0.014690 0.001053
v 0.047519 0.012830 0.000712
v 0.045368 0.015646 -0.001310
v 0.045242 0.015531 -0.005381
v 0.044243 0.017684 -0.002210
v 0.045368 0.015646 -0.001310
v 0.045242 0.015531 -0.005381
v 0.045368 0.015646 -0.001310
v 0.046846 0.013544 -0.003526
v 0.047702 0.012462 -0.005641
v 0.048683 0.011185 -0.003674
v 0.048597 0.011176 -0.005737
v 0.035536 0.027573 0.003655
v 0.037097 0.027114 0.004533
v 0.037749 0.027088 0.003429
v 0.035536 0.027573 0.003655
v 0.036425 0.027075 0.005678
v 0.037097 0.027114 0.004533
v 0.045368 0.015646 -0.001310
v 0.047519 0.012830 0.000712
v 0.048079 0.012137 -0.001496
v 0.046846 0.013544 -0.003526
v 0.045368 0.015646 -0.001310
v 0.048079 0.012137 -0.001496
v 0.038522 0.026468 0.005388
v 0.037097 0.027114 0.004533
v 0.036425 0.027075 0.005678
v 0.026202 0.031683 -0.033127
v 0.026768 0.031558 -0.032396
v 0.027396 0.032422 -0.031718
v 0.027278 0.031432 -0.031549
v 0.027396 0.032422 -0.031718
v 0.026768 0.031558 -0.032396
v 0.034344 0.006749 0.042737
v 0.034765 0.007257 0.041655
v 0.033988 0.007089 0.041401
v 0.038522 0.026468 0.005388
v 0.037749 0.027088 0.003429
v 0.037097 0.027114 0.004533
v 0.038522 0.026468 0.005388
v 0.039225 0.026229 0.004292
v 0.037749 0.027088 0.003429
v 0.048683 0.011185 -0.003674
v 0.046846 0.013544 -0.003526
v 0.048079 0.012137 -0.001496
v 0.036166 0.006411 0.043377
v 0.037050 0.006200 0.043356
v 0.036857 0.006823 0.042888
v 0.048079 0.012137 -0.001496
v 0.048806 0.011071 -0.001548
v 0.048952 0.010661 -0.002636
v 0.047702 0.012462 -0.005641
v 0.046846 0.013544 -0.003526
v 0.048683 0.011185 -0.003674
v 0.049166 0.009516 -0.003777
v 0.048952 0.010661 -0.002636
v 0.049252 0.009581 -0.001622
v 0.048952 0.010661 -0.002636
v 0.048806 0.011071 -0.001548
v 0.049252 0.009581 -0.001622
v 0.034808 0.026370 0.010399
v 0.035292 0.025934 0.012517
v 0.036962 0.026005 0.010923
v 0.037989 0.026168 0.008568
v 0.036975 0.026593 0.007718
v 0.034808 0.026370 0.010399
v 0.036975 0.026593 0.007718
v 0.038522 0.026468 0.005388
v 0.036425 0.027075 0.005678
v 0.037989 0.026168 0.008568
v 0.034808 0.026370 0.010399
v 0.036962 0.026005 0.010923
v 0.039251 0.025804 0.007324
v 0.038522 0.026468 0.005388
v 0.036975 0.026593 0.007718
v 0.048683 0.011185 -0.003674
v 0.048079 0.012137 -0.001496
v 0.048952 0.010661 -0.002636
v 0.048683 0.011185 -0.003674
v 0.048996 0.009898 -0.005832
v 0.048597 0.011176 -0.005737
v 0.037989 0.026168 0.008568
v 0.036962 0.026005 0.010923
v 0.039922 0.025098 0.009235
v 0.048996 0.009898 -0.005832
v 0.048683 0.011185 -0.003674
v 0.049166 0.009516 -0.003777
v 0.034344 0.006749 0.042737
v 0.033913 0.006324 0.043878
v 0.035375 0.006398 0.043524
v 0.048952 0.010661 -0.002636
v 0.049166 0.009516 -0.003777
v 0.048683 0.011185 -0.003674
v 0.036166 0.006411 0.043377
v 0.035985 0.006830 0.042871
v 0.035375 0.006398 0.043524
v 0.027278 0.031432 -0.031549
v 0.028006 0.032378 -0.030664
v 0.027396 0.032422 -0.031718
v 0.025571 0.032784 -0.033928
v 0.024893 0.031918 -0.034314
v 0.026202 0.031683 -0.033127
v 0.028894 0.026502 0.001889
v 0.029713 0.026493 0.006708
v 0.028667 0.028154 -0.003934
v 0.047519 0.012830 0.000712
v 0.048178 0.012028 0.001795
v 0.048572 0.011506 0.000661
v 0.025571 0.032784 -0.033928
v 0.024877 0.033462 -0.034821
v 0.024893 0.031918 -0.034314
v 0.047823 0.012442 0.002920
v 0.047519 0.012830 0.000712
v 0.046038 0.014690 0.001053
v 0.047823 0.012442 0.002920
v 0.048178 0.012028 0.001795
v 0.047519 0.012830 0.000712
v 0.029713 0.026493 0.006708
v 0.031172 0.026652 0.008885
v 0.030192 0.026889 0.006630
v 0.030880 0.026688 -0.039461
v 0.031593 0.030239 -0.037501
v 0.032305 0.028269 -0.037424
v 0.048572 0.011506 0.000661
v 0.048079 0.012137 -0.001496
v 0.047519 0.012830 0.000712
v 0.030537 0.027477 0.004176
v 0.030192 0.026889 0.006630
v 0.031913 0.027187 0.006363
v -0.038477 0.028164 -0.016498
v -0.039355 0.025905 -0.017859
v -0.039633 0.025642 -0.016642
v 0.030537 0.027477 0.004176
v 0.029713 0.026493 0.006708
v 0.030192 0.026889 0.006630
v 0.029612 0.027679 0.001875
v 0.029713 0.026493 0.006708
v 0.030537 0.027477 0.004176
v 0.033161 0.030653 -0.034998
v 0.033342 0.028394 -0.035907
v 0.032219 0.029979 -0.036834
v 0.032219 0.029979 -0.036834
v 0.033342 0.028394 -0.035907
v 0.032305 0.028269 -0.037424
v -0.030945 0.010992 0.015350
v -0.031137 0.010447 0.016931
v -0.030889 0.009954 0.015614
v 0.031593 0.030239 -0.037501
v 0.032219 0.029979 -0.036834
v 0.032305 0.028269 -0.037424
v -0.030410 0.009352 0.012951
v -0.030889 0.009954 0.015614
v -0.030354 0.009122 0.013064
v 0.032193 0.031582 -0.035804
v 0.033161 0.030653 -0.034998
v 0.032219 0.029979 -0.036834
v 0.031913 0.027187 0.006363
v 0.035536 0.027573 0.003655
v 0.030537 0.027477 0.004176
v 0.036975 0.026593 0.007718
v 0.036425 0.027075 0.005678
v 0.031913 0.027187 0.006363
v 0.036425 0.027075 0.005678
v 0.035536 0.027573 0.003655
v 0.031913 0.027187 0.006363
v 0.028575 0.026452 -0.041233
v 0.029337 0.028911 -0.040083
v 0.030206 0.026758 -0.040016
v -0.030824 0.009494 0.015823
v -0.030269 0.008883 0.013186
v -0.030889 0.009954 0.015614
v 0.029599 0.025467 -0.040791
v 0.028575 0.026452 -0.041233
v 0.030206 0.026758 -0.040016
v 0.030206 0.026758 -0.040016
v 0.029337 0.028911 -0.040083
v 0.031593 0.030239 -0.037501
v -0.038451 0.028313 -0.015202
v -0.038477 0.028164 -0.016498
v -0.039633 0.025642 -0.016642
v 0.029337 0.028911 -0.040083
v 0.028982 0.030480 -0.039807
v 0.031593 0.030239 -0.037501
v -0.039633 0.025642 -0.016642
v -0.038965 0.027632 -0.013828
v -0.038451 0.028313 -0.015202
v 0.028982 0.030480 -0.039807
v 0.029337 0.028911 -0.040083
v 0.027351 0.030023 -0.040957
v 0.030206 0.026758 -0.040016
v 0.031593 0.030239 -0.037501
v 0.030880 0.026688 -0.039461
v -0.037947 0.027996 -0.022152
v -0.039293 0.023067 -0.022513
v -0.039213 0.024668 -0.020885
v -0.031055 0.023526 0.016657
v -0.031500 0.023180 0.019080
v -0.031369 0.011790 0.018163
v -0.031500 0.023180 0.019080
v -0.031954 0.022831 0.021464
v -0.031369 0.011790 0.018163
v -0.038355 0.027510 -0.020589
v -0.037947 0.027996 -0.022152
v -0.039213 0.024668 -0.020885
v 0.003155 0.010487 -0.035999
v 0.002701 0.010684 -0.036133
v 0.002702 0.010097 -0.035691
v -0.039213 0.024668 -0.020885
v -0.039355 0.025905 -0.017859
v -0.038355 0.027510 -0.020589
v 0.002702 0.010097 -0.035691
v 0.001791 0.010823 -0.036215
v 0.002247 0.009787 -0.035259
v -0.039355 0.025905 -0.017859
v -0.039213 0.024668 -0.020885
v -0.040012 0.023744 -0.018197
v -0.000024 0.009691 -0.035114
v -0.000024 0.009146 -0.033906
v 0.000884 0.009628 -0.034988
v 0.027280 0.028817 -0.031597
v 0.027278 0.031432 -0.031549
v 0.026768 0.031558 -0.032396
v 0.026292 0.027014 -0.033247
v 0.024953 0.028599 -0.034368
v 0.025679 0.026437 -0.033909
v 0.026292 0.027014 -0.033247
v 0.027280 0.028817 -0.031597
v 0.026247 0.029076 -0.033150
v -0.039355 0.025905 -0.017859
v -0.040012 0.023744 -0.018197
v -0.039633 0.025642 -0.016642
v 0.001791 0.010823 -0.036215
v 0.001338 0.009951 -0.035532
v 0.002247 0.009787 -0.035259
v 0.026292 0.027014 -0.033247
v 0.026247 0.029076 -0.033150
v 0.024953 0.028599 -0.034368
v -0.037947 0.027996 -0.022152
v -0.038729 0.023215 -0.024703
v -0.039293 0.023067 -0.022513
v -0.040774 0.019984 -0.020264
v -0.039293 0.023067 -0.022513
v -0.040793 0.019044 -0.021689
v 0.001338 0.009951 -0.035532
v 0.000883 0.010177 -0.035789
v 0.000884 0.009628 -0.034988
v -0.040793 0.019044 -0.021689
v -0.039293 0.023067 -0.022513
v -0.040004 0.019826 -0.023611
v 0.027280 0.028817 -0.031597
v 0.026768 0.031558 -0.032396
v 0.026247 0.029076 -0.033150
v 0.024186 0.030072 -0.034797
v 0.024953 0.028599 -0.034368
v 0.026247 0.029076 -0.033150
v -0.040012 0.023744 -0.018197
v -0.040664 0.021342 -0.018710
v -0.040982 0.021168 -0.017470
v 0.026768 0.031558 -0.032396
v 0.026202 0.031683 -0.033127
v 0.026247 0.029076 -0.033150
v 0.026247 0.029076 -0.033150
v 0.026202 0.031683 -0.033127
v 0.024893 0.031918 -0.034314
v -0.040012 0.023744 -0.018197
v -0.039213 0.024668 -0.020885
v -0.040664 0.021342 -0.018710
v -0.001387 0.009428 -0.034559
v -0.000024 0.009146 -0.033906
v -0.000024 0.009691 -0.035114
v -0.000024 0.009691 -0.035114
v 0.000204 0.010574 -0.036085
v -0.000931 0.010177 -0.035789
v -0.039213 0.024668 -0.020885
v -0.039293 0.023067 -0.022513
v -0.040664 0.021342 -0.018710
v -0.000024 0.009691 -0.035114
v 0.000884 0.009628 -0.034988
v 0.000883 0.010177 -0.035789
v -0.000024 0.009691 -0.035114
v 0.000883 0.010177 -0.035789
v 0.000204 0.010574 -0.036085
v -0.040664 0.021342 -0.018710
v -0.039293 0.023067 -0.022513
v -0.040774 0.019984 -0.020264
v 0.001111 0.008861 -0.033010
v 0.000884 0.009628 -0.034988
v -0.000024 0.009146 -0.033906
v 0.004238 0.009119 -0.033705
v 0.002247 0.009787 -0.035259
v 0.001111 0.008861 -0.033010
v 0.002247 0.009787 -0.035259
v 0.000884 0.009628 -0.034988
v 0.001111 0.008861 -0.033010
v 0.004238 0.009119 -0.033705
v 0.001111 0.008861 -0.033010
v 0.003373 0.008681 -0.032204
v 0.002247 0.009787 -0.035259
v 0.001338 0.009951 -0.035532
v 0.000884 0.009628 -0.034988
v 0.029684 0.023037 -0.041342
v 0.029599 0.025467 -0.040791
v 0.031332 0.022829 -0.040123
v -0.030770 0.009243 0.015945
v -0.030824 0.009494 0.015823
v -0.031137 0.010447 0.016931
v 0.003612 0.009851 -0.035357
v 0.002702 0.010097 -0.035691
v 0.002247 0.009787 -0.035259
v 0.002247 0.009787 -0.035259
v 0.004238 0.009119 -0.033705
v 0.003612 0.009851 -0.035357
v -0.030945 0.010992 0.015350
v -0.031369 0.011790 0.018163
v -0.031137 0.010447 0.016931
v -0.040982 0.021168 -0.017470
v -0.041684 0.018073 -0.019832
v -0.041639 0.019908 -0.016392
v -0.031137 0.010447 0.016931
v -0.030824 0.009494 0.015823
v -0.030889 0.009954 0.015614
v -0.030770 0.009243 0.015945
v -0.031300 0.009909 0.018629
v -0.030539 0.008644 0.016242
v -0.040982 0.021168 -0.017470
v -0.040664 0.021342 -0.018710
v -0.041684 0.018073 -0.019832
v 0.029599 0.025467 -0.040791
v 0.029684 0.023037 -0.041342
v 0.028078 0.024186 -0.042034
v -0.031300 0.009909 0.018629
v -0.031266 0.009649 0.018747
v -0.030539 0.008644 0.016242
v 0.030592 0.021844 -0.041017
v 0.029684 0.023037 -0.041342
v 0.031332 0.022829 -0.040123
v -0.031087 0.008940 0.019085
v -0.030396 0.008443 0.016348
v -0.031266 0.009649 0.018747
v -0.031300 0.009909 0.018629
v -0.030770 0.009243 0.015945
v -0.031137 0.010447 0.016931
v -0.040004 0.019826 -0.023611
v -0.040688 0.018428 -0.023245
v -0.040793 0.019044 -0.021689
v -0.031266 0.009649 0.018747
v -0.031764 0.010096 0.021590
v -0.031087 0.008940 0.019085
v -0.001272 0.013657 -0.036917
v -0.005951 0.013373 -0.036782
v -0.003659 0.011661 -0.036462
v -0.040664 0.021342 -0.018710
v -0.040774 0.019984 -0.020264
v -0.041684 0.018073 -0.019832
v -0.008500 0.013434 -0.036708
v -0.006639 0.011951 -0.036491
v -0.005951 0.013373 -0.036782
v -0.005951 0.013373 -0.036782
v -0.006639 0.011951 -0.036491
v -0.003659 0.011661 -0.036462
v 0.028710 0.020951 -0.042527
v 0.029684 0.023037 -0.041342
v 0.030592 0.021844 -0.041017
v 0.027426 0.023312 -0.042578
v 0.028078 0.024186 -0.042034
v 0.029684 0.023037 -0.041342
v -0.001272 0.013657 -0.036917
v -0.003659 0.011661 -0.036462
v -0.002748 0.010823 -0.036201
v -0.031369 0.011790 0.018163
v -0.031300 0.009909 0.018629
v -0.031137 0.010447 0.016931
v -0.041684 0.018073 -0.019832
v -0.042334 0.017907 -0.017189
v -0.041639 0.019908 -0.016392
v 0.028078 0.024186 -0.042034
v 0.027426 0.023312 -0.042578
v 0.026862 0.025896 -0.042258
v 0.027426 0.023312 -0.042578
v 0.029684 0.023037 -0.041342
v 0.028710 0.020951 -0.042527
v -0.031300 0.009909 0.018629
v -0.031820 0.011406 0.021175
v -0.031266 0.009649 0.018747
v -0.041684 0.018073 -0.019832
v -0.040774 0.019984 -0.020264
v -0.040793 0.019044 -0.021689
v 0.035375 0.006398 0.043524
v 0.035105 0.006842 0.042700
v 0.034344 0.006749 0.042737
v -0.031300 0.009909 0.018629
v -0.031369 0.011790 0.018163
v -0.031820 0.011406 0.021175
v 0.035105 0.006842 0.042700
v 0.035375 0.006398 0.043524
v 0.035985 0.006830 0.042871
v 0.036857 0.006823 0.042888
v 0.035985 0.006830 0.042871
v 0.036166 0.006411 0.043377
v 0.037050 0.006200 0.043356
v 0.037803 0.006409 0.042929
v 0.036857 0.006823 0.042888
v -0.041702 0.017018 -0.022271
v -0.040793 0.019044 -0.021689
v -0.040688 0.018428 -0.023245
v 0.049313 0.009222 -0.000535
v 0.048806 0.011071 -0.001548
v 0.049082 0.010439 0.000620
v 0.037050 0.006200 0.043356
v 0.037245 0.005548 0.043803
v 0.037803 0.006409 0.042929
v 0.048572 0.011506 0.000661
v 0.049082 0.010439 0.000620
v 0.048806 0.011071 -0.001548
v 0.037245 0.005548 0.043803
v 0.038177 0.004874 0.043647
v 0.037803 0.006409 0.042929
v 0.036666 0.004871 0.044575
v 0.038177 0.004874 0.043647
v 0.037245 0.005548 0.043803
v 0.038451 0.003491 0.044066
v 0.038177 0.004874 0.043647
v 0.036666 0.004871 0.044575
v 0.048806 0.011071 -0.001548
v 0.048079 0.012137 -0.001496
v 0.048572 0.011506 0.000661
v 0.048683 0.011217 0.005155
v 0.049092 0.010409 0.004000
v 0.047823 0.012442 0.002920
v -0.005946 0.010490 -0.035928
v -0.004571 0.010454 -0.035951
v -0.006639 0.011951 -0.036491
v 0.028868 0.008613 0.002290
v 0.028968 0.008773 0.002186
v 0.028028 0.008189 0.000054
v 0.047823 0.012442 0.002920
v 0.049230 0.010007 0.002850
v 0.048178 0.012028 0.001795
v 0.049252 0.009581 -0.001622
v 0.048806 0.011071 -0.001548
v 0.049313 0.009222 -0.000535
v 0.049230 0.010007 0.002850
v 0.049398 0.008777 0.002816
v 0.049082 0.010439 0.000620
v 0.049082 0.010439 0.000620
v 0.048572 0.011506 0.000661
v 0.049230 0.010007 0.002850
v 0.028028 0.008189 0.000054
v 0.028727 0.008452 0.002396
v 0.028868 0.008613 0.002290
v 0.034138 0.005933 0.044653
v 0.033628 0.005502 0.045527
v 0.034458 0.005081 0.045608
v 0.048178 0.012028 0.001795
v 0.049230 0.010007 0.002850
v 0.048572 0.011506 0.000661
v 0.028968 0.008773 0.002186
v 0.029187 0.009372 0.001837
v 0.028480 0.008436 -0.000134
v 0.028264 0.008292 -0.000027
v 0.028968 0.008773 0.002186
v 0.028480 0.008436 -0.000134
v 0.028028 0.008189 0.000054
v 0.028968 0.008773 0.002186
v 0.028264 0.008292 -0.000027
v -0.006639 0.011951 -0.036491
v -0.004571 0.010454 -0.035951
v -0.004115 0.010755 -0.036138
v 0.034842 0.005956 0.044378
v 0.034138 0.005933 0.044653
v 0.034458 0.005081 0.045608
v -0.004115 0.010755 -0.036138
v -0.003659 0.010356 -0.035899
v -0.002748 0.010823 -0.036201
v 0.047823 0.012442 0.002920
v 0.049092 0.010409 0.004000
v 0.049230 0.010007 0.002850
v -0.002748 0.010823 -0.036201
v -0.003659 0.011661 -0.036462
v -0.004115 0.010755 -0.036138
v 0.048683 0.011217 0.005155
v 0.047823 0.012442 0.002920
v 0.046937 0.013434 0.005186
v 0.047823 0.012442 0.002920
v 0.046038 0.014690 0.001053
v 0.046937 0.013434 0.005186
v 0.028286 0.008177 0.002591
v 0.025858 0.007809 0.002954
v 0.027661 0.007963 0.004079
v 0.049228 0.009883 0.005128
v 0.049455 0.007453 0.005090
v 0.049398 0.008777 0.002816
v 0.028727 0.008452 0.002396
v 0.028028 0.008189 0.000054
v 0.028517 0.008292 0.002507
v 0.049092 0.010409 0.004000
v 0.049228 0.009883 0.005128
v 0.049398 0.008777 0.002816
v 0.028286 0.008177 0.002591
v 0.028517 0.008292 0.002507
v 0.028028 0.008189 0.000054
v 0.049398 0.008777 0.002816
v 0.049230 0.010007 0.002850
v 0.049092 0.010409 0.004000
v 0.028286 0.008177 0.002591
v 0.028028 0.008189 0.000054
v 0.025858 0.007809 0.002954
v 0.036166 0.006411 0.043377
v 0.035654 0.005757 0.044324
v 0.037050 0.006200 0.043356
v 0.049313 0.009222 -0.000535
v 0.049082 0.010439 0.000620
v 0.049398 0.008777 0.002816
v 0.048903 0.006981 -0.008031
v 0.048497 0.008595 -0.011797
v 0.048710 0.009573 -0.009815
v 0.029713 0.026493 0.006708
v 0.030442 0.025697 0.011543
v 0.030721 0.026269 0.010210
v 0.049226 0.004424 -0.006015
v 0.049770 0.000000 -0.002817
v 0.049296 0.000000 -0.009047
v 0.049226 0.004424 -0.006015
v 0.049452 0.006365 0.000509
v 0.049770 0.000000 -0.002817
v 0.031172 0.026652 0.008885
v 0.029713 0.026493 0.006708
v 0.030721 0.026269 0.010210
v 0.049226 0.004424 -0.006015
v 0.049296 0.000000 -0.009047
v 0.048903 0.006981 -0.008031
v 0.031872 0.026740 0.008741
v 0.031913 0.027187 0.006363
v 0.030192 0.026889 0.006630
v 0.031172 0.026652 0.008885
v 0.031872 0.026740 0.008741
v 0.030192 0.026889 0.006630
v 0.034842 0.005956 0.044378
v 0.034458 0.005081 0.045608
v 0.035218 0.004862 0.045379
v 0.030721 0.026269 0.010210
v 0.032571 0.026329 0.010966
v 0.031172 0.026652 0.008885
v 0.025645 0.007988 -0.004479
v 0.027329 0.008220 -0.005793
v 0.022892 0.008043 -0.010296
v 0.032571 0.026329 0.010966
v 0.031872 0.026740 0.008741
v 0.031172 0.026652 0.008885
v 0.031872 0.026740 0.008741
v 0.034808 0.026370 0.010399
v 0.036975 0.026593 0.007718
v 0.048348 0.010538 -0.011579
v 0.048710 0.009573 -0.009815
v 0.048497 0.008595 -0.011797
v 0.031872 0.026740 0.008741
v 0.032571 0.026329 0.010966
v 0.034808 0.026370 0.010399
v 0.012390 0.007831 -0.009242
v 0.025645 0.007988 -0.004479
v 0.022892 0.008043 -0.010296
v 0.048497 0.008595 -0.011797
v 0.048331 0.009972 -0.012545
v 0.048348 0.010538 -0.011579
v 0.031872 0.026740 0.008741
v 0.036975 0.026593 0.007718
v 0.031913 0.027187 0.006363
v 0.012390 0.007831 -0.009242
v 0.012389 0.007729 -0.006391
v 0.025645 0.007988 -0.004479
v 0.048273 0.009223 -0.013547
v 0.048331 0.009972 -0.012545
v 0.048497 0.008595 -0.011797
v 0.031532 0.026225 0.011232
v 0.032571 0.026329 0.010966
v 0.030721 0.026269 0.010210
v 0.035654 0.005757 0.044324
v 0.037245 0.005548 0.043803
v 0.037050 0.006200 0.043356
v 0.048528 0.002565 -0.013786
v 0.049296 0.000000 -0.009047
v 0.048614 0.000000 -0.014646
v 0.035654 0.005757 0.044324
v 0.035218 0.004862 0.045379
v 0.036666 0.004871 0.044575
v 0.031911 0.025789 0.013557
v 0.032571 0.026329 0.010966
v 0.031532 0.026225 0.011232
v 0.047177 0.005155 -0.020470
v 0.048101 0.006602 -0.014637
v 0.048528 0.002565 -0.013786
v 0.035218 0.004862 0.045379
v 0.035654 0.005757 0.044324
v 0.034842 0.005956 0.044378
v 0.031911 0.025789 0.013557
v 0.034633 0.025942 0.012721
v 0.032571 0.026329 0.010966
v 0.048903 0.006981 -0.008031
v 0.049074 0.008431 -0.005932
v 0.049226 0.004424 -0.006015
v 0.034633 0.025942 0.012721
v 0.034808 0.026370 0.010399
v 0.032571 0.026329 0.010966
v 0.022892 0.008043 -0.010296
v 0.023924 0.008303 -0.015484
v 0.014724 0.008041 -0.017918
v 0.034458 0.005081 0.045608
v 0.034883 0.002961 0.046494
v 0.035218 0.004862 0.045379
v 0.022892 0.008043 -0.010296
v 0.002325 0.007712 -0.012858
v 0.012390 0.007846 -0.010057
v 0.010122 0.007804 -0.010057
v 0.012390 0.007846 -0.010057
v 0.002325 0.007712 -0.012858
v 0.035292 0.025934 0.012517
v 0.034808 0.026370 0.010399
v 0.034633 0.025942 0.012721
v 0.012390 0.007846 -0.010057
v 0.012390 0.007831 -0.009242
v 0.022892 0.008043 -0.010296
v 0.036666 0.004871 0.044575
v 0.037245 0.005548 0.043803
v 0.035654 0.005757 0.044324
v 0.048497 0.008595 -0.011797
v 0.048903 0.006981 -0.008031
v 0.048483 0.006781 -0.011908
v 0.049074 0.008431 -0.005932
v 0.048903 0.006981 -0.008031
v 0.048738 0.010453 -0.007793
v 0.010122 0.007804 -0.010057
v 0.002325 0.007712 -0.012858
v 0.008388 0.007761 -0.010057
v 0.048738 0.010453 -0.007793
v 0.048996 0.009898 -0.005832
v 0.049074 0.008431 -0.005932
v 0.048996 0.009898 -0.005832
v 0.049166 0.009516 -0.003777
v 0.049074 0.008431 -0.005932
v 0.036666 0.004871 0.044575
v 0.036139 0.003949 0.045369
v 0.037820 0.002792 0.044786
v 0.036666 0.004871 0.044575
v 0.035218 0.004862 0.045379
v 0.036139 0.003949 0.045369
v -0.043922 0.018354 0.014141
v -0.044394 0.016927 0.015948
v -0.042758 0.020583 0.017114
v 0.034842 0.005956 0.044378
v 0.035654 0.005757 0.044324
v 0.035375 0.006398 0.043524
v 0.033913 0.006324 0.043878
v 0.034842 0.005956 0.044378
v 0.035375 0.006398 0.043524
v 0.025858 0.007809 0.002954
v 0.023176 0.007748 0.000541
v 0.020500 0.007593 0.005448
v 0.010345 0.007659 -0.004781
v 0.008387 0.007630 -0.004781
v 0.020500 0.007593 0.005448
v 0.034842 0.005956 0.044378
v 0.033913 0.006324 0.043878
v 0.034138 0.005933 0.044653
v 0.008388 0.007672 -0.006752
v 0.000042 0.007400 -0.000061
v 0.008387 0.007630 -0.004781
v -0.029700 0.009197 0.007334
v -0.029022 0.008436 0.005042
v -0.029102 0.008525 0.004985
v 0.033913 0.006324 0.043878
v 0.033226 0.006285 0.044098
v 0.034138 0.005933 0.044653
v 0.023176 0.007748 0.000541
v 0.025645 0.007988 -0.004479
v 0.012389 0.007729 -0.006391
v 0.040873 0.024497 0.007151
v 0.040288 0.025305 0.005195
v 0.039251 0.025804 0.007324
v 0.008388 0.007761 -0.010057
v 0.008377 0.006058 -0.010057
v 0.010122 0.007804 -0.010057
v 0.034138 0.005933 0.044653
v 0.033226 0.006285 0.044098
v 0.033628 0.005502 0.045527
v 0.035375 0.006398 0.043524
v 0.035654 0.005757 0.044324
v 0.036166 0.006411 0.043377
v 0.012390 0.007846 -0.010057
v 0.012379 0.006058 -0.010057
v 0.012390 0.007831 -0.009242
v 0.012390 0.007831 -0.009242
v 0.012379 0.006058 -0.010057
v 0.012389 0.007729 -0.006391
v 0.028028 0.008189 0.000054
v 0.023176 0.007748 0.000541
v 0.025858 0.007809 0.002954
v 0.028028 0.008189 0.000054
v 0.026900 0.008050 -0.002816
v 0.023176 0.007748 0.000541
v 0.039225 0.026229 0.004292
v 0.038522 0.026468 0.005388
v 0.040288 0.025305 0.005195
v -0.029102 0.008525 0.004985
v -0.028231 0.008141 0.002620
v -0.028565 0.008292 0.002507
v 0.025645 0.007988 -0.004479
v 0.023176 0.007748 0.000541
v 0.026900 0.008050 -0.002816
v 0.040288 0.025305 0.005195
v 0.038522 0.026468 0.005388
v 0.039251 0.025804 0.007324
v 0.042228 0.022651 0.002575
v 0.041202 0.024466 0.001153
v 0.040949 0.024654 0.004149
v 0.012389 0.007729 -0.006391
v 0.012389 0.007693 -0.004781
v 0.023176 0.007748 0.000541
v 0.010345 0.007659 -0.004781
v 0.020500 0.007593 0.005448
v 0.012389 0.007693 -0.004781
v 0.023176 0.007748 0.000541
v 0.012389 0.007693 -0.004781
v 0.020500 0.007593 0.005448
v 0.036139 0.003949 0.045369
v 0.035607 0.002905 0.046118
v 0.037820 0.002792 0.044786
v -0.028859 0.008303 0.005128
v -0.029022 0.008436 0.005042
v -0.029520 0.008721 0.007595
v 0.040949 0.024654 0.004149
v 0.041507 0.023831 0.005119
v 0.042228 0.022651 0.002575
v 0.036666 0.004871 0.044575
v 0.037820 0.002792 0.044786
v 0.038451 0.003491 0.044066
v 0.008376 0.005885 -0.004781
v -0.008693 0.005891 -0.004943
v 0.008377 0.006058 -0.010057
v 0.041507 0.023831 0.005119
v 0.042066 0.022798 0.007132
v 0.041863 0.023267 0.005109
v 0.023913 0.006533 -0.024535
v 0.023913 0.004880 0.025851
v 0.012377 0.005885 -0.004781
v 0.023913 0.006533 -0.024535
v 0.012377 0.005885 -0.004781
v 0.012379 0.006058 -0.010057
v -0.023876 0.006533 -0.024535
v 0.023913 0.006533 -0.024535
v -0.008692 0.006064 -0.010219
v 0.012379 0.006058 -0.010057
v 0.010122 0.007804 -0.010057
v 0.008377 0.006058 -0.010057
v 0.012390 0.007846 -0.010057
v 0.010122 0.007804 -0.010057
v 0.012379 0.006058 -0.010057
v 0.038451 0.003491 0.044066
v 0.037820 0.002792 0.044786
v 0.040499 0.000000 0.043705
v 0.040499 0.000000 0.043705
v 0.039204 0.003491 0.043499
v 0.038451 0.003491 0.044066
v 0.008387 0.007630 -0.004781
v 0.010345 0.007659 -0.004781
v 0.008376 0.005885 -0.004781
v 0.012377 0.005885 -0.004781
v 0.008376 0.005885 -0.004781
v 0.010345 0.007659 -0.004781
v 0.012389 0.007693 -0.004781
v 0.012377 0.005885 -0.004781
v 0.010345 0.007659 -0.004781
v 0.008377 0.006058 -0.010057
v 0.008388 0.007761 -0.010057
v 0.008388 0.007722 -0.008962
v 0.008377 0.006058 -0.010057
v 0.008388 0.007722 -0.008962
v 0.008388 0.007672 -0.006752
v 0.008387 0.007630 -0.004781
v 0.008376 0.005885 -0.004781
v 0.008388 0.007672 -0.006752
v 0.008377 0.006058 -0.010057
v 0.008388 0.007672 -0.006752
v 0.008376 0.005885 -0.004781
v 0.041507 0.023831 0.005119
v 0.040949 0.024654 0.004149
v 0.040288 0.025305 0.005195
v 0.012377 0.005885 -0.004781
v 0.012389 0.007693 -0.004781
v 0.012389 0.007729 -0.006391
v 0.012377 0.005885 -0.004781
v 0.012389 0.007729 -0.006391
v 0.012379 0.006058 -0.010057
v 0.038177 0.004874 0.043647
v 0.038451 0.003491 0.044066
v 0.039204 0.003491 0.043499
v 0.023913 0.000000 -0.024778
v 0.023913 0.000000 0.025670
v 0.023913 0.006533 -0.024535
v 0.040873 0.024497 0.007151
v 0.042066 0.022798 0.007132
v 0.041507 0.023831 0.005119
v 0.038754 0.005766 0.042809
v 0.038177 0.004874 0.043647
v 0.039204 0.003491 0.043499
v 0.042098 0.022625 0.009144
v 0.042066 0.022798 0.007132
v 0.040873 0.024497 0.007151
v 0.040098 0.002620 0.043087
v 0.040817 0.002796 0.042354
v 0.039516 0.005870 0.042242
v -0.029428 0.008573 0.007680
v -0.028633 0.008176 0.005217
v -0.028859 0.008303 0.005128
v 0.040499 0.000000 0.043705
v 0.040098 0.002620 0.043087
v 0.039204 0.003491 0.043499
v 0.040288 0.025305 0.005195
v 0.040873 0.024497 0.007151
v 0.041507 0.023831 0.005119
v 0.039516 0.005870 0.042242
v 0.039204 0.003491 0.043499
v 0.040098 0.002620 0.043087
v -0.029102 0.008525 0.004985
v -0.029022 0.008436 0.005042
v -0.028231 0.008141 0.002620
v 0.040340 0.025435 0.003195
v 0.040288 0.025305 0.005195
v 0.040949 0.024654 0.004149
v -0.028859 0.008303 0.005128
v -0.028231 0.008141 0.002620
v -0.029022 0.008436 0.005042
v 0.040340 0.025435 0.003195
v 0.039225 0.026229 0.004292
v 0.040288 0.025305 0.005195
v -0.028231 0.008141 0.002620
v -0.028859 0.008303 0.005128
v -0.028633 0.008176 0.005217
v 0.037989 0.026168 0.008568
v 0.039251 0.025804 0.007324
v 0.036975 0.026593 0.007718
v 0.037989 0.026168 0.008568
v 0.039922 0.025098 0.009235
v 0.039251 0.025804 0.007324
v 0.037754 0.025668 0.011758
v 0.039922 0.025098 0.009235
v 0.036962 0.026005 0.010923
v -0.028231 0.008141 0.002620
v -0.028303 0.008058 0.005306
v -0.027043 0.007838 0.005524
v -0.025002 0.007707 0.005744
v -0.028231 0.008141 0.002620
v -0.027043 0.007838 0.005524
v -0.027043 0.007838 0.005524
v -0.028303 0.008058 0.005306
v -0.028370 0.007975 0.008086
v -0.029700 0.009197 0.007334
v -0.029102 0.008525 0.004985
v -0.029780 0.009547 0.007165
v -0.028774 0.008452 0.002396
v -0.029362 0.009007 0.004698
v -0.029275 0.008794 0.004824
v -0.003659 0.011661 -0.036462
v -0.006639 0.011951 -0.036491
v -0.004115 0.010755 -0.036138
v -0.029275 0.008794 0.004824
v -0.028565 0.008292 0.002507
v -0.028774 0.008452 0.002396
v -0.029199 0.008660 0.004903
v -0.029780 0.009547 0.007165
v -0.029102 0.008525 0.004985
v -0.029275 0.008794 0.004824
v -0.029199 0.008660 0.004903
v -0.028565 0.008292 0.002507
v -0.028565 0.008292 0.002507
v -0.029199 0.008660 0.004903
v -0.029102 0.008525 0.004985
v -0.030027 0.009222 0.010134
v -0.029351 0.008473 0.007739
v -0.029428 0.008573 0.007680
v -0.030027 0.009222 0.010134
v -0.029191 0.008325 0.007830
v -0.029351 0.008473 0.007739
v -0.029351 0.008473 0.007739
v -0.028633 0.008176 0.005217
v -0.029428 0.008573 0.007680
v -0.029351 0.008473 0.007739
v -0.028303 0.008058 0.005306
v -0.028633 0.008176 0.005217
v -0.006639 0.011951 -0.036491
v -0.007325 0.010362 -0.035790
v -0.005946 0.010490 -0.035928
v -0.029351 0.008473 0.007739
v -0.029191 0.008325 0.007830
v -0.028303 0.008058 0.005306
v -0.029715 0.008520 0.010509
v -0.028370 0.007975 0.008086
v -0.029191 0.008325 0.007830
v -0.029715 0.008520 0.010509
v -0.029620 0.008411 0.010573
v -0.028370 0.007975 0.008086
v -0.028370 0.007975 0.008086
v -0.028303 0.008058 0.005306
v -0.029191 0.008325 0.007830
v -0.030027 0.009222 0.010134
v -0.029428 0.008573 0.007680
v -0.030120 0.009703 0.009910
v -0.029520 0.008721 0.007595
v -0.030120 0.009703 0.009910
v -0.029428 0.008573 0.007680
v -0.028859 0.008303 0.005128
v -0.029520 0.008721 0.007595
v -0.029428 0.008573 0.007680
v -0.030450 0.009569 0.012846
v -0.030410 0.009352 0.012951
v -0.029715 0.008520 0.010509
v -0.029715 0.008520 0.010509
v -0.030410 0.009352 0.012951
v -0.030354 0.009122 0.013064
v -0.009190 0.011483 -0.036266
v -0.011054 0.010381 -0.035644
v -0.009175 0.010048 -0.035415
v -0.009190 0.011483 -0.036266
v -0.009175 0.010048 -0.035415
v -0.008251 0.010462 -0.035830
v -0.007908 0.011077 -0.036162
v -0.008251 0.010462 -0.035830
v -0.007325 0.010362 -0.035790
v -0.029715 0.008520 0.010509
v -0.030354 0.009122 0.013064
v -0.029620 0.008411 0.010573
v -0.008500 0.013434 -0.036708
v -0.007908 0.011077 -0.036162
v -0.006639 0.011951 -0.036491
v -0.030354 0.009122 0.013064
v -0.030269 0.008883 0.013186
v -0.029620 0.008411 0.010573
v -0.030183 0.008701 0.013282
v -0.029249 0.008151 0.010738
v -0.029620 0.008411 0.010573
v -0.008500 0.013434 -0.036708
v -0.009190 0.011483 -0.036266
v -0.007908 0.011077 -0.036162
v -0.007908 0.011077 -0.036162
v -0.009190 0.011483 -0.036266
v -0.008251 0.010462 -0.035830
v -0.006639 0.011951 -0.036491
v -0.007908 0.011077 -0.036162
v -0.007325 0.010362 -0.035790
v -0.028370 0.007975 0.008086
v -0.029620 0.008411 0.010573
v -0.029249 0.008151 0.010738
v -0.005946 0.010490 -0.035928
v -0.007325 0.010362 -0.035790
v -0.007323 0.010039 -0.035485
v -0.029249 0.008151 0.010738
v -0.028758 0.007970 0.010880
v -0.028370 0.007975 0.008086
v -0.027567 0.007768 0.011112
v -0.028370 0.007975 0.008086
v -0.028758 0.007970 0.010880
v -0.027567 0.007768 0.011112
v -0.026036 0.007707 0.008440
v -0.028370 0.007975 0.008086
v -0.029715 0.008520 0.010509
v -0.030482 0.009772 0.012754
v -0.030450 0.009569 0.012846
v -0.030027 0.009222 0.010134
v -0.030482 0.009772 0.012754
v -0.029715 0.008520 0.010509
v -0.029715 0.008520 0.010509
v -0.029191 0.008325 0.007830
v -0.030027 0.009222 0.010134
v -0.030183 0.008701 0.013282
v -0.029620 0.008411 0.010573
v -0.030269 0.008883 0.013186
v -0.001387 0.009428 -0.034559
v -0.000931 0.010177 -0.035789
v -0.001840 0.010030 -0.035626
v -0.030183 0.008701 0.013282
v -0.030824 0.009494 0.015823
v -0.030066 0.008517 0.013380
v -0.030824 0.009494 0.015823
v -0.030770 0.009243 0.015945
v -0.030066 0.008517 0.013380
v -0.029249 0.008151 0.010738
v -0.030183 0.008701 0.013282
v -0.030066 0.008517 0.013380
v -0.030066 0.008517 0.013380
v -0.028758 0.007970 0.010880
v -0.029249 0.008151 0.010738
v -0.030066 0.008517 0.013380
v -0.030770 0.009243 0.015945
v -0.030539 0.008644 0.016242
v -0.030066 0.008517 0.013380
v -0.030539 0.008644 0.016242
v -0.029904 0.008338 0.013481
v -0.029904 0.008338 0.013481
v -0.028758 0.007970 0.010880
v -0.030066 0.008517 0.013380
v -0.028758 0.007970 0.010880
v -0.029904 0.008338 0.013481
v -0.029754 0.008223 0.013551
v -0.029754 0.008223 0.013551
v -0.030396 0.008443 0.016348
v -0.029327 0.008014 0.013701
v -0.028758 0.007970 0.010880
v -0.029754 0.008223 0.013551
v -0.029327 0.008014 0.013701
v -0.000931 0.010177 -0.035789
v -0.001384 0.011109 -0.036332
v -0.001840 0.010030 -0.035626
v -0.001384 0.011109 -0.036332
v -0.002748 0.010823 -0.036201
v -0.001840 0.010030 -0.035626
v -0.027567 0.007768 0.011112
v -0.028758 0.007970 0.010880
v -0.029327 0.008014 0.013701
v -0.001840 0.010030 -0.035626
v -0.002748 0.010823 -0.036201
v -0.003659 0.010356 -0.035899
v -0.003659 0.010356 -0.035899
v -0.002239 0.009691 -0.035084
v -0.001840 0.010030 -0.035626
v -0.026306 0.007620 0.014286
v -0.027567 0.007768 0.011112
v -0.029327 0.008014 0.013701
v -0.029327 0.008014 0.013701
v -0.029492 0.007922 0.016704
v -0.029143 0.007836 0.016796
v -0.029327 0.008014 0.013701
v -0.029143 0.007836 0.016796
v -0.026306 0.007620 0.014286
v 0.048710 0.009573 -0.009815
v 0.048738 0.010453 -0.007793
v 0.048903 0.006981 -0.008031
v 0.048273 0.009223 -0.013547
v 0.048497 0.008595 -0.011797
v 0.048101 0.006602 -0.014637
v 0.048101 0.006602 -0.014637
v 0.048497 0.008595 -0.011797
v 0.048483 0.006781 -0.011908
v 0.048273 0.009223 -0.013547
v 0.048101 0.006602 -0.014637
v 0.047906 0.010415 -0.015122
v 0.049296 0.000000 -0.009047
v 0.048483 0.006781 -0.011908
v 0.048903 0.006981 -0.008031
v -0.002239 0.009691 -0.035084
v -0.003659 0.010356 -0.035899
v -0.003660 0.009804 -0.035275
v 0.048483 0.006781 -0.011908
v 0.048528 0.002565 -0.013786
v 0.048101 0.006602 -0.014637
v -0.003659 0.010356 -0.035899
v -0.004115 0.010755 -0.036138
v -0.004116 0.009970 -0.035504
v 0.048483 0.006781 -0.011908
v 0.049296 0.000000 -0.009047
v 0.048528 0.002565 -0.013786
v -0.007323 0.010039 -0.035485
v -0.005486 0.009394 -0.034387
v -0.004116 0.009970 -0.035504
v 0.049074 0.008431 -0.005932
v 0.049452 0.006365 0.000509
v 0.049226 0.004424 -0.006015
v -0.004116 0.009970 -0.035504
v -0.005946 0.010490 -0.035928
v -0.007323 0.010039 -0.035485
v -0.004571 0.010454 -0.035951
v -0.005946 0.010490 -0.035928
v -0.004116 0.009970 -0.035504
v -0.004115 0.010755 -0.036138
v -0.004571 0.010454 -0.035951
v -0.004116 0.009970 -0.035504
v 0.050000 0.000000 0.005087
v 0.049770 0.000000 -0.002817
v 0.049452 0.006365 0.000509
v -0.004229 0.009044 -0.033557
v -0.004116 0.009970 -0.035504
v -0.005486 0.009394 -0.034387
v -0.004229 0.009044 -0.033557
v -0.003660 0.009804 -0.035275
v -0.004116 0.009970 -0.035504
v 0.049074 0.008431 -0.005932
v 0.049166 0.009516 -0.003777
v 0.049452 0.006365 0.000509
v -0.004116 0.009970 -0.035504
v -0.003660 0.009804 -0.035275
v -0.003659 0.010356 -0.035899
v 0.049452 0.006365 0.000509
v 0.049398 0.008777 0.002816
v 0.049455 0.007453 0.005090
v 0.049252 0.009581 -0.001622
v 0.049452 0.006365 0.000509
v 0.049166 0.009516 -0.003777
v 0.049252 0.009581 -0.001622
v 0.049313 0.009222 -0.000535
v 0.049452 0.006365 0.000509
v -0.002239 0.009691 -0.035084
v -0.001387 0.009428 -0.034559
v -0.001840 0.010030 -0.035626
v 0.049398 0.008777 0.002816
v 0.049452 0.006365 0.000509
v 0.049313 0.009222 -0.000535
v -0.000024 0.009691 -0.035114
v -0.000931 0.010177 -0.035789
v -0.001387 0.009428 -0.034559
v 0.049452 0.006365 0.000509
v 0.049455 0.007453 0.005090
v 0.050000 0.000000 0.005087
v -0.000024 0.009146 -0.033906
v -0.001608 0.008674 -0.032199
v 0.001111 0.008861 -0.033010
v 0.039922 0.025098 0.009235
v 0.040600 0.024558 0.009155
v 0.040873 0.024497 0.007151
v 0.040873 0.024497 0.007151
v 0.039251 0.025804 0.007324
v 0.039922 0.025098 0.009235
v 0.033599 0.032173 -0.028761
v 0.034729 0.031538 -0.029164
v 0.034104 0.031951 -0.029535
v 0.034324 0.031476 -0.031277
v 0.033832 0.031684 -0.032301
v 0.033101 0.032375 -0.031437
v 0.033101 0.032375 -0.031437
v 0.034104 0.031951 -0.029535
v 0.034324 0.031476 -0.031277
v 0.034816 0.030989 -0.030711
v 0.034324 0.031476 -0.031277
v 0.034104 0.031951 -0.029535
v 0.040600 0.024558 0.009155
v 0.041448 0.023462 0.010105
v 0.042098 0.022625 0.009144
v 0.034953 0.031230 -0.029534
v 0.034816 0.030989 -0.030711
v 0.034104 0.031951 -0.029535
v 0.040873 0.024497 0.007151
v 0.040600 0.024558 0.009155
v 0.042098 0.022625 0.009144
v 0.041448 0.023462 0.010105
v 0.040600 0.024558 0.009155
v 0.039853 0.024857 0.011223
v 0.005877 0.035593 -0.041647
v 0.005422 0.035723 -0.041187
v 0.006341 0.035718 -0.040398
v 0.040600 0.024558 0.009155
v 0.039922 0.025098 0.009235
v 0.039853 0.024857 0.011223
v 0.041448 0.023462 0.010105
v 0.039853 0.024857 0.011223
v 0.041510 0.023309 0.011086
v 0.034104 0.031951 -0.029535
v 0.034729 0.031538 -0.029164
v 0.034953 0.031230 -0.029534
v 0.041510 0.023309 0.011086
v 0.039853 0.024857 0.011223
v 0.040693 0.024076 0.012064
v 0.035391 0.030211 -0.030071
v 0.034816 0.030989 -0.030711
v 0.034953 0.031230 -0.029534
v 0.041448 0.023462 0.010105
v 0.041510 0.023309 0.011086
v 0.042098 0.022625 0.009144
v 0.005429 0.035710 -0.040217
v 0.006341 0.035718 -0.040398
v 0.005422 0.035723 -0.041187
v 0.035391 0.030211 -0.030071
v 0.034953 0.031230 -0.029534
v 0.035280 0.030881 -0.029184
v 0.041982 0.022520 0.012089
v 0.042098 0.022625 0.009144
v 0.041510 0.023309 0.011086
v 0.005429 0.035710 -0.040217
v 0.005422 0.035723 -0.041187
v 0.003602 0.035754 -0.041207
v 0.006341 0.035718 -0.040398
v 0.007262 0.035667 -0.040181
v 0.007249 0.035674 -0.041153
v 0.029454 0.023385 0.006788
v 0.029169 0.026149 0.004310
v 0.029179 0.022618 0.004281
v 0.029454 0.023385 0.006788
v 0.029781 0.024545 0.009252
v 0.029485 0.025789 0.006753
v 0.005429 0.035710 -0.040217
v 0.003602 0.035754 -0.041207
v 0.004521 0.035650 -0.039834
v 0.029713 0.026493 0.006708
v 0.029485 0.025789 0.006753
v 0.029781 0.024545 0.009252
v 0.029454 0.023385 0.006788
v 0.029485 0.025789 0.006753
v 0.029169 0.026149 0.004310
v 0.034976 0.031374 -0.028574
v 0.033599 0.032173 -0.028761
v 0.033453 0.032132 -0.027758
v 0.034104 0.031951 -0.029535
v 0.033166 0.032334 -0.029538
v 0.033599 0.032173 -0.028761
v 0.003602 0.035754 -0.041207
v 0.005422 0.035723 -0.041187
v 0.004511 0.035588 -0.041759
v 0.005422 0.035723 -0.041187
v 0.005422 0.035498 -0.041933
v 0.004511 0.035588 -0.041759
v 0.034976 0.031374 -0.028574
v 0.034729 0.031538 -0.029164
v 0.033599 0.032173 -0.028761
v 0.005422 0.035498 -0.041933
v 0.005422 0.035723 -0.041187
v 0.005877 0.035593 -0.041647
v 0.006341 0.035718 -0.040398
v 0.007249 0.035674 -0.041153
v 0.005877 0.035593 -0.041647
v 0.034976 0.031374 -0.028574
v 0.033453 0.032132 -0.027758
v 0.034708 0.031649 -0.027350
v 0.029713 0.026493 0.006708
v 0.029169 0.026149 0.004310
v 0.029485 0.025789 0.006753
v 0.029713 0.026493 0.006708
v 0.029781 0.024545 0.009252
v 0.030029 0.025235 0.010427
v 0.034708 0.031649 -0.027350
v 0.035475 0.031026 -0.027397
v 0.034976 0.031374 -0.028574
v 0.003602 0.035754 -0.041207
v 0.004511 0.035588 -0.041759
v 0.003151 0.035268 -0.042406
v 0.030442 0.025697 0.011543
v 0.029713 0.026493 0.006708
v 0.030029 0.025235 0.010427
v 0.004067 0.034604 -0.043094
v 0.004511 0.035588 -0.041759
v 0.005424 0.035296 -0.042295
v 0.004511 0.035588 -0.041759
v 0.005422 0.035498 -0.041933
v 0.005424 0.035296 -0.042295
v 0.036043 0.030271 -0.027218
v 0.035741 0.030496 -0.028131
v 0.035475 0.031026 -0.027397
v 0.025963 0.022183 -0.043524
v 0.027426 0.023312 -0.042578
v 0.028710 0.020951 -0.042527
v 0.004067 0.034604 -0.043094
v 0.003151 0.035268 -0.042406
v 0.004511 0.035588 -0.041759
v 0.035280 0.030881 -0.029184
v 0.034953 0.031230 -0.029534
v 0.034729 0.031538 -0.029164
v 0.031532 0.026225 0.011232
v 0.030721 0.026269 0.010210
v 0.030442 0.025697 0.011543
v 0.034729 0.031538 -0.029164
v 0.034976 0.031374 -0.028574
v 0.035280 0.030881 -0.029184
v 0.005877 0.035593 -0.041647
v 0.007250 0.035242 -0.042259
v 0.006341 0.034896 -0.042714
v 0.035741 0.030496 -0.028131
v 0.035280 0.030881 -0.029184
v 0.034976 0.031374 -0.028574
v 0.005877 0.035593 -0.041647
v 0.007249 0.035674 -0.041153
v 0.007250 0.035242 -0.042259
v 0.035741 0.030496 -0.028131
v 0.034976 0.031374 -0.028574
v 0.035475 0.031026 -0.027397
v 0.005422 0.035498 -0.041933
v 0.005877 0.035593 -0.041647
v 0.006341 0.034896 -0.042714
v 0.005422 0.035498 -0.041933
v 0.006341 0.034896 -0.042714
v 0.005424 0.035296 -0.042295
v 0.039777 0.024579 0.013189
v 0.039853 0.024857 0.011223
v 0.037754 0.025668 0.011758
v 0.038759 0.024830 0.014471
v 0.039777 0.024579 0.013189
v 0.037754 0.025668 0.011758
v 0.037271 0.025339 0.014024
v 0.037947 0.024825 0.015823
v 0.038759 0.024830 0.014471
v 0.039930 0.024167 0.015043
v 0.038759 0.024830 0.014471
v 0.037947 0.024825 0.015823
v 0.039930 0.024167 0.015043
v 0.039777 0.024579 0.013189
v 0.038759 0.024830 0.014471
v 0.037820 0.002792 0.044786
v 0.038250 0.000000 0.045558
v 0.040499 0.000000 0.043705
v 0.039853 0.024857 0.011223
v 0.039922 0.025098 0.009235
v 0.037754 0.025668 0.011758
v 0.032061 0.020560 -0.040257
v 0.030592 0.021844 -0.041017
v 0.031332 0.022829 -0.040123
v 0.040098 0.002620 0.043087
v 0.041783 0.000000 0.042349
v 0.040817 0.002796 0.042354
v 0.041783 0.000000 0.042349
v 0.043718 0.000000 0.039816
v 0.040817 0.002796 0.042354
v 0.030799 0.020140 -0.041441
v 0.029826 0.020186 -0.042105
v 0.030592 0.021844 -0.041017
v 0.040817 0.002796 0.042354
v 0.043718 0.000000 0.039816
v 0.041441 0.003491 0.041451
v 0.043663 0.002798 0.038868
v 0.041945 0.004917 0.040358
v 0.041441 0.003491 0.041451
v -0.034840 0.030308 -0.013244
v -0.032565 0.030074 -0.010451
v -0.032371 0.030343 -0.012312
v 0.029826 0.020186 -0.042105
v 0.030799 0.020140 -0.041441
v 0.031367 0.018189 -0.041948
v 0.039777 0.024579 0.013189
v 0.040693 0.024076 0.012064
v 0.039853 0.024857 0.011223
v -0.029051 0.029761 -0.011353
v -0.030463 0.030739 -0.015641
v -0.032204 0.030609 -0.014121
v 0.034708 0.031649 -0.027350
v 0.034546 0.031639 -0.025191
v 0.035178 0.031364 -0.025644
v -0.029051 0.029761 -0.011353
v -0.029266 0.031141 -0.020548
v -0.030463 0.030739 -0.015641
v 0.030592 0.021844 -0.041017
v 0.032061 0.020560 -0.040257
v 0.030799 0.020140 -0.041441
v 0.040693 0.024076 0.012064
v 0.039777 0.024579 0.013189
v 0.041425 0.023175 0.013003
v -0.034024 0.030867 -0.016648
v -0.032204 0.030609 -0.014121
v -0.030463 0.030739 -0.015641
v -0.032204 0.030609 -0.014121
v -0.034193 0.030644 -0.015042
v -0.034840 0.030308 -0.013244
v -0.034024 0.030867 -0.016648
v -0.034193 0.030644 -0.015042
v -0.032204 0.030609 -0.014121
v 0.034708 0.031649 -0.027350
v 0.033453 0.032132 -0.027758
v 0.034546 0.031639 -0.025191
v 0.039777 0.024579 0.013189
v 0.039930 0.024167 0.015043
v 0.041425 0.023175 0.013003
v 0.043718 0.000000 0.039816
v 0.043663 0.002798 0.038868
v 0.041441 0.003491 0.041451
v 0.042581 0.021140 0.015141
v 0.041982 0.022520 0.012089
v 0.041425 0.023175 0.013003
v 0.040499 0.000000 0.043705
v 0.041783 0.000000 0.042349
v 0.040098 0.002620 0.043087
v 0.035178 0.031364 -0.025644
v 0.035475 0.031026 -0.027397
v 0.034708 0.031649 -0.027350
v 0.030799 0.020140 -0.041441
v 0.032061 0.020560 -0.040257
v 0.032220 0.018563 -0.041036
v 0.041425 0.023175 0.013003
v 0.041676 0.022604 0.014884
v 0.042581 0.021140 0.015141
v 0.039930 0.024167 0.015043
v 0.041676 0.022604 0.014884
v 0.041425 0.023175 0.013003
v -0.034840 0.030308 -0.013244
v -0.032371 0.030343 -0.012312
v -0.032204 0.030609 -0.014121
v 0.041510 0.023309 0.011086
v 0.040693 0.024076 0.012064
v 0.041425 0.023175 0.013003
v 0.035787 0.030912 -0.025143
v 0.036349 0.030212 -0.025518
v 0.036043 0.030271 -0.027218
v 0.035178 0.031364 -0.025644
v 0.035787 0.030912 -0.025143
v 0.036043 0.030271 -0.027218
v 0.031367 0.018189 -0.041948
v 0.030799 0.020140 -0.041441
v 0.032220 0.018563 -0.041036
v 0.036349 0.030212 -0.025518
v 0.037110 0.028573 -0.025418
v 0.036043 0.030271 -0.027218
v 0.035607 0.002905 0.046118
v 0.036139 0.003949 0.045369
v 0.035218 0.004862 0.045379
v 0.035178 0.031364 -0.025644
v 0.036043 0.030271 -0.027218
v 0.035475 0.031026 -0.027397
v 0.034883 0.002961 0.046494
v 0.035607 0.002905 0.046118
v 0.035218 0.004862 0.045379
v 0.030592 0.021844 -0.041017
v 0.029826 0.020186 -0.042105
v 0.028710 0.020951 -0.042527
v 0.034135 0.025466 0.015184
v 0.034633 0.025942 0.012721
v 0.031911 0.025789 0.013557
v -0.002239 0.009691 -0.035084
v -0.003660 0.009804 -0.035275
v -0.004229 0.009044 -0.033557
v -0.004229 0.009044 -0.033557
v -0.002747 0.008786 -0.032729
v -0.002239 0.009691 -0.035084
v -0.001387 0.009428 -0.034559
v -0.002239 0.009691 -0.035084
v -0.002747 0.008786 -0.032729
v -0.001387 0.009428 -0.034559
v -0.002747 0.008786 -0.032729
v -0.001608 0.008674 -0.032199
v -0.000024 0.009146 -0.033906
v -0.001387 0.009428 -0.034559
v -0.001608 0.008674 -0.032199
v 0.030136 0.017285 -0.043331
v 0.029826 0.020186 -0.042105
v 0.031367 0.018189 -0.041948
v -0.034193 0.030644 -0.015042
v -0.036784 0.029770 -0.014173
v -0.034840 0.030308 -0.013244
v 0.030136 0.017285 -0.043331
v 0.031367 0.018189 -0.041948
v 0.031616 0.016323 -0.043000
v -0.029051 0.029761 -0.011353
v -0.030767 0.030055 -0.010897
v -0.029698 0.029644 -0.009157
v 0.032220 0.018563 -0.041036
v 0.033578 0.018615 -0.039748
v 0.034000 0.016799 -0.040628
v -0.032204 0.030609 -0.014121
v -0.032371 0.030343 -0.012312
v -0.029051 0.029761 -0.011353
v -0.008703 0.009651 -0.034783
v -0.009159 0.009497 -0.034429
v -0.008233 0.009321 -0.034080
v 0.032220 0.018563 -0.041036
v 0.034000 0.016799 -0.040628
v 0.033870 0.015759 -0.041683
v 0.034546 0.031639 -0.025191
v 0.033205 0.031960 -0.025102
v 0.034087 0.031617 -0.023323
v -0.029051 0.029761 -0.011353
v -0.032371 0.030343 -0.012312
v -0.030767 0.030055 -0.010897
v -0.008233 0.009321 -0.034080
v -0.009159 0.009497 -0.034429
v -0.009121 0.008906 -0.032832
v 0.035260 0.031291 -0.024634
v 0.034546 0.031639 -0.025191
v 0.034087 0.031617 -0.023323
v -0.008233 0.009321 -0.034080
v -0.009121 0.008906 -0.032832
v -0.007644 0.008959 -0.033118
v 0.031367 0.018189 -0.041948
v 0.032220 0.018563 -0.041036
v 0.032480 0.015926 -0.042677
v -0.032371 0.030343 -0.012312
v -0.032565 0.030074 -0.010451
v -0.030767 0.030055 -0.010897
v -0.005486 0.009394 -0.034387
v -0.007644 0.008959 -0.033118
v -0.006138 0.008683 -0.032042
v 0.035553 0.031070 -0.023407
v 0.035260 0.031291 -0.024634
v 0.034087 0.031617 -0.023323
v -0.028597 0.029446 -0.012515
v -0.029051 0.029761 -0.011353
v -0.029074 0.029119 -0.007180
v -0.028742 0.030288 -0.018183
v -0.029266 0.031141 -0.020548
v -0.029051 0.029761 -0.011353
v 0.035178 0.031364 -0.025644
v 0.034546 0.031639 -0.025191
v 0.035260 0.031291 -0.024634
v -0.028597 0.029446 -0.012515
v -0.028742 0.030288 -0.018183
v -0.029051 0.029761 -0.011353
v 0.034087 0.031617 -0.023323
v 0.035387 0.031112 -0.022444
v 0.035553 0.031070 -0.023407
v -0.028899 0.018981 -0.022178
v -0.028472 0.028123 -0.017610
v -0.028367 0.026546 -0.012802
v 0.035787 0.030912 -0.025143
v 0.035260 0.031291 -0.024634
v 0.036272 0.030505 -0.023868
v 0.035787 0.030912 -0.025143
v 0.035178 0.031364 -0.025644
v 0.035260 0.031291 -0.024634
v 0.036272 0.030505 -0.023868
v 0.035260 0.031291 -0.024634
v 0.035553 0.031070 -0.023407
v 0.036279 0.030535 -0.021870
v 0.036272 0.030505 -0.023868
v 0.035553 0.031070 -0.023407
v 0.036941 0.029672 -0.023432
v 0.036330 0.030376 -0.024713
v 0.036272 0.030505 -0.023868
v -0.007323 0.010039 -0.035485
v -0.008251 0.010462 -0.035830
v -0.008703 0.009651 -0.034783
v -0.028597 0.029446 -0.012515
v -0.028364 0.028440 -0.011627
v -0.028367 0.026546 -0.012802
v 0.036330 0.030376 -0.024713
v 0.035787 0.030912 -0.025143
v 0.036272 0.030505 -0.023868
v -0.028370 0.027831 -0.007363
v -0.028597 0.029446 -0.012515
v -0.028715 0.028154 -0.003934
v 0.036349 0.030212 -0.025518
v 0.035787 0.030912 -0.025143
v 0.036330 0.030376 -0.024713
v -0.009159 0.009497 -0.034429
v -0.008703 0.009651 -0.034783
v -0.009175 0.010048 -0.035415
v -0.028597 0.029446 -0.012515
v -0.028350 0.028140 -0.009529
v -0.028364 0.028440 -0.011627
v -0.028370 0.027831 -0.007363
v -0.028350 0.028140 -0.009529
v -0.028597 0.029446 -0.012515
v -0.028453 0.029010 -0.015614
v -0.028597 0.029446 -0.012515
v -0.028367 0.026546 -0.012802
v -0.009159 0.009497 -0.034429
v -0.009175 0.010048 -0.035415
v -0.011054 0.010381 -0.035644
v -0.030767 0.030055 -0.010897
v -0.032565 0.030074 -0.010451
v -0.029698 0.029644 -0.009157
v 0.036047 0.029291 -0.028964
v 0.035741 0.030496 -0.028131
v 0.036440 0.028760 -0.028130
v -0.009159 0.009497 -0.034429
v -0.011054 0.010381 -0.035644
v -0.011503 0.009823 -0.034957
v -0.032565 0.030074 -0.010451
v -0.034840 0.030308 -0.013244
v -0.034931 0.029834 -0.009919
v -0.034931 0.029834 -0.009919
v -0.033340 0.029605 -0.007512
v -0.032565 0.030074 -0.010451
v -0.008251 0.010462 -0.035830
v -0.007323 0.010039 -0.035485
v -0.007325 0.010362 -0.035790
v 0.036440 0.028760 -0.028130
v 0.036851 0.024534 -0.030338
v 0.036020 0.026335 -0.031423
v -0.009175 0.010048 -0.035415
v -0.008703 0.009651 -0.034783
v -0.008251 0.010462 -0.035830
v -0.034840 0.030308 -0.013244
v -0.036099 0.029744 -0.011321
v -0.034931 0.029834 -0.009919
v -0.008233 0.009321 -0.034080
v -0.007323 0.010039 -0.035485
v -0.008703 0.009651 -0.034783
v -0.037046 0.029162 -0.009541
v -0.035208 0.029397 -0.007229
v -0.034931 0.029834 -0.009919
v -0.006138 0.008683 -0.032042
v -0.004229 0.009044 -0.033557
v -0.005486 0.009394 -0.034387
v -0.030539 0.008644 0.016242
v -0.029754 0.008223 0.013551
v -0.029904 0.008338 0.013481
v -0.008233 0.009321 -0.034080
v -0.007644 0.008959 -0.033118
v -0.005486 0.009394 -0.034387
v -0.031266 0.009649 0.018747
v -0.030396 0.008443 0.016348
v -0.030539 0.008644 0.016242
v -0.035747 0.030065 -0.012975
v -0.034840 0.030308 -0.013244
v -0.036784 0.029770 -0.014173
v -0.007323 0.010039 -0.035485
v -0.008233 0.009321 -0.034080
v -0.005486 0.009394 -0.034387
v -0.030396 0.008443 0.016348
v -0.029754 0.008223 0.013551
v -0.030539 0.008644 0.016242
v -0.029074 0.029119 -0.007180
v -0.029051 0.029761 -0.011353
v -0.029698 0.029644 -0.009157
v -0.030396 0.008443 0.016348
v -0.031087 0.008940 0.019085
v -0.030102 0.008193 0.016496
v -0.001608 0.008674 -0.032199
v 0.000650 0.008403 -0.030065
v 0.001111 0.008861 -0.033010
v -0.002747 0.008786 -0.032729
v -0.004229 0.009044 -0.033557
v -0.003186 0.008580 -0.031526
v -0.001608 0.008674 -0.032199
v -0.002747 0.008786 -0.032729
v -0.003186 0.008580 -0.031526
v -0.028715 0.028154 -0.003934
v -0.028597 0.029446 -0.012515
v -0.029074 0.029119 -0.007180
v -0.004229 0.009044 -0.033557
v -0.006138 0.008683 -0.032042
v -0.003186 0.008580 -0.031526
v -0.005245 0.007169 -0.038689
v 0.005283 0.007169 -0.038689
v 0.005283 0.004434 -0.038689
v -0.005245 0.007169 -0.038689
v 0.005283 0.004434 -0.038689
v -0.005245 0.004434 -0.038689
v -0.028367 0.026546 -0.012802
v -0.028364 0.028440 -0.011627
v -0.028350 0.028140 -0.009529
v -0.031087 0.008940 0.019085
v -0.030994 0.008717 0.019192
v -0.030102 0.008193 0.016496
v -0.030102 0.008193 0.016496
v -0.030994 0.008717 0.019192
v -0.030911 0.008569 0.019264
v -0.007368 0.004434 -0.024614
v -0.007368 0.004434 -0.052419
v -0.005245 0.004434 -0.038689
v -0.007368 0.001230 -0.052547
v -0.007368 0.004434 -0.052419
v -0.007368 0.000000 -0.024778
v -0.007368 0.000000 -0.052612
v -0.007368 0.001230 -0.052547
v -0.007368 0.000000 -0.024778
v -0.030102 0.008193 0.016496
v -0.030803 0.008425 0.019338
v -0.029492 0.007922 0.016704
v 0.005283 0.007169 -0.038689
v 0.005283 0.007169 -0.052294
v 0.005283 0.004434 -0.038689
v 0.007368 0.004434 -0.052415
v 0.007368 0.004434 -0.024614
v 0.005283 0.004434 -0.038689
v 0.005283 0.004434 -0.052526
v 0.005335 0.004434 -0.052524
v 0.005283 0.004434 -0.038689
v -0.030102 0.008193 0.016496
v -0.029327 0.008014 0.013701
v -0.030396 0.008443 0.016348
v -0.029698 0.029644 -0.009157
v -0.032299 0.029479 -0.006698
v -0.029074 0.029119 -0.007180
v -0.029698 0.029644 -0.009157
v -0.032565 0.030074 -0.010451
v -0.033340 0.029605 -0.007512
v -0.029327 0.008014 0.013701
v -0.030102 0.008193 0.016496
v -0.029492 0.007922 0.016704
v -0.030259 0.008034 0.019585
v -0.029143 0.007836 0.016796
v -0.029492 0.007922 0.016704
v -0.032299 0.029479 -0.006698
v -0.029698 0.029644 -0.009157
v -0.033340 0.029605 -0.007512
v -0.033115 0.029148 -0.004623
v -0.032299 0.029479 -0.006698
v -0.033340 0.029605 -0.007512
v -0.033340 0.029605 -0.007512
v -0.035208 0.029397 -0.007229
v -0.033115 0.029148 -0.004623
v -0.034931 0.029834 -0.009919
v -0.035208 0.029397 -0.007229
v -0.033340 0.029605 -0.007512
v -0.035208 0.029397 -0.007229
v -0.037046 0.029162 -0.009541
v -0.037152 0.028920 -0.007874
v -0.034840 0.030308 -0.013244
v -0.035747 0.030065 -0.012975
v -0.036099 0.029744 -0.011321
v 0.038250 0.000000 0.045558
v 0.037820 0.002792 0.044786
v 0.035607 0.002905 0.046118
v -0.030102 0.008193 0.016496
v -0.030911 0.008569 0.019264
v -0.030803 0.008425 0.019338
v -0.030803 0.008425 0.019338
v -0.031395 0.008636 0.022262
v -0.030575 0.008221 0.019457
v 0.034883 0.002961 0.046494
v 0.034458 0.005081 0.045608
v 0.033931 0.004400 0.046352
v -0.007227 0.013999 -0.050546
v -0.007709 0.010042 -0.051715
v -0.010588 0.013339 -0.050570
v -0.013451 0.016554 -0.048799
v -0.012208 0.013160 -0.050479
v -0.014426 0.013922 -0.049946
v -0.010588 0.013339 -0.050570
v -0.011550 0.011151 -0.051172
v -0.012208 0.013160 -0.050479
v -0.031160 0.008324 0.022418
v -0.029979 0.007924 0.019679
v -0.030259 0.008034 0.019585
v 0.035114 0.000000 0.047487
v 0.035607 0.002905 0.046118
v 0.034883 0.002961 0.046494
v -0.029492 0.007922 0.016704
v -0.030803 0.008425 0.019338
v -0.030575 0.008221 0.019457
v -0.013468 0.011851 -0.050804
v -0.014426 0.013922 -0.049946
v -0.012208 0.013160 -0.050479
v -0.029492 0.007922 0.016704
v -0.030575 0.008221 0.019457
v -0.030259 0.008034 0.019585
v -0.029143 0.007836 0.016796
v -0.030259 0.008034 0.019585
v -0.029979 0.007924 0.019679
v 0.033628 0.005502 0.045527
v 0.033931 0.004400 0.046352
v 0.034458 0.005081 0.045608
v 0.038250 0.000000 0.045558
v 0.035607 0.002905 0.046118
v 0.035114 0.000000 0.047487
v -0.029143 0.007836 0.016796
v -0.029979 0.007924 0.019679
v -0.028091 0.007659 0.018581
v -0.028235 0.007634 0.020124
v -0.028091 0.007659 0.018581
v -0.029979 0.007924 0.019679
v -0.019220 0.009494 -0.050682
v -0.017661 0.012286 -0.050179
v -0.016350 0.009967 -0.050961
v 0.028954 0.006841 0.041833
v 0.028954 0.006909 0.041114
v 0.028942 0.007237 0.041874
v -0.017661 0.012286 -0.050179
v -0.016346 0.012266 -0.050360
v -0.016350 0.009967 -0.050961
v 0.028193 0.006831 0.041832
v 0.028954 0.006841 0.041833
v 0.028942 0.007237 0.041874
v -0.016011 0.014211 -0.049589
v -0.014426 0.013922 -0.049946
v -0.016346 0.012266 -0.050360
v -0.017661 0.012286 -0.050179
v -0.016011 0.014211 -0.049589
v -0.016346 0.012266 -0.050360
v 0.032908 0.006936 0.041441
v 0.033226 0.006285 0.044098
v 0.033913 0.006324 0.043878
v -0.016346 0.012266 -0.050360
v -0.013468 0.011851 -0.050804
v -0.016350 0.009967 -0.050961
v -0.044635 0.017227 0.007332
v -0.046045 0.014717 0.005185
v -0.045896 0.014832 0.007419
v -0.013468 0.011851 -0.050804
v -0.012631 0.009931 -0.051357
v -0.016350 0.009967 -0.050961
v -0.010588 0.013339 -0.050570
v -0.007709 0.010042 -0.051715
v -0.011550 0.011151 -0.051172
v 0.028942 0.007346 0.040743
v 0.028942 0.007237 0.041874
v 0.028954 0.006909 0.041114
v -0.013468 0.011851 -0.050804
v -0.012208 0.013160 -0.050479
v -0.011550 0.011151 -0.051172
v 0.028954 0.006909 0.041114
v 0.028954 0.006949 0.040702
v 0.028942 0.007346 0.040743
v -0.044635 0.017227 0.007332
v -0.045896 0.014832 0.007419
v -0.045382 0.015558 0.009617
v -0.014426 0.013922 -0.049946
v -0.013468 0.011851 -0.050804
v -0.016346 0.012266 -0.050360
v 0.029839 0.006995 0.040334
v 0.026277 0.007081 0.038970
v 0.028954 0.006949 0.040702
v 0.028954 0.006949 0.040702
v 0.028954 0.006909 0.041114
v 0.029839 0.006995 0.040334
v -0.007709 0.010042 -0.051715
v -0.011441 0.007459 -0.051888
v -0.012631 0.009931 -0.051357
v 0.028954 0.006909 0.041114
v 0.028954 0.006841 0.041833
v 0.029839 0.006995 0.040334
v -0.045382 0.015558 0.009617
v -0.045896 0.014832 0.007419
v -0.046258 0.014183 0.009543
v -0.007709 0.010042 -0.051715
v -0.012631 0.009931 -0.051357
v -0.011550 0.011151 -0.051172
v -0.012631 0.009931 -0.051357
v -0.013468 0.011851 -0.050804
v -0.011550 0.011151 -0.051172
v -0.019420 0.015896 -0.048125
v -0.016011 0.014211 -0.049589
v -0.019735 0.013557 -0.049325
v 0.034344 0.006749 0.042737
v 0.032908 0.006936 0.041441
v 0.033913 0.006324 0.043878
v 0.033988 0.007089 0.041401
v 0.032908 0.006936 0.041441
v 0.034344 0.006749 0.042737
v -0.046258 0.014183 0.009543
v -0.045896 0.014832 0.007419
v -0.047388 0.012834 0.007451
v -0.022028 0.011619 -0.049700
v -0.022017 0.013336 -0.049008
v -0.019735 0.013557 -0.049325
v 0.032714 0.007468 0.037197
v 0.032752 0.007197 0.039511
v 0.033358 0.007311 0.039498
v -0.045627 0.015397 0.002977
v -0.046045 0.014717 0.005185
v -0.044635 0.017227 0.007332
v -0.046980 0.013385 0.006316
v -0.047388 0.012834 0.007451
v -0.045896 0.014832 0.007419
v 0.030684 0.007213 0.037651
v 0.032752 0.007197 0.039511
v 0.032714 0.007468 0.037197
v 0.033301 0.007709 0.037233
v 0.032714 0.007468 0.037197
v 0.033358 0.007311 0.039498
v -0.045896 0.014832 0.007419
v -0.046045 0.014717 0.005185
v -0.046980 0.013385 0.006316
v -0.019220 0.009494 -0.050682
v -0.016350 0.009967 -0.050961
v -0.015900 0.006257 -0.051578
v 0.032752 0.007197 0.039511
v 0.030684 0.007213 0.037651
v 0.029839 0.006995 0.040334
v 0.036020 0.026335 -0.031423
v 0.036047 0.029291 -0.028964
v 0.036440 0.028760 -0.028130
v 0.036020 0.026335 -0.031423
v 0.035391 0.030211 -0.030071
v 0.036047 0.029291 -0.028964
v 0.032908 0.006936 0.041441
v 0.033358 0.007311 0.039498
v 0.032752 0.007197 0.039511
v 0.032908 0.006936 0.041441
v 0.033988 0.007089 0.041401
v 0.033923 0.007470 0.039719
v 0.032752 0.007197 0.039511
v 0.029839 0.006995 0.040334
v 0.032908 0.006936 0.041441
v 0.036020 0.026335 -0.031423
v 0.035167 0.029520 -0.031497
v 0.035391 0.030211 -0.030071
v 0.024260 0.006846 0.041834
v 0.026384 0.006831 0.041832
v 0.028942 0.007237 0.041874
v -0.022028 0.011619 -0.049700
v -0.021805 0.010164 -0.050139
v -0.024786 0.009812 -0.049609
v 0.034845 0.026796 -0.033892
v 0.035167 0.029520 -0.031497
v 0.036020 0.026335 -0.031423
v -0.024786 0.009812 -0.049609
v -0.025659 0.011395 -0.048944
v -0.023400 0.012488 -0.049082
v 0.034816 0.030989 -0.030711
v 0.035391 0.030211 -0.030071
v 0.035167 0.029520 -0.031497
v -0.024786 0.009812 -0.049609
v -0.023400 0.012488 -0.049082
v -0.022028 0.011619 -0.049700
v 0.030684 0.007213 0.037651
v 0.027136 0.007236 0.036035
v 0.026277 0.007081 0.038970
v 0.035167 0.029520 -0.031497
v 0.034737 0.030166 -0.032050
v 0.034816 0.030989 -0.030711
v -0.021805 0.010164 -0.050139
v -0.022975 0.008769 -0.050198
v -0.024786 0.009812 -0.049609
v -0.022017 0.013336 -0.049008
v -0.022028 0.011619 -0.049700
v -0.023400 0.012488 -0.049082
v 0.036047 0.029291 -0.028964
v 0.035391 0.030211 -0.030071
v 0.035280 0.030881 -0.029184
v 0.036047 0.029291 -0.028964
v 0.035280 0.030881 -0.029184
v 0.035741 0.030496 -0.028131
v 0.031911 0.025789 0.013557
v 0.031705 0.025198 0.016080
v 0.034135 0.025466 0.015184
v 0.034135 0.025466 0.015184
v 0.037271 0.025339 0.014024
v 0.035292 0.025934 0.012517
v 0.035292 0.025934 0.012517
v 0.034633 0.025942 0.012721
v 0.034135 0.025466 0.015184
v 0.036043 0.030271 -0.027218
v 0.036440 0.028760 -0.028130
v 0.035741 0.030496 -0.028131
v 0.037110 0.028573 -0.025418
v 0.036440 0.028760 -0.028130
v 0.036043 0.030271 -0.027218
v 0.027435 0.006930 0.040700
v 0.026342 0.006930 0.040700
v 0.028942 0.007346 0.040743
v 0.038230 0.027044 -0.022153
v 0.037110 0.028573 -0.025418
v 0.036941 0.029672 -0.023432
v 0.028193 0.006831 0.041832
v 0.028942 0.007237 0.041874
v 0.026384 0.006831 0.041832
v 0.036816 0.024962 0.016335
v 0.037947 0.024825 0.015823
v 0.037271 0.025339 0.014024
v 0.036941 0.029672 -0.023432
v 0.037110 0.028573 -0.025418
v 0.036330 0.030376 -0.024713
v 0.026277 0.007081 0.038970
v 0.029839 0.006995 0.040334
v 0.030684 0.007213 0.037651
v 0.027435 0.006930 0.040700
v 0.028942 0.007346 0.040743
v 0.028954 0.006949 0.040702
v 0.025058 0.006939 0.040701
v 0.028942 0.007346 0.040743
v 0.026342 0.006930 0.040700
v 0.037754 0.025668 0.011758
v 0.036962 0.026005 0.010923
v 0.035292 0.025934 0.012517
v 0.037754 0.025668 0.011758
v 0.035292 0.025934 0.012517
v 0.037271 0.025339 0.014024
v 0.027435 0.006930 0.040700
v 0.028954 0.006949 0.040702
v 0.026277 0.007081 0.038970
v 0.036349 0.030212 -0.025518
v 0.036330 0.030376 -0.024713
v 0.037110 0.028573 -0.025418
v 0.037271 0.025339 0.014024
v 0.038759 0.024830 0.014471
v 0.037754 0.025668 0.011758
v 0.026342 0.006930 0.040700
v 0.027435 0.006930 0.040700
v 0.026277 0.007081 0.038970
v 0.027548 0.019239 -0.043745
v 0.029826 0.020186 -0.042105
v 0.030136 0.017285 -0.043331
v 0.026443 0.006691 0.043433
v 0.028193 0.006831 0.041832
v 0.026384 0.006831 0.041832
v 0.027548 0.019239 -0.043745
v 0.030136 0.017285 -0.043331
v 0.028287 0.017223 -0.044398
v 0.025058 0.006939 0.040701
v 0.026342 0.006930 0.040700
v 0.026277 0.007081 0.038970
v 0.025963 0.022183 -0.043524
v 0.028710 0.020951 -0.042527
v 0.027548 0.019239 -0.043745
v 0.027548 0.019239 -0.043745
v 0.026141 0.019530 -0.044279
v 0.025963 0.022183 -0.043524
v 0.029095 0.033109 -0.032515
v 0.028139 0.032878 -0.031633
v 0.028913 0.032872 -0.031122
v 0.026141 0.019530 -0.044279
v 0.022746 0.024048 -0.044201
v 0.025963 0.022183 -0.043524
v 0.033226 0.006285 0.044098
v 0.032908 0.006936 0.041441
v 0.031263 0.006537 0.043544
v 0.029826 0.020186 -0.042105
v 0.027548 0.019239 -0.043745
v 0.028710 0.020951 -0.042527
v 0.039349 0.023703 0.018950
v 0.039408 0.024061 0.017089
v 0.037651 0.024444 0.018011
v 0.032305 0.028269 -0.037424
v 0.033342 0.028394 -0.035907
v 0.033337 0.025308 -0.037125
v 0.037651 0.024444 0.018011
v 0.039408 0.024061 0.017089
v 0.037947 0.024825 0.015823
v 0.003151 0.035268 -0.042406
v 0.004067 0.034604 -0.043094
v 0.002702 0.034727 -0.043022
v 0.039408 0.024061 0.017089
v 0.039930 0.024167 0.015043
v 0.037947 0.024825 0.015823
v 0.033337 0.025308 -0.037125
v 0.033342 0.028394 -0.035907
v 0.034845 0.026796 -0.033892
v 0.040677 0.023369 0.016648
v 0.039408 0.024061 0.017089
v 0.040938 0.022838 0.018301
v 0.034845 0.026796 -0.033892
v 0.034951 0.023732 -0.035259
v 0.033337 0.025308 -0.037125
v 0.039930 0.024167 0.015043
v 0.039408 0.024061 0.017089
v 0.040677 0.023369 0.016648
v 0.033337 0.025308 -0.037125
v 0.034951 0.023732 -0.035259
v 0.034612 0.022640 -0.036376
v 0.038162 0.023951 0.019708
v 0.039349 0.023703 0.018950
v 0.037651 0.024444 0.018011
v -0.000024 0.035083 -0.042681
v 0.000881 0.035623 -0.041779
v 0.000884 0.034739 -0.043029
v 0.033337 0.025308 -0.037125
v 0.034612 0.022640 -0.036376
v 0.033175 0.022713 -0.038293
v 0.034849 0.020785 -0.036986
v 0.033175 0.022713 -0.038293
v 0.034612 0.022640 -0.036376
v 0.034612 0.022640 -0.036376
v 0.034951 0.023732 -0.035259
v 0.035781 0.022484 -0.034417
v 0.040938 0.022838 0.018301
v 0.039408 0.024061 0.017089
v 0.039349 0.023703 0.018950
v 0.035577 0.025395 -0.033081
v 0.034845 0.026796 -0.033892
v 0.036020 0.026335 -0.031423
v 0.041676 0.022604 0.014884
v 0.039930 0.024167 0.015043
v 0.040677 0.023369 0.016648
v 0.040677 0.023369 0.016648
v 0.040938 0.022838 0.018301
v 0.041765 0.022106 0.017138
v 0.040938 0.022838 0.018301
v 0.039349 0.023703 0.018950
v 0.040483 0.022871 0.019981
v -0.000932 0.034739 -0.043029
v -0.000930 0.035623 -0.041779
v -0.000024 0.035083 -0.042681
v 0.033166 0.032334 -0.029538
v 0.032018 0.032638 -0.030475
v 0.030851 0.032703 -0.029915
v 0.032018 0.032638 -0.030475
v 0.031224 0.032756 -0.030629
v 0.030851 0.032703 -0.029915
v 0.002695 0.035543 -0.041958
v 0.001794 0.034524 -0.043196
v 0.000884 0.034739 -0.043029
v 0.040938 0.022838 0.018301
v 0.040483 0.022871 0.019981
v 0.041154 0.022338 0.019853
v 0.040483 0.022871 0.019981
v 0.040928 0.022392 0.020581
v 0.041154 0.022338 0.019853
v 0.002695 0.035543 -0.041958
v 0.003151 0.035268 -0.042406
v 0.002702 0.034727 -0.043022
v 0.033599 0.032173 -0.028761
v 0.033166 0.032334 -0.029538
v 0.030851 0.032703 -0.029915
v 0.042906 0.019792 0.019150
v 0.041961 0.021599 0.018521
v 0.041604 0.021807 0.019986
v 0.035781 0.022484 -0.034417
v 0.036215 0.023398 -0.032868
v 0.036879 0.021949 -0.032337
v 0.034951 0.023732 -0.035259
v 0.036215 0.023398 -0.032868
v 0.035781 0.022484 -0.034417
v 0.032018 0.032638 -0.030475
v 0.032341 0.032643 -0.032136
v 0.031224 0.032756 -0.030629
v 0.031224 0.032756 -0.030629
v 0.032341 0.032643 -0.032136
v 0.030356 0.032933 -0.031665
v 0.041154 0.022338 0.019853
v 0.041604 0.021807 0.019986
v 0.041961 0.021599 0.018521
v 0.041154 0.022338 0.019853
v 0.041961 0.021599 0.018521
v 0.040938 0.022838 0.018301
v 0.035577 0.025395 -0.033081
v 0.036215 0.023398 -0.032868
v 0.034951 0.023732 -0.035259
v 0.033101 0.032375 -0.031437
v 0.032341 0.032643 -0.032136
v 0.032018 0.032638 -0.030475
v 0.000881 0.035623 -0.041779
v -0.000024 0.035734 -0.041406
v 0.001110 0.035763 -0.040301
v -0.000024 0.035734 -0.041406
v -0.000024 0.035780 -0.040545
v 0.001110 0.035763 -0.040301
v 0.041765 0.022106 0.017138
v 0.040938 0.022838 0.018301
v 0.041961 0.021599 0.018521
v 0.030851 0.032703 -0.029915
v 0.033453 0.032132 -0.027758
v 0.033599 0.032173 -0.028761
v 0.041676 0.022604 0.014884
v 0.040677 0.023369 0.016648
v 0.041765 0.022106 0.017138
v 0.034330 0.025001 0.017410
v 0.034135 0.025466 0.015184
v 0.031705 0.025198 0.016080
v 0.031705 0.025198 0.016080
v 0.032706 0.024894 0.018088
v 0.034330 0.025001 0.017410
v 0.033578 0.018615 -0.039748
v 0.033475 0.020417 -0.038894
v 0.035026 0.018787 -0.037972
v -0.000024 0.035780 -0.040545
v -0.000024 0.035734 -0.041406
v -0.000930 0.035623 -0.041779
v 0.028913 0.032872 -0.031122
v 0.030356 0.032933 -0.031665
v 0.029095 0.033109 -0.032515
v 0.034135 0.025466 0.015184
v 0.034330 0.025001 0.017410
v 0.036816 0.024962 0.016335
v 0.002241 0.035706 -0.041497
v 0.000881 0.035623 -0.041779
v 0.001110 0.035763 -0.040301
v 0.033475 0.020417 -0.038894
v 0.033175 0.022713 -0.038293
v 0.034849 0.020785 -0.036986
v 0.034330 0.025001 0.017410
v 0.033109 0.024437 0.020268
v 0.035802 0.024065 0.021139
v 0.033475 0.020417 -0.038894
v 0.034849 0.020785 -0.036986
v 0.035026 0.018787 -0.037972
v 0.031224 0.032756 -0.030629
v 0.028913 0.032872 -0.031122
v 0.030851 0.032703 -0.029915
v 0.037651 0.024444 0.018011
v 0.036816 0.024962 0.016335
v 0.034330 0.025001 0.017410
v 0.034330 0.025001 0.017410
v 0.037084 0.024266 0.019328
v 0.037651 0.024444 0.018011
v 0.034330 0.025001 0.017410
v 0.035802 0.024065 0.021139
v 0.037084 0.024266 0.019328
v 0.028913 0.032872 -0.031122
v 0.030070 0.032647 -0.029360
v 0.030851 0.032703 -0.029915
v -0.036099 0.029744 -0.011321
v -0.035747 0.030065 -0.012975
v -0.037298 0.029254 -0.011840
v 0.034612 0.022640 -0.036376
v 0.036146 0.020230 -0.035285
v 0.034849 0.020785 -0.036986
v 0.030356 0.032933 -0.031665
v 0.028913 0.032872 -0.031122
v 0.031224 0.032756 -0.030629
v 0.034849 0.020785 -0.036986
v 0.036146 0.020230 -0.035285
v 0.035026 0.018787 -0.037972
v 0.033109 0.024437 0.020268
v 0.034330 0.025001 0.017410
v 0.032706 0.024894 0.018088
v 0.033578 0.018615 -0.039748
v 0.035026 0.018787 -0.037972
v 0.035826 0.016934 -0.038501
v 0.037271 0.025339 0.014024
v 0.034135 0.025466 0.015184
v 0.036816 0.024962 0.016335
v -0.035747 0.030065 -0.012975
v -0.036784 0.029770 -0.014173
v -0.037298 0.029254 -0.011840
v 0.036816 0.024962 0.016335
v 0.037651 0.024444 0.018011
v 0.037947 0.024825 0.015823
v 0.032018 0.032638 -0.030475
v 0.033166 0.032334 -0.029538
v 0.033101 0.032375 -0.031437
v -0.021805 0.010164 -0.050139
v -0.019220 0.009494 -0.050682
v -0.022975 0.008769 -0.050198
v 0.033166 0.032334 -0.029538
v 0.034104 0.031951 -0.029535
v 0.033101 0.032375 -0.031437
v -0.037285 0.029452 -0.014045
v -0.037298 0.029254 -0.011840
v -0.036784 0.029770 -0.014173
v -0.036784 0.029770 -0.014173
v -0.036950 0.029774 -0.015524
v -0.037285 0.029452 -0.014045
v 0.037084 0.024266 0.019328
v 0.038162 0.023951 0.019708
v 0.037651 0.024444 0.018011
v 0.036409 0.020805 -0.034346
v 0.036146 0.020230 -0.035285
v 0.034612 0.022640 -0.036376
v -0.037285 0.029452 -0.014045
v -0.037866 0.028913 -0.012496
v -0.037298 0.029254 -0.011840
v -0.036950 0.029774 -0.015524
v -0.037645 0.029236 -0.015333
v -0.037285 0.029452 -0.014045
v 0.036409 0.020805 -0.034346
v 0.034612 0.022640 -0.036376
v 0.035781 0.022484 -0.034417
v 0.030577 0.023869 0.014205
v 0.030629 0.024670 0.014083
v 0.030174 0.023301 0.011803
v -0.046045 0.014717 0.005185
v -0.048055 0.012184 0.004043
v -0.046980 0.013385 0.006316
v 0.035781 0.022484 -0.034417
v 0.036879 0.021949 -0.032337
v 0.036409 0.020805 -0.034346
v 0.036409 0.020805 -0.034346
v 0.036879 0.021949 -0.032337
v 0.037153 0.019200 -0.034202
v 0.030174 0.023301 0.011803
v 0.030029 0.025235 0.010427
v 0.029781 0.024545 0.009252
v 0.030442 0.025697 0.011543
v 0.030029 0.025235 0.010427
v 0.030174 0.023301 0.011803
v 0.038034 0.017486 -0.034364
v 0.037153 0.019200 -0.034202
v 0.038435 0.018447 -0.031772
v -0.038583 0.028106 -0.009389
v -0.037866 0.028913 -0.012496
v -0.038528 0.028252 -0.012426
v 0.030629 0.024670 0.014083
v 0.030442 0.025697 0.011543
v 0.030174 0.023301 0.011803
v -0.037645 0.029236 -0.015333
v -0.038064 0.028804 -0.015251
v -0.037285 0.029452 -0.014045
v 0.036409 0.020805 -0.034346
v 0.037153 0.019200 -0.034202
v 0.036146 0.020230 -0.035285
v 0.002695 0.035543 -0.041958
v 0.002241 0.035706 -0.041497
v 0.003602 0.035754 -0.041207
v -0.047566 0.012470 0.009731
v -0.048569 0.011342 0.007443
v -0.048951 0.010372 0.009732
v -0.000024 0.035083 -0.042681
v -0.000024 0.035734 -0.041406
v 0.000881 0.035623 -0.041779
v 0.000884 0.034739 -0.043029
v 0.000881 0.035623 -0.041779
v 0.002241 0.035706 -0.041497
v -0.000024 0.035083 -0.042681
v -0.000930 0.035623 -0.041779
v -0.000024 0.035734 -0.041406
v -0.047388 0.012834 0.007451
v -0.048370 0.011751 0.005165
v -0.048569 0.011342 0.007443
v 0.032908 0.006936 0.041441
v 0.029839 0.006995 0.040334
v 0.031263 0.006537 0.043544
v 0.031911 0.025789 0.013557
v 0.030442 0.025697 0.011543
v 0.031297 0.025633 0.013758
v 0.029839 0.006995 0.040334
v 0.028954 0.006841 0.041833
v 0.028805 0.006751 0.042746
v 0.030442 0.025697 0.011543
v 0.031911 0.025789 0.013557
v 0.031532 0.026225 0.011232
v -0.046045 0.014717 0.005185
v -0.045627 0.015397 0.002977
v -0.048055 0.012184 0.004043
v 0.028805 0.006751 0.042746
v 0.031263 0.006537 0.043544
v 0.029839 0.006995 0.040334
v 0.039143 0.017398 -0.031287
v 0.039728 0.016003 -0.032571
v 0.038034 0.017486 -0.034364
v -0.046258 0.014183 0.009543
v -0.047388 0.012834 0.007451
v -0.047566 0.012470 0.009731
v -0.047566 0.012470 0.009731
v -0.047388 0.012834 0.007451
v -0.048569 0.011342 0.007443
v 0.031332 0.022829 -0.040123
v 0.032293 0.024041 -0.038828
v 0.033175 0.022713 -0.038293
v 0.028193 0.006831 0.041832
v 0.028805 0.006751 0.042746
v 0.028954 0.006841 0.041833
v 0.032293 0.024041 -0.038828
v 0.033337 0.025308 -0.037125
v 0.033175 0.022713 -0.038293
v 0.030880 0.026688 -0.039461
v 0.032305 0.028269 -0.037424
v 0.033337 0.025308 -0.037125
v 0.033017 0.005277 0.046057
v 0.032450 0.004838 0.046749
v 0.033931 0.004400 0.046352
v -0.049031 0.010547 0.006288
v -0.048569 0.011342 0.007443
v -0.048370 0.011751 0.005165
v 0.032293 0.024041 -0.038828
v 0.030880 0.026688 -0.039461
v 0.033337 0.025308 -0.037125
v 0.033931 0.004400 0.046352
v 0.033628 0.005502 0.045527
v 0.033017 0.005277 0.046057
v 0.032293 0.024041 -0.038828
v 0.031332 0.022829 -0.040123
v 0.030880 0.026688 -0.039461
v 0.030577 0.023869 0.014205
v 0.031309 0.013015 0.018040
v 0.031006 0.023526 0.016657
v 0.030206 0.026758 -0.040016
v 0.031332 0.022829 -0.040123
v 0.029599 0.025467 -0.040791
v 0.030206 0.026758 -0.040016
v 0.030880 0.026688 -0.039461
v 0.031332 0.022829 -0.040123
v 0.031006 0.023526 0.016657
v 0.031055 0.024286 0.016487
v 0.030577 0.023869 0.014205
v -0.048055 0.012184 0.004043
v -0.045627 0.015397 0.002977
v -0.046712 0.013853 0.000750
v -0.047388 0.012834 0.007451
v -0.046980 0.013385 0.006316
v -0.048370 0.011751 0.005165
v -0.049189 0.010210 0.005134
v -0.048370 0.011751 0.005165
v -0.048055 0.012184 0.004043
v 0.031452 0.023180 0.019080
v 0.031494 0.023899 0.018852
v 0.031006 0.023526 0.016657
v -0.046980 0.013385 0.006316
v -0.048055 0.012184 0.004043
v -0.048370 0.011751 0.005165
v -0.049031 0.010547 0.006288
v -0.048370 0.011751 0.005165
v -0.049189 0.010210 0.005134
v -0.048055 0.012184 0.004043
v -0.048511 0.011632 0.002898
v -0.049189 0.010210 0.005134
v 0.031263 0.024873 0.016297
v 0.030629 0.024670 0.014083
v 0.030577 0.023869 0.014205
v 0.000884 0.034739 -0.043029
v 0.002241 0.035706 -0.041497
v 0.002695 0.035543 -0.041958
v 0.031263 0.024873 0.016297
v 0.030442 0.025697 0.011543
v 0.030629 0.024670 0.014083
v 0.002702 0.034727 -0.043022
v 0.001794 0.034524 -0.043196
v 0.002695 0.035543 -0.041958
v -0.049189 0.010210 0.005134
v -0.048511 0.011632 0.002898
v -0.049277 0.010007 0.002850
v 0.031055 0.024286 0.016487
v 0.031263 0.024873 0.016297
v 0.030577 0.023869 0.014205
v 0.003151 0.035268 -0.042406
v 0.002695 0.035543 -0.041958
v 0.003602 0.035754 -0.041207
v 0.031692 0.024451 0.018612
v 0.031055 0.024286 0.016487
v 0.031006 0.023526 0.016657
v -0.046712 0.013853 0.000750
v -0.048511 0.011632 0.002898
v -0.048055 0.012184 0.004043
v -0.048951 0.010372 0.009732
v -0.049384 0.008831 0.007417
v -0.049391 0.007703 0.009731
v -0.022028 0.011619 -0.049700
v -0.017661 0.012286 -0.050179
v -0.021805 0.010164 -0.050139
v 0.025827 0.024377 -0.033826
v 0.025523 0.024295 -0.033770
v 0.026016 0.024222 -0.033667
v 0.026027 0.024214 -0.033659
v 0.026016 0.024222 -0.033667
v 0.025523 0.024295 -0.033770
v -0.038528 0.028252 -0.012426
v -0.037866 0.028913 -0.012496
v -0.038965 0.027632 -0.013828
v 0.025827 0.024377 -0.033826
v 0.025536 0.024557 -0.034074
v 0.025523 0.024295 -0.033770
v -0.017661 0.012286 -0.050179
v -0.019735 0.013557 -0.049325
v -0.016011 0.014211 -0.049589
v -0.049384 0.008831 0.007417
v -0.048951 0.010372 0.009732
v -0.048569 0.011342 0.007443
v -0.038965 0.027632 -0.013828
v -0.037866 0.028913 -0.012496
v -0.037285 0.029452 -0.014045
v -0.017661 0.012286 -0.050179
v -0.022028 0.011619 -0.049700
v -0.019735 0.013557 -0.049325
v 0.025020 0.024697 -0.034523
v 0.024458 0.024516 -0.034182
v 0.025367 0.024602 -0.034221
v -0.017661 0.012286 -0.050179
v -0.019220 0.009494 -0.050682
v -0.021805 0.010164 -0.050139
v 0.025439 0.024586 -0.034158
v 0.025367 0.024602 -0.034221
v 0.025416 0.024549 -0.034080
v -0.049384 0.008831 0.007417
v -0.048569 0.011342 0.007443
v -0.049031 0.010547 0.006288
v -0.049031 0.010547 0.006288
v -0.049189 0.010210 0.005134
v -0.049384 0.008831 0.007417
v -0.015900 0.006257 -0.051578
v -0.016350 0.009967 -0.050961
v -0.014439 0.007990 -0.051532
v -0.016350 0.009967 -0.050961
v -0.012631 0.009931 -0.051357
v -0.014439 0.007990 -0.051532
v -0.042902 0.019921 0.019106
v -0.044847 0.015479 0.018268
v -0.044505 0.015784 0.020242
v -0.012631 0.009931 -0.051357
v -0.011441 0.007459 -0.051888
v -0.014439 0.007990 -0.051532
v -0.042902 0.019921 0.019106
v -0.044394 0.016927 0.015948
v -0.044847 0.015479 0.018268
v -0.044505 0.015784 0.020242
v -0.042888 0.019544 0.020974
v -0.042902 0.019921 0.019106
v -0.000930 0.035623 -0.041779
v -0.001387 0.035493 -0.039260
v -0.000024 0.035780 -0.040545
v -0.007368 0.001230 -0.052547
v -0.013104 0.000000 -0.052331
v -0.011181 0.003554 -0.052237
v -0.013104 0.000000 -0.052331
v -0.015900 0.006257 -0.051578
v -0.011181 0.003554 -0.052237
v 0.025416 0.024549 -0.034080
v 0.025523 0.024295 -0.033770
v 0.025536 0.024557 -0.034074
v 0.025439 0.024586 -0.034158
v 0.025416 0.024549 -0.034080
v 0.025536 0.024557 -0.034074
v -0.008684 0.006262 -0.052240
v -0.011181 0.003554 -0.052237
v -0.011441 0.007459 -0.051888
v -0.011181 0.003554 -0.052237
v -0.015900 0.006257 -0.051578
v -0.014439 0.007990 -0.051532
v -0.011181 0.003554 -0.052237
v -0.014439 0.007990 -0.051532
v -0.011441 0.007459 -0.051888
v -0.000930 0.035623 -0.041779
v -0.000932 0.034739 -0.043029
v -0.001839 0.035079 -0.042679
v -0.045289 0.014207 0.020539
v -0.044505 0.015784 0.020242
v -0.044847 0.015479 0.018268
v -0.027177 0.003003 -0.049927
v -0.024406 0.003705 -0.050530
v -0.023879 0.000000 -0.051040
v -0.027177 0.003003 -0.049927
v -0.026122 0.006732 -0.049759
v -0.024406 0.003705 -0.050530
v -0.044847 0.015479 0.018268
v -0.045818 0.013763 0.018521
v -0.045289 0.014207 0.020539
v 0.025020 0.024697 -0.034523
v 0.025367 0.024602 -0.034221
v 0.025001 0.025857 -0.034480
v 0.026016 0.024222 -0.033667
v 0.026348 0.024342 -0.033369
v 0.025827 0.024377 -0.033826
v 0.025439 0.024586 -0.034158
v 0.025536 0.024557 -0.034074
v 0.025001 0.025857 -0.034480
v -0.044847 0.015479 0.018268
v -0.044394 0.016927 0.015948
v -0.046124 0.013631 0.016392
v 0.025536 0.024557 -0.034074
v 0.025827 0.024377 -0.033826
v 0.025001 0.025857 -0.034480
v 0.025439 0.024586 -0.034158
v 0.025001 0.025857 -0.034480
v 0.025367 0.024602 -0.034221
v -0.045255 0.015370 0.014031
v -0.044394 0.016927 0.015948
v -0.043922 0.018354 0.014141
v -0.018701 0.004029 -0.051445
v -0.013104 0.000000 -0.052331
v -0.023879 0.000000 -0.051040
v 0.026027 0.024214 -0.033659
v 0.025523 0.024295 -0.033770
v 0.026361 0.023592 -0.033398
v 0.026370 0.023561 -0.033386
v 0.026361 0.023592 -0.033398
v 0.025523 0.024295 -0.033770
v -0.045255 0.015370 0.014031
v -0.046124 0.013631 0.016392
v -0.044394 0.016927 0.015948
v -0.024406 0.003705 -0.050530
v -0.021668 0.004178 -0.051003
v -0.023879 0.000000 -0.051040
v -0.001837 0.035449 -0.042143
v -0.002747 0.034966 -0.042759
v -0.002743 0.035612 -0.041774
v -0.001839 0.035079 -0.042679
v -0.002747 0.034966 -0.042759
v -0.001837 0.035449 -0.042143
v -0.021668 0.004178 -0.051003
v -0.018701 0.004029 -0.051445
v -0.023879 0.000000 -0.051040
v -0.027504 0.006318 -0.049416
v -0.026122 0.006732 -0.049759
v -0.027177 0.003003 -0.049927
v -0.003650 0.035532 -0.041952
v -0.004104 0.035630 -0.041671
v -0.003650 0.035754 -0.041207
v 0.028268 0.030878 -0.028257
v 0.028302 0.032036 -0.029367
v 0.028041 0.031087 -0.029453
v -0.021668 0.004178 -0.051003
v -0.024406 0.003705 -0.050530
v -0.022975 0.008769 -0.050198
v -0.022975 0.008769 -0.050198
v -0.026122 0.006732 -0.049759
v -0.024786 0.009812 -0.049609
v -0.019220 0.009494 -0.050682
v -0.021668 0.004178 -0.051003
v -0.022975 0.008769 -0.050198
v -0.002743 0.035612 -0.041774
v -0.003650 0.035532 -0.041952
v -0.003650 0.035754 -0.041207
v -0.024406 0.003705 -0.050530
v -0.026122 0.006732 -0.049759
v -0.022975 0.008769 -0.050198
v 0.028006 0.032378 -0.030664
v 0.028302 0.032036 -0.029367
v 0.028795 0.032637 -0.030109
v -0.018701 0.004029 -0.051445
v -0.021668 0.004178 -0.051003
v -0.019220 0.009494 -0.050682
v 0.027728 0.031364 -0.030568
v 0.028041 0.031087 -0.029453
v 0.028302 0.032036 -0.029367
v 0.028006 0.032378 -0.030664
v 0.027728 0.031364 -0.030568
v 0.028302 0.032036 -0.029367
v -0.019220 0.009494 -0.050682
v -0.015900 0.006257 -0.051578
v -0.018701 0.004029 -0.051445
v -0.015900 0.006257 -0.051578
v -0.013104 0.000000 -0.052331
v -0.018701 0.004029 -0.051445
v -0.027429 0.009529 -0.048947
v -0.024786 0.009812 -0.049609
v -0.026122 0.006732 -0.049759
v 0.027665 0.030018 -0.030599
v 0.028041 0.031087 -0.029453
v 0.027728 0.031364 -0.030568
v -0.015157 0.016407 -0.048634
v -0.014426 0.013922 -0.049946
v -0.016011 0.014211 -0.049589
v -0.013451 0.016554 -0.048799
v -0.013826 0.020885 -0.047009
v -0.012170 0.020576 -0.047351
v -0.015157 0.016407 -0.048634
v -0.013451 0.016554 -0.048799
v -0.014426 0.013922 -0.049946
v 0.028302 0.032036 -0.029367
v 0.029050 0.032218 -0.027720
v 0.028795 0.032637 -0.030109
v -0.015423 0.019288 -0.047300
v -0.013826 0.020885 -0.047009
v -0.013451 0.016554 -0.048799
v -0.016011 0.014211 -0.049589
v -0.019420 0.015896 -0.048125
v -0.015157 0.016407 -0.048634
v -0.004568 0.034701 -0.043005
v -0.004104 0.035630 -0.041671
v -0.003650 0.035532 -0.041952
v -0.015423 0.019288 -0.047300
v -0.013451 0.016554 -0.048799
v -0.015157 0.016407 -0.048634
v 0.027728 0.031364 -0.030568
v 0.028006 0.032378 -0.030664
v 0.027278 0.031432 -0.031549
v -0.001837 0.035449 -0.042143
v -0.002743 0.035612 -0.041774
v -0.001836 0.035730 -0.041404
v -0.018899 0.018075 -0.047123
v -0.016758 0.018434 -0.047408
v -0.019420 0.015896 -0.048125
v -0.002747 0.034966 -0.042759
v -0.003650 0.035532 -0.041952
v -0.002743 0.035612 -0.041774
v -0.016758 0.018434 -0.047408
v -0.015423 0.019288 -0.047300
v -0.015157 0.016407 -0.048634
v -0.002747 0.034966 -0.042759
v -0.004568 0.034701 -0.043005
v -0.003650 0.035532 -0.041952
v -0.016758 0.018434 -0.047408
v -0.015157 0.016407 -0.048634
v -0.019420 0.015896 -0.048125
v 0.030070 0.032647 -0.029360
v 0.028913 0.032872 -0.031122
v 0.028795 0.032637 -0.030109
v 0.030070 0.032647 -0.029360
v 0.028795 0.032637 -0.030109
v 0.029050 0.032218 -0.027720
v -0.000930 0.035623 -0.041779
v -0.001837 0.035449 -0.042143
v -0.001836 0.035730 -0.041404
v -0.000930 0.035623 -0.041779
v -0.001839 0.035079 -0.042679
v -0.001837 0.035449 -0.042143
v 0.028913 0.032872 -0.031122
v 0.028139 0.032878 -0.031633
v 0.028006 0.032378 -0.030664
v -0.003650 0.035754 -0.041207
v -0.002748 0.035669 -0.039851
v -0.002743 0.035612 -0.041774
v 0.028913 0.032872 -0.031122
v 0.028006 0.032378 -0.030664
v 0.028795 0.032637 -0.030109
v 0.030865 0.032292 -0.026637
v 0.030070 0.032647 -0.029360
v 0.029050 0.032218 -0.027720
v -0.024093 0.019240 -0.045195
v -0.023273 0.017914 -0.046052
v -0.024843 0.017197 -0.045894
v 0.031263 0.024873 0.016297
v 0.031055 0.024286 0.016487
v 0.031692 0.024451 0.018612
v 0.029149 0.032019 -0.026451
v 0.029213 0.031818 -0.025105
v 0.029811 0.032150 -0.026047
v 0.030525 0.032156 -0.025618
v 0.029811 0.032150 -0.026047
v 0.029213 0.031818 -0.025105
v 0.031297 0.025633 0.013758
v 0.030442 0.025697 0.011543
v 0.031263 0.024873 0.016297
v -0.039633 0.025642 -0.016642
v -0.039468 0.026731 -0.013868
v -0.038965 0.027632 -0.013828
v 0.031692 0.024451 0.018612
v 0.031006 0.023526 0.016657
v 0.031494 0.023899 0.018852
v 0.033017 0.005277 0.046057
v 0.033628 0.005502 0.045527
v 0.032179 0.005674 0.045813
v 0.027144 0.024500 -0.032231
v 0.026292 0.027014 -0.033247
v 0.026348 0.024342 -0.033369
v 0.027424 0.022841 -0.031901
v 0.027144 0.024500 -0.032231
v 0.026348 0.024342 -0.033369
v 0.031297 0.025633 0.013758
v 0.031705 0.025198 0.016080
v 0.031911 0.025789 0.013557
v 0.026016 0.024222 -0.033667
v 0.026027 0.024214 -0.033659
v 0.026348 0.024342 -0.033369
v 0.026348 0.024342 -0.033369
v 0.026027 0.024214 -0.033659
v 0.026361 0.023592 -0.033398
v 0.031876 0.006229 0.044599
v 0.032179 0.005674 0.045813
v 0.033628 0.005502 0.045527
v 0.026348 0.024342 -0.033369
v 0.026292 0.027014 -0.033247
v 0.025679 0.026437 -0.033909
v 0.025679 0.026437 -0.033909
v 0.025001 0.025857 -0.034480
v 0.026348 0.024342 -0.033369
v 0.031263 0.024873 0.016297
v 0.031692 0.024451 0.018612
v 0.032121 0.024758 0.018355
v 0.025001 0.025857 -0.034480
v 0.025827 0.024377 -0.033826
v 0.026348 0.024342 -0.033369
v 0.030865 0.032292 -0.026637
v 0.029050 0.032218 -0.027720
v 0.029149 0.032019 -0.026451
v 0.031297 0.025633 0.013758
v 0.031263 0.024873 0.016297
v 0.031705 0.025198 0.016080
v 0.032575 0.032204 -0.026667
v 0.030865 0.032292 -0.026637
v 0.030525 0.032156 -0.025618
v -0.038528 0.028252 -0.012426
v -0.038965 0.027632 -0.013828
v -0.039468 0.026731 -0.013868
v -0.039973 0.025946 -0.012510
v -0.038528 0.028252 -0.012426
v -0.039468 0.026731 -0.013868
v 0.030525 0.032156 -0.025618
v 0.033205 0.031960 -0.025102
v 0.032575 0.032204 -0.026667
v 0.026635 0.021780 -0.033117
v 0.026605 0.022021 -0.033143
v 0.025652 0.022388 -0.033264
v 0.030851 0.032703 -0.029915
v 0.030070 0.032647 -0.029360
v 0.032575 0.032204 -0.026667
v 0.032575 0.032204 -0.026667
v 0.030070 0.032647 -0.029360
v 0.030865 0.032292 -0.026637
v 0.033453 0.032132 -0.027758
v 0.030851 0.032703 -0.029915
v 0.032575 0.032204 -0.026667
v 0.031692 0.024451 0.018612
v 0.032541 0.024312 0.020567
v 0.033109 0.024437 0.020268
v 0.025416 0.024549 -0.034080
v 0.024625 0.023674 -0.033607
v 0.025523 0.024295 -0.033770
v 0.025652 0.022388 -0.033264
v 0.025523 0.024295 -0.033770
v 0.024625 0.023674 -0.033607
v 0.031692 0.024451 0.018612
v 0.033109 0.024437 0.020268
v 0.032121 0.024758 0.018355
v 0.025652 0.022388 -0.033264
v 0.026466 0.023189 -0.033270
v 0.026370 0.023561 -0.033386
v 0.025523 0.024295 -0.033770
v 0.025652 0.022388 -0.033264
v 0.026370 0.023561 -0.033386
v 0.032706 0.024894 0.018088
v 0.032121 0.024758 0.018355
v 0.033109 0.024437 0.020268
v 0.029811 0.032150 -0.026047
v 0.030865 0.032292 -0.026637
v 0.029149 0.032019 -0.026451
v 0.029811 0.032150 -0.026047
v 0.030525 0.032156 -0.025618
v 0.030865 0.032292 -0.026637
v 0.032706 0.024894 0.018088
v 0.031263 0.024873 0.016297
v 0.032121 0.024758 0.018355
v 0.031705 0.025198 0.016080
v 0.031263 0.024873 0.016297
v 0.032706 0.024894 0.018088
v -0.037046 0.029162 -0.009541
v -0.038583 0.028106 -0.009389
v -0.037152 0.028920 -0.007874
v 0.026466 0.023189 -0.033270
v 0.025652 0.022388 -0.033264
v 0.026605 0.022021 -0.033143
v 0.034546 0.031639 -0.025191
v 0.033453 0.032132 -0.027758
v 0.032575 0.032204 -0.026667
v -0.035208 0.029397 -0.007229
v -0.037152 0.028920 -0.007874
v -0.036061 0.029080 -0.006244
v 0.031309 0.013015 0.018040
v 0.030577 0.023869 0.014205
v 0.030174 0.023301 0.011803
v -0.037152 0.028920 -0.007874
v -0.036974 0.028771 -0.006167
v -0.036061 0.029080 -0.006244
v 0.032575 0.032204 -0.026667
v 0.033205 0.031960 -0.025102
v 0.034546 0.031639 -0.025191
v 0.032902 0.031887 -0.024118
v 0.033205 0.031960 -0.025102
v 0.030525 0.032156 -0.025618
v -0.036099 0.029744 -0.011321
v -0.037046 0.029162 -0.009541
v -0.034931 0.029834 -0.009919
v 0.039349 0.023703 0.018950
v 0.038162 0.023951 0.019708
v 0.039085 0.023377 0.020931
v -0.037298 0.029254 -0.011840
v -0.037046 0.029162 -0.009541
v -0.036099 0.029744 -0.011321
v 0.028665 0.031522 -0.026418
v 0.029213 0.031818 -0.025105
v 0.029149 0.032019 -0.026451
v 0.028665 0.031522 -0.026418
v 0.029149 0.032019 -0.026451
v 0.029050 0.032218 -0.027720
v 0.038842 0.022995 0.022932
v 0.040166 0.022340 0.023177
v 0.039673 0.022847 0.022147
v -0.037298 0.029254 -0.011840
v -0.037866 0.028913 -0.012496
v -0.038583 0.028106 -0.009389
v 0.030525 0.032156 -0.025618
v 0.029213 0.031818 -0.025105
v 0.029241 0.031605 -0.023671
v -0.037152 0.028920 -0.007874
v -0.038583 0.028106 -0.009389
v -0.038722 0.027883 -0.007770
v 0.030546 0.031781 -0.022897
v 0.030525 0.032156 -0.025618
v 0.029241 0.031605 -0.023671
v 0.038842 0.022995 0.022932
v 0.039143 0.022304 0.025183
v 0.040166 0.022340 0.023177
v -0.038722 0.027883 -0.007770
v -0.039101 0.027413 -0.006091
v -0.036974 0.028771 -0.006167
v 0.039085 0.023377 0.020931
v 0.038842 0.022995 0.022932
v 0.039673 0.022847 0.022147
v -0.038722 0.027883 -0.007770
v -0.036974 0.028771 -0.006167
v -0.037152 0.028920 -0.007874
v 0.040286 0.021951 0.024410
v 0.040166 0.022340 0.023177
v 0.039143 0.022304 0.025183
v 0.031929 0.031871 -0.023458
v 0.030525 0.032156 -0.025618
v 0.030546 0.031781 -0.022897
v 0.039085 0.023377 0.020931
v 0.039673 0.022847 0.022147
v 0.040394 0.022590 0.021534
v 0.032586 0.031792 -0.023051
v 0.032902 0.031887 -0.024118
v 0.031929 0.031871 -0.023458
v 0.030525 0.032156 -0.025618
v 0.031929 0.031871 -0.023458
v 0.032902 0.031887 -0.024118
v -0.039639 0.026833 -0.009405
v -0.038722 0.027883 -0.007770
v -0.038583 0.028106 -0.009389
v 0.033217 0.031691 -0.022658
v 0.032902 0.031887 -0.024118
v 0.032586 0.031792 -0.023051
v 0.034087 0.031617 -0.023323
v 0.033205 0.031960 -0.025102
v 0.032902 0.031887 -0.024118
v -0.037046 0.029162 -0.009541
v -0.037298 0.029254 -0.011840
v -0.038583 0.028106 -0.009389
v 0.033217 0.031691 -0.022658
v 0.034087 0.031617 -0.023323
v 0.032902 0.031887 -0.024118
v 0.039085 0.023377 0.020931
v 0.040483 0.022871 0.019981
v 0.039349 0.023703 0.018950
v 0.026605 0.022021 -0.033143
v 0.027424 0.022841 -0.031901
v 0.026466 0.023189 -0.033270
v 0.026348 0.024342 -0.033369
v 0.026361 0.023592 -0.033398
v 0.027424 0.022841 -0.031901
v 0.028963 0.006037 0.046006
v 0.028962 0.006114 0.045818
v 0.028953 0.006753 0.045483
v 0.026466 0.023189 -0.033270
v 0.027424 0.022841 -0.031901
v 0.026370 0.023561 -0.033386
v 0.026370 0.023561 -0.033386
v 0.027424 0.022841 -0.031901
v 0.026361 0.023592 -0.033398
v 0.028953 0.006753 0.045483
v 0.028953 0.006564 0.046605
v 0.028963 0.006037 0.046006
v 0.040166 0.022340 0.023177
v 0.040916 0.021511 0.024333
v 0.040905 0.021975 0.022554
v 0.028665 0.031522 -0.026418
v 0.029241 0.031605 -0.023671
v 0.029213 0.031818 -0.025105
v 0.029411 0.006178 0.045528
v 0.032179 0.005674 0.045813
v 0.031876 0.006229 0.044599
v 0.040916 0.021511 0.024333
v 0.040166 0.022340 0.023177
v 0.040286 0.021951 0.024410
v 0.029876 0.005636 0.046715
v 0.029411 0.006178 0.045528
v 0.028963 0.006037 0.046006
v 0.029050 0.032218 -0.027720
v 0.028302 0.032036 -0.029367
v 0.028665 0.031522 -0.026418
v 0.040928 0.022392 0.020581
v 0.040483 0.022871 0.019981
v 0.039085 0.023377 0.020931
v 0.040928 0.022392 0.020581
v 0.039085 0.023377 0.020931
v 0.040394 0.022590 0.021534
v 0.040905 0.021975 0.022554
v 0.040394 0.022590 0.021534
v 0.039673 0.022847 0.022147
v 0.028665 0.031522 -0.026418
v 0.028302 0.032036 -0.029367
v 0.028268 0.030878 -0.028257
v 0.028665 0.031522 -0.026418
v 0.028268 0.030878 -0.028257
v 0.028426 0.030674 -0.026988
v 0.040928 0.022392 0.020581
v 0.040394 0.022590 0.021534
v 0.041584 0.021507 0.021495
v 0.028665 0.031522 -0.026418
v 0.028426 0.030674 -0.026988
v 0.028576 0.030140 -0.023413
v 0.041584 0.021507 0.021495
v 0.041604 0.021807 0.019986
v 0.040928 0.022392 0.020581
v 0.040928 0.022392 0.020581
v 0.041604 0.021807 0.019986
v 0.041154 0.022338 0.019853
v 0.028516 0.027296 -0.025917
v 0.028224 0.028339 -0.028476
v 0.028452 0.026148 -0.027355
v 0.040905 0.021975 0.022554
v 0.039673 0.022847 0.022147
v 0.040166 0.022340 0.023177
v 0.033226 0.006285 0.044098
v 0.031876 0.006229 0.044599
v 0.033628 0.005502 0.045527
v 0.028576 0.030140 -0.023413
v 0.028426 0.030674 -0.026988
v 0.028516 0.027296 -0.025917
v 0.033017 0.005277 0.046057
v 0.032179 0.005674 0.045813
v 0.032450 0.004838 0.046749
v 0.029411 0.006178 0.045528
v 0.031876 0.006229 0.044599
v 0.031263 0.006537 0.043544
v 0.027731 0.026631 -0.030781
v 0.028452 0.026148 -0.027355
v 0.028224 0.028339 -0.028476
v 0.028953 0.006753 0.045483
v 0.028962 0.006114 0.045818
v 0.028961 0.006234 0.045390
v -0.027995 0.016559 -0.044982
v -0.024843 0.017197 -0.045894
v -0.026639 0.015145 -0.046526
v 0.029411 0.006178 0.045528
v 0.027597 0.006453 0.044790
v 0.028961 0.006234 0.045390
v 0.028961 0.006234 0.045390
v 0.028962 0.006114 0.045818
v 0.029411 0.006178 0.045528
v -0.023273 0.017914 -0.046052
v -0.023819 0.014860 -0.047657
v -0.024843 0.017197 -0.045894
v -0.023819 0.014860 -0.047657
v -0.023273 0.017914 -0.046052
v -0.021066 0.015429 -0.048024
v 0.028224 0.028339 -0.028476
v 0.028426 0.030674 -0.026988
v 0.028268 0.030878 -0.028257
v -0.024511 0.013732 -0.048164
v -0.026497 0.013185 -0.047898
v -0.026639 0.015145 -0.046526
v 0.028224 0.028339 -0.028476
v 0.028268 0.030878 -0.028257
v 0.028041 0.031087 -0.029453
v 0.028426 0.030674 -0.026988
v 0.028224 0.028339 -0.028476
v 0.028516 0.027296 -0.025917
v -0.004104 0.035630 -0.041671
v -0.005929 0.035735 -0.040892
v -0.004569 0.035650 -0.039834
v -0.023819 0.014860 -0.047657
v -0.024511 0.013732 -0.048164
v -0.026639 0.015145 -0.046526
v 0.027144 0.024500 -0.032231
v 0.027731 0.026631 -0.030781
v 0.026292 0.027014 -0.033247
v 0.028224 0.028339 -0.028476
v 0.027280 0.028817 -0.031597
v 0.027731 0.026631 -0.030781
v -0.004569 0.035650 -0.039834
v -0.003650 0.035754 -0.041207
v -0.004104 0.035630 -0.041671
v 0.028224 0.028339 -0.028476
v 0.027665 0.030018 -0.030599
v 0.027280 0.028817 -0.031597
v -0.024843 0.017197 -0.045894
v -0.023819 0.014860 -0.047657
v -0.026639 0.015145 -0.046526
v 0.028041 0.031087 -0.029453
v 0.027665 0.030018 -0.030599
v 0.028224 0.028339 -0.028476
v 0.027280 0.028817 -0.031597
v 0.027665 0.030018 -0.030599
v 0.027278 0.031432 -0.031549
v -0.002748 0.035669 -0.039851
v -0.001836 0.035730 -0.041404
v -0.002743 0.035612 -0.041774
v -0.023819 0.014860 -0.047657
v -0.022017 0.013336 -0.049008
v -0.024511 0.013732 -0.048164
v 0.027665 0.030018 -0.030599
v 0.027728 0.031364 -0.030568
v 0.027278 0.031432 -0.031549
v 0.027731 0.026631 -0.030781
v 0.027280 0.028817 -0.031597
v 0.026292 0.027014 -0.033247
v 0.035387 0.031112 -0.022444
v 0.034087 0.031617 -0.023323
v 0.034390 0.031413 -0.021918
v -0.021066 0.015429 -0.048024
v -0.022017 0.013336 -0.049008
v -0.023819 0.014860 -0.047657
v -0.018899 0.018075 -0.047123
v -0.019420 0.015896 -0.048125
v -0.021872 0.019217 -0.045887
v 0.029411 0.006178 0.045528
v 0.031263 0.006537 0.043544
v 0.028805 0.006751 0.042746
v -0.021872 0.019217 -0.045887
v -0.019420 0.015896 -0.048125
v -0.021066 0.015429 -0.048024
v 0.033226 0.006285 0.044098
v 0.031263 0.006537 0.043544
v 0.031876 0.006229 0.044599
v -0.019735 0.013557 -0.049325
v -0.022017 0.013336 -0.049008
v -0.021066 0.015429 -0.048024
v -0.019420 0.015896 -0.048125
v -0.019735 0.013557 -0.049325
v -0.021066 0.015429 -0.048024
v 0.033217 0.031691 -0.022658
v 0.032896 0.031584 -0.021525
v 0.034390 0.031413 -0.021918
v 0.034087 0.031617 -0.023323
v 0.033217 0.031691 -0.022658
v 0.034390 0.031413 -0.021918
v 0.034390 0.031413 -0.021918
v 0.032896 0.031584 -0.021525
v 0.034115 0.031349 -0.020811
v -0.024511 0.013732 -0.048164
v -0.022017 0.013336 -0.049008
v -0.023400 0.012488 -0.049082
v 0.034115 0.031349 -0.020811
v 0.034960 0.031100 -0.020322
v 0.035184 0.031116 -0.021422
v 0.028961 0.006234 0.045390
v 0.027723 0.006278 0.045398
v 0.028953 0.006753 0.045483
v 0.027723 0.006278 0.045398
v 0.027198 0.006319 0.045405
v 0.028953 0.006753 0.045483
v 0.027198 0.006319 0.045405
v 0.026538 0.006300 0.045402
v 0.028953 0.006753 0.045483
v 0.035184 0.031116 -0.021422
v 0.034390 0.031413 -0.021918
v 0.034115 0.031349 -0.020811
v 0.027597 0.006453 0.044790
v 0.027198 0.006319 0.045405
v 0.027723 0.006278 0.045398
v -0.025659 0.011395 -0.048944
v -0.026497 0.013185 -0.047898
v -0.024511 0.013732 -0.048164
v 0.026635 0.021780 -0.033117
v 0.027424 0.022841 -0.031901
v 0.026605 0.022021 -0.033143
v 0.035184 0.031116 -0.021422
v 0.035387 0.031112 -0.022444
v 0.034390 0.031413 -0.021918
v 0.027597 0.006453 0.044790
v 0.026443 0.006691 0.043433
v 0.027198 0.006319 0.045405
v 0.032061 0.020560 -0.040257
v 0.031332 0.022829 -0.040123
v 0.033175 0.022713 -0.038293
v 0.040905 0.021975 0.022554
v 0.042084 0.020700 0.021945
v 0.041584 0.021507 0.021495
v 0.027597 0.006453 0.044790
v 0.027723 0.006278 0.045398
v 0.028961 0.006234 0.045390
v 0.032061 0.020560 -0.040257
v 0.033175 0.022713 -0.038293
v 0.033475 0.020417 -0.038894
v 0.041557 0.020826 0.024322
v 0.042084 0.020700 0.021945
v 0.040905 0.021975 0.022554
v 0.033475 0.020417 -0.038894
v 0.033578 0.018615 -0.039748
v 0.032061 0.020560 -0.040257
v 0.028805 0.006751 0.042746
v 0.027597 0.006453 0.044790
v 0.029411 0.006178 0.045528
v 0.032061 0.020560 -0.040257
v 0.033578 0.018615 -0.039748
v 0.032220 0.018563 -0.041036
v -0.023400 0.012488 -0.049082
v -0.025659 0.011395 -0.048944
v -0.024511 0.013732 -0.048164
v -0.010513 0.017355 -0.036933
v -0.010827 0.013891 -0.036665
v -0.008500 0.013434 -0.036708
v 0.024645 0.018566 -0.032913
v 0.026941 0.019889 -0.032879
v 0.026922 0.019970 -0.032890
v 0.026922 0.019970 -0.032890
v 0.026895 0.020221 -0.032920
v 0.024645 0.018566 -0.032913
v 0.035184 0.031116 -0.021422
v 0.035916 0.030746 -0.020979
v 0.036279 0.030535 -0.021870
v 0.026680 0.021435 -0.033074
v 0.026895 0.020221 -0.032920
v 0.027471 0.020412 -0.031999
v 0.035184 0.031116 -0.021422
v 0.036279 0.030535 -0.021870
v 0.035387 0.031112 -0.022444
v 0.026635 0.021780 -0.033117
v 0.026680 0.021435 -0.033074
v 0.027424 0.022841 -0.031901
v 0.027471 0.020412 -0.031999
v 0.027424 0.022841 -0.031901
v 0.026680 0.021435 -0.033074
v -0.010827 0.013891 -0.036665
v -0.014353 0.013569 -0.036487
v -0.012634 0.012162 -0.036288
v 0.036279 0.030535 -0.021870
v 0.035553 0.031070 -0.023407
v 0.035387 0.031112 -0.022444
v 0.026922 0.019970 -0.032890
v 0.026941 0.019889 -0.032879
v 0.026987 0.019928 -0.032819
v 0.026895 0.020221 -0.032920
v 0.026680 0.021435 -0.033074
v 0.024645 0.018566 -0.032913
v 0.024645 0.018566 -0.032913
v 0.026680 0.021435 -0.033074
v 0.025652 0.022388 -0.033264
v -0.006390 0.034896 -0.042714
v -0.008226 0.034588 -0.042925
v -0.007299 0.035242 -0.042259
v 0.026987 0.019928 -0.032819
v 0.027471 0.020412 -0.031999
v 0.026895 0.020221 -0.032920
v 0.026635 0.021780 -0.033117
v 0.025652 0.022388 -0.033264
v 0.026680 0.021435 -0.033074
v 0.026922 0.019970 -0.032890
v 0.026987 0.019928 -0.032819
v 0.026895 0.020221 -0.032920
v -0.010827 0.013891 -0.036665
v -0.010513 0.017355 -0.036933
v -0.014247 0.016079 -0.036710
v 0.026941 0.019889 -0.032879
v 0.026952 0.019793 -0.032867
v 0.026987 0.019928 -0.032819
v 0.026952 0.019793 -0.032867
v 0.026941 0.019889 -0.032879
v 0.024645 0.018566 -0.032913
v 0.026958 0.019199 -0.032800
v 0.026952 0.019793 -0.032867
v 0.024645 0.018566 -0.032913
v 0.034115 0.031349 -0.020811
v 0.033198 0.031190 -0.018505
v 0.034702 0.031043 -0.019157
v -0.007298 0.035674 -0.041153
v -0.005929 0.035735 -0.040892
v -0.006382 0.035546 -0.041733
v -0.015673 0.016830 -0.036671
v -0.015670 0.018088 -0.036706
v -0.015661 0.017661 -0.033449
v -0.044847 0.015479 0.018268
v -0.046124 0.013631 0.016392
v -0.045818 0.013763 0.018521
v -0.004104 0.035630 -0.041671
v -0.006382 0.035546 -0.041733
v -0.005929 0.035735 -0.040892
v -0.043922 0.018354 0.014141
v -0.045347 0.015425 0.011837
v -0.045255 0.015370 0.014031
v -0.014353 0.013569 -0.036487
v -0.010827 0.013891 -0.036665
v -0.014247 0.016079 -0.036710
v 0.026958 0.019199 -0.032800
v 0.024645 0.018566 -0.032913
v 0.026993 0.018235 -0.032647
v 0.026993 0.018235 -0.032647
v 0.024645 0.018566 -0.032913
v 0.027127 0.017565 -0.032532
v -0.006382 0.035546 -0.041733
v -0.007299 0.035242 -0.042259
v -0.007296 0.035446 -0.041899
v -0.006390 0.034896 -0.042714
v -0.007299 0.035242 -0.042259
v -0.006382 0.035546 -0.041733
v -0.015627 0.015374 -0.036550
v -0.015611 0.013097 -0.036335
v -0.014353 0.013569 -0.036487
v -0.014353 0.013569 -0.036487
v -0.014247 0.016079 -0.036710
v -0.015627 0.015374 -0.036550
v -0.015673 0.016722 -0.036662
v -0.015630 0.015829 -0.036588
v -0.014247 0.016079 -0.036710
v -0.014247 0.016079 -0.036710
v -0.015673 0.016830 -0.036671
v -0.015673 0.016722 -0.036662
v -0.043922 0.018354 0.014141
v -0.042687 0.021472 0.011223
v -0.045347 0.015425 0.011837
v -0.015630 0.015829 -0.036588
v -0.015627 0.015374 -0.036550
v -0.014247 0.016079 -0.036710
v -0.006390 0.034896 -0.042714
v -0.006382 0.035546 -0.041733
v -0.004104 0.035630 -0.041671
v -0.015739 0.019680 -0.036746
v -0.015670 0.018088 -0.036706
v -0.014247 0.016079 -0.036710
v -0.015670 0.018088 -0.036706
v -0.015673 0.016830 -0.036671
v -0.014247 0.016079 -0.036710
v 0.026993 0.018235 -0.032647
v 0.027127 0.017565 -0.032532
v 0.027906 0.018903 -0.031139
v 0.040905 0.021975 0.022554
v 0.041584 0.021507 0.021495
v 0.040394 0.022590 0.021534
v -0.045347 0.015425 0.011837
v -0.045382 0.015558 0.009617
v -0.046258 0.014183 0.009543
v -0.007296 0.035446 -0.041899
v -0.008213 0.035484 -0.041691
v -0.007298 0.035674 -0.041153
v -0.015742 0.019748 -0.036748
v -0.015739 0.019680 -0.036746
v -0.010513 0.017355 -0.036933
v -0.046508 0.013641 0.011957
v -0.045255 0.015370 0.014031
v -0.045347 0.015425 0.011837
v -0.046508 0.013641 0.011957
v -0.047566 0.012470 0.009731
v -0.048489 0.011020 0.012022
v -0.046508 0.013641 0.011957
v -0.045347 0.015425 0.011837
v -0.046258 0.014183 0.009543
v -0.015661 0.017661 -0.033449
v -0.017130 0.016818 -0.033118
v -0.016571 0.015697 -0.032789
v -0.046508 0.013641 0.011957
v -0.046258 0.014183 0.009543
v -0.047566 0.012470 0.009731
v -0.015542 0.015399 -0.032740
v -0.015661 0.017661 -0.033449
v -0.016571 0.015697 -0.032789
v -0.016571 0.015697 -0.032789
v -0.017130 0.016818 -0.033118
v -0.020096 0.015205 -0.032365
v -0.008213 0.035484 -0.041691
v -0.007296 0.035446 -0.041899
v -0.007299 0.035242 -0.042259
v -0.007296 0.035446 -0.041899
v -0.007298 0.035674 -0.041153
v -0.006382 0.035546 -0.041733
v -0.049391 0.007703 0.009731
v -0.049031 0.008810 0.014324
v -0.049046 0.009622 0.012030
v -0.008239 0.035567 -0.039757
v -0.007309 0.035667 -0.040181
v -0.008683 0.035651 -0.040683
v -0.007309 0.035667 -0.040181
v -0.007298 0.035674 -0.041153
v -0.008683 0.035651 -0.040683
v -0.048002 0.011165 0.016520
v -0.047697 0.011884 0.014277
v -0.049031 0.008810 0.014324
v -0.009137 0.035604 -0.041102
v -0.008683 0.035651 -0.040683
v -0.008213 0.035484 -0.041691
v -0.049031 0.008810 0.014324
v -0.048543 0.010055 0.016545
v -0.048002 0.011165 0.016520
v -0.015487 0.014528 -0.032325
v -0.015542 0.015399 -0.032740
v -0.016571 0.015697 -0.032789
v -0.048951 0.010372 0.009732
v -0.049391 0.007703 0.009731
v -0.049046 0.009622 0.012030
v -0.017483 0.013826 -0.031794
v -0.015487 0.014528 -0.032325
v -0.016571 0.015697 -0.032789
v -0.046124 0.013631 0.016392
v -0.045255 0.015370 0.014031
v -0.047697 0.011884 0.014277
v -0.015611 0.013097 -0.036335
v -0.015542 0.015399 -0.032740
v -0.015487 0.014528 -0.032325
v -0.007298 0.035674 -0.041153
v -0.008213 0.035484 -0.041691
v -0.008683 0.035651 -0.040683
v -0.047345 0.012045 0.016494
v -0.046124 0.013631 0.016392
v -0.047697 0.011884 0.014277
v -0.015630 0.015829 -0.036588
v -0.015542 0.015399 -0.032740
v -0.015627 0.015374 -0.036550
v -0.015611 0.013097 -0.036335
v -0.015627 0.015374 -0.036550
v -0.015542 0.015399 -0.032740
v -0.008213 0.035484 -0.041691
v -0.008226 0.034588 -0.042925
v -0.009133 0.035268 -0.042027
v -0.015673 0.016722 -0.036662
v -0.015673 0.016830 -0.036671
v -0.015661 0.017661 -0.033449
v -0.015661 0.017661 -0.033449
v -0.015542 0.015399 -0.032740
v -0.015673 0.016722 -0.036662
v -0.015630 0.015829 -0.036588
v -0.015673 0.016722 -0.036662
v -0.015542 0.015399 -0.032740
v -0.009133 0.035268 -0.042027
v -0.009137 0.035604 -0.041102
v -0.008213 0.035484 -0.041691
v -0.009151 0.034335 -0.043057
v -0.010063 0.034738 -0.042600
v -0.009133 0.035268 -0.042027
v -0.047345 0.012045 0.016494
v -0.045818 0.013763 0.018521
v -0.046124 0.013631 0.016392
v -0.008226 0.034588 -0.042925
v -0.009151 0.034335 -0.043057
v -0.009133 0.035268 -0.042027
v -0.047345 0.012045 0.016494
v -0.048064 0.010585 0.018722
v -0.045818 0.013763 0.018521
v -0.008226 0.034588 -0.042925
v -0.008213 0.035484 -0.041691
v -0.007299 0.035242 -0.042259
v -0.048064 0.010585 0.018722
v -0.047538 0.011049 0.020833
v -0.045818 0.013763 0.018521
v -0.011054 0.010381 -0.035644
v -0.010827 0.013891 -0.036665
v -0.012008 0.010598 -0.035751
v -0.047345 0.012045 0.016494
v -0.048002 0.011165 0.016520
v -0.048064 0.010585 0.018722
v -0.048064 0.010585 0.018722
v -0.048543 0.010055 0.016545
v -0.048569 0.009025 0.018776
v -0.009190 0.011483 -0.036266
v -0.010827 0.013891 -0.036665
v -0.011054 0.010381 -0.035644
v 0.007295 0.035191 -0.038564
v 0.006386 0.034886 -0.037989
v 0.007319 0.034519 -0.037600
v -0.010827 0.013891 -0.036665
v -0.009190 0.011483 -0.036266
v -0.008500 0.013434 -0.036708
v -0.048064 0.010585 0.018722
v -0.048002 0.011165 0.016520
v -0.048543 0.010055 0.016545
v -0.012634 0.012162 -0.036288
v -0.014353 0.013569 -0.036487
v -0.013965 0.012122 -0.036252
v -0.049046 0.009622 0.012030
v -0.049031 0.008810 0.014324
v -0.047697 0.011884 0.014277
v -0.047345 0.012045 0.016494
v -0.047697 0.011884 0.014277
v -0.048002 0.011165 0.016520
v -0.048489 0.011020 0.012022
v -0.049046 0.009622 0.012030
v -0.047697 0.011884 0.014277
v -0.010827 0.013891 -0.036665
v -0.012634 0.012162 -0.036288
v -0.012008 0.010598 -0.035751
v -0.015592 0.012683 -0.036293
v -0.015595 0.012746 -0.036303
v -0.015487 0.014528 -0.032325
v -0.047697 0.011884 0.014277
v -0.045255 0.015370 0.014031
v -0.046508 0.013641 0.011957
v -0.047697 0.011884 0.014277
v -0.046508 0.013641 0.011957
v -0.048489 0.011020 0.012022
v -0.015543 0.011866 -0.036057
v -0.015324 0.012534 -0.030853
v -0.015482 0.011057 -0.035785
v -0.048951 0.010372 0.009732
v -0.049046 0.009622 0.012030
v -0.048489 0.011020 0.012022
v -0.047566 0.012470 0.009731
v -0.048951 0.010372 0.009732
v -0.048489 0.011020 0.012022
v 0.003621 0.035244 -0.038638
v 0.003632 0.034560 -0.037686
v 0.004544 0.034908 -0.038029
v -0.049602 0.005826 0.005085
v -0.049277 0.010007 0.002850
v -0.049616 0.005311 0.002778
v 0.006360 0.035447 -0.039200
v 0.005453 0.035224 -0.038608
v 0.006386 0.034886 -0.037989
v -0.050000 0.000000 0.002218
v -0.049602 0.005826 0.005085
v -0.049616 0.005311 0.002778
v 0.007295 0.035191 -0.038564
v 0.006360 0.035447 -0.039200
v 0.006386 0.034886 -0.037989
v -0.015579 0.012446 -0.036252
v -0.015543 0.011866 -0.036057
v -0.013965 0.012122 -0.036252
v -0.015543 0.011866 -0.036057
v -0.015482 0.011057 -0.035785
v -0.013965 0.012122 -0.036252
v -0.015386 0.010752 -0.035688
v -0.013965 0.012122 -0.036252
v -0.015482 0.011057 -0.035785
v -0.049602 0.005826 0.005085
v -0.049391 0.007703 0.009731
v -0.049384 0.008831 0.007417
v 0.005453 0.035224 -0.038608
v 0.005469 0.034544 -0.037651
v 0.006386 0.034886 -0.037989
v -0.015595 0.012746 -0.036303
v -0.015611 0.013097 -0.036335
v -0.015487 0.014528 -0.032325
v -0.015487 0.014528 -0.032325
v -0.015324 0.012534 -0.030853
v -0.015592 0.012683 -0.036293
v -0.049602 0.005826 0.005085
v -0.049964 0.000000 0.010920
v -0.049391 0.007703 0.009731
v 0.005469 0.034544 -0.037651
v 0.005453 0.035224 -0.038608
v 0.004544 0.034908 -0.038029
v -0.014353 0.013569 -0.036487
v -0.015595 0.012746 -0.036303
v -0.013965 0.012122 -0.036252
v -0.015579 0.012446 -0.036252
v -0.013965 0.012122 -0.036252
v -0.015592 0.012683 -0.036293
v -0.015592 0.012683 -0.036293
v -0.013965 0.012122 -0.036252
v -0.015595 0.012746 -0.036303
v -0.049602 0.005826 0.005085
v -0.050000 0.000000 0.002218
v -0.049964 0.000000 0.010920
v -0.015611 0.013097 -0.036335
v -0.015595 0.012746 -0.036303
v -0.014353 0.013569 -0.036487
v 0.005429 0.035710 -0.040217
v 0.005453 0.035224 -0.038608
v 0.006360 0.035447 -0.039200
v -0.048569 0.009025 0.018776
v -0.049484 0.000000 0.018954
v -0.049131 0.000000 0.022227
v -0.049484 0.000000 0.018954
v -0.049031 0.008810 0.014324
v -0.049964 0.000000 0.010920
v -0.011503 0.009823 -0.034957
v -0.011711 0.008785 -0.031958
v -0.009121 0.008906 -0.032832
v -0.049391 0.007703 0.009731
v -0.049964 0.000000 0.010920
v -0.049031 0.008810 0.014324
v -0.048543 0.010055 0.016545
v -0.049031 0.008810 0.014324
v -0.049484 0.000000 0.018954
v -0.009121 0.008906 -0.032832
v -0.009159 0.009497 -0.034429
v -0.011503 0.009823 -0.034957
v -0.049277 0.010007 0.002850
v -0.049602 0.005826 0.005085
v -0.049189 0.010210 0.005134
v -0.049189 0.010210 0.005134
v -0.049602 0.005826 0.005085
v -0.049384 0.008831 0.007417
v 0.003621 0.035244 -0.038638
v 0.004544 0.034908 -0.038029
v 0.004521 0.035650 -0.039834
v -0.048569 0.009025 0.018776
v -0.048543 0.010055 0.016545
v -0.049484 0.000000 0.018954
v -0.012008 0.010598 -0.035751
v -0.012634 0.012162 -0.036288
v -0.012953 0.010397 -0.035565
v 0.005453 0.035224 -0.038608
v 0.004521 0.035650 -0.039834
v 0.004544 0.034908 -0.038029
v -0.013923 0.010614 -0.035674
v -0.012953 0.010397 -0.035565
v -0.012634 0.012162 -0.036288
v -0.031820 0.011406 0.021175
v -0.031369 0.011790 0.018163
v -0.032281 0.013779 0.023809
v -0.011054 0.010381 -0.035644
v -0.012008 0.010598 -0.035751
v -0.012228 0.010129 -0.035346
v 0.007262 0.035667 -0.040181
v 0.006341 0.035718 -0.040398
v 0.006360 0.035447 -0.039200
v -0.031369 0.011790 0.018163
v -0.032415 0.022479 0.023806
v -0.032596 0.020057 0.025030
v 0.006360 0.035447 -0.039200
v 0.006341 0.035718 -0.040398
v 0.005429 0.035710 -0.040217
v -0.032596 0.020057 0.025030
v -0.032281 0.013779 0.023809
v -0.031369 0.011790 0.018163
v 0.005453 0.035224 -0.038608
v 0.005429 0.035710 -0.040217
v 0.004521 0.035650 -0.039834
v 0.003602 0.035754 -0.041207
v 0.002704 0.035494 -0.039252
v 0.004521 0.035650 -0.039834
v -0.012953 0.010397 -0.035565
v -0.012228 0.010129 -0.035346
v -0.012008 0.010598 -0.035751
v -0.032781 0.012858 0.026953
v -0.032281 0.013779 0.023809
v -0.033259 0.017459 0.028832
v 0.032896 0.031584 -0.021525
v 0.033198 0.031190 -0.018505
v 0.034115 0.031349 -0.020811
v -0.011711 0.008785 -0.031958
v -0.011503 0.009823 -0.034957
v -0.012889 0.009623 -0.034436
v 0.002714 0.034922 -0.038055
v 0.003632 0.034560 -0.037686
v 0.003621 0.035244 -0.038638
v 0.034702 0.031043 -0.019157
v 0.034960 0.031100 -0.020322
v 0.034115 0.031349 -0.020811
v 0.035731 0.030760 -0.019897
v 0.034960 0.031100 -0.020322
v 0.034702 0.031043 -0.019157
v 0.035916 0.030746 -0.020979
v 0.035184 0.031116 -0.021422
v 0.034960 0.031100 -0.020322
v -0.032781 0.012858 0.026953
v -0.033259 0.017459 0.028832
v -0.033556 0.013008 0.031496
v -0.032596 0.020057 0.025030
v -0.033259 0.017459 0.028832
v -0.032281 0.013779 0.023809
v 0.001802 0.034568 -0.037707
v 0.002714 0.034922 -0.038055
v 0.001798 0.035254 -0.038655
v -0.031732 0.009815 0.021717
v -0.030803 0.008425 0.019338
v -0.030911 0.008569 0.019264
v 0.000657 0.035582 -0.039511
v -0.000024 0.035258 -0.038660
v 0.000888 0.034927 -0.038067
v -0.030994 0.008717 0.019192
v -0.031087 0.008940 0.019085
v -0.031732 0.009815 0.021717
v -0.030994 0.008717 0.019192
v -0.031732 0.009815 0.021717
v -0.030911 0.008569 0.019264
v 0.028805 0.006751 0.042746
v 0.026443 0.006691 0.043433
v 0.027597 0.006453 0.044790
v 0.026443 0.006691 0.043433
v 0.026538 0.006300 0.045402
v 0.027198 0.006319 0.045405
v 0.035802 0.024065 0.021139
v 0.033109 0.024437 0.020268
v 0.033510 0.023976 0.022374
v 0.028805 0.006751 0.042746
v 0.028193 0.006831 0.041832
v 0.026443 0.006691 0.043433
v -0.031732 0.009815 0.021717
v -0.031395 0.008636 0.022262
v -0.030803 0.008425 0.019338
v 0.026384 0.006831 0.041832
v 0.024260 0.006846 0.041834
v 0.026443 0.006691 0.043433
v 0.026993 0.018235 -0.032647
v 0.027906 0.018903 -0.031139
v 0.026958 0.019199 -0.032800
v 0.026958 0.019199 -0.032800
v 0.027906 0.018903 -0.031139
v 0.026952 0.019793 -0.032867
v 0.033510 0.023976 0.022374
v 0.033903 0.023510 0.024391
v 0.036559 0.023584 0.022781
v -0.031732 0.009815 0.021717
v -0.031087 0.008940 0.019085
v -0.031764 0.010096 0.021590
v 0.036559 0.023584 0.022781
v 0.035802 0.024065 0.021139
v 0.033510 0.023976 0.022374
v 0.029876 0.005636 0.046715
v 0.029385 0.005433 0.047242
v 0.030339 0.004594 0.047767
v 0.006330 0.017026 -0.049295
v 0.009202 0.017289 -0.048952
v 0.007900 0.014216 -0.050393
v 0.039085 0.023377 0.020931
v 0.038162 0.023951 0.019708
v 0.036559 0.023584 0.022781
v -0.031764 0.010096 0.021590
v -0.031954 0.009793 0.023274
v -0.031732 0.009815 0.021717
v 0.029534 0.004801 0.047867
v 0.029652 0.003905 0.048317
v 0.030339 0.004594 0.047767
v 0.036559 0.023584 0.022781
v 0.038842 0.022995 0.022932
v 0.039085 0.023377 0.020931
v 0.009202 0.017289 -0.048952
v 0.013416 0.015002 -0.049554
v 0.007900 0.014216 -0.050393
v 0.038162 0.023951 0.019708
v 0.037084 0.024266 0.019328
v 0.035802 0.024065 0.021139
v 0.036559 0.023584 0.022781
v 0.038162 0.023951 0.019708
v 0.035802 0.024065 0.021139
v 0.037700 0.022840 0.024835
v 0.038842 0.022995 0.022932
v 0.036559 0.023584 0.022781
v 0.019462 0.034758 -0.040159
v 0.021287 0.034408 -0.040252
v 0.020783 0.034111 -0.041042
v -0.031954 0.009793 0.023274
v -0.031395 0.008636 0.022262
v -0.031732 0.009815 0.021717
v 0.035732 0.023099 0.025357
v 0.038609 0.022107 0.026654
v 0.037700 0.022840 0.024835
v -0.038722 0.027883 -0.007770
v -0.039639 0.026833 -0.009405
v -0.040190 0.026044 -0.007841
v 0.037700 0.022840 0.024835
v 0.038609 0.022107 0.026654
v 0.039143 0.022304 0.025183
v 0.037700 0.022840 0.024835
v 0.039143 0.022304 0.025183
v 0.038842 0.022995 0.022932
v -0.038583 0.028106 -0.009389
v -0.038528 0.028252 -0.012426
v -0.039639 0.026833 -0.009405
v -0.032281 0.013779 0.023809
v -0.032141 0.009498 0.024955
v -0.031954 0.009793 0.023274
v -0.038722 0.027883 -0.007770
v -0.040190 0.026044 -0.007841
v -0.039101 0.027413 -0.006091
v -0.040360 0.025614 -0.009496
v -0.040190 0.026044 -0.007841
v -0.039639 0.026833 -0.009405
v 0.023981 0.034164 -0.039080
v 0.024727 0.033511 -0.040097
v 0.023882 0.033611 -0.040413
v 0.022547 0.033221 -0.041355
v 0.020783 0.034111 -0.041042
v 0.021287 0.034408 -0.040252
v 0.022547 0.033221 -0.041355
v 0.022190 0.034275 -0.040082
v 0.023060 0.034070 -0.040083
v 0.040875 0.021026 0.026060
v 0.040286 0.021951 0.024410
v 0.039143 0.022304 0.025183
v 0.023882 0.033611 -0.040413
v 0.022547 0.033221 -0.041355
v 0.023060 0.034070 -0.040083
v -0.031764 0.010096 0.021590
v -0.032281 0.013779 0.023809
v -0.031954 0.009793 0.023274
v 0.021287 0.034408 -0.040252
v 0.022190 0.034275 -0.040082
v 0.022547 0.033221 -0.041355
v 0.038609 0.022107 0.026654
v 0.040875 0.021026 0.026060
v 0.039143 0.022304 0.025183
v -0.032281 0.013779 0.023809
v -0.031764 0.010096 0.021590
v -0.031820 0.011406 0.021175
v 0.022104 0.032424 -0.042018
v 0.020783 0.034111 -0.041042
v 0.022547 0.033221 -0.041355
v -0.031266 0.009649 0.018747
v -0.031820 0.011406 0.021175
v -0.031764 0.010096 0.021590
v -0.031395 0.008636 0.022262
v -0.031954 0.009793 0.023274
v -0.032141 0.009498 0.024955
v -0.032141 0.009498 0.024955
v -0.031293 0.008477 0.022338
v -0.031395 0.008636 0.022262
v -0.032083 0.009239 0.025071
v -0.031293 0.008477 0.022338
v -0.032141 0.009498 0.024955
v 0.024243 0.032039 -0.041504
v 0.022547 0.033221 -0.041355
v 0.023882 0.033611 -0.040413
v 0.024243 0.032039 -0.041504
v 0.024727 0.033511 -0.040097
v 0.026277 0.032779 -0.040087
v 0.024727 0.033511 -0.040097
v 0.024243 0.032039 -0.041504
v 0.023882 0.033611 -0.040413
v 0.026277 0.032779 -0.040087
v 0.026233 0.031643 -0.040875
v 0.024243 0.032039 -0.041504
v 0.022104 0.032424 -0.042018
v 0.022547 0.033221 -0.041355
v 0.024243 0.032039 -0.041504
v 0.034279 0.023042 0.026307
v 0.033903 0.023510 0.024391
v 0.033367 0.023407 0.024760
v 0.030868 0.005457 0.046713
v 0.031033 0.004821 0.047337
v 0.031637 0.005258 0.046661
v 0.034279 0.023042 0.026307
v 0.035732 0.023099 0.025357
v 0.033903 0.023510 0.024391
v 0.035193 0.022603 0.027703
v 0.034279 0.023042 0.026307
v 0.033760 0.022952 0.026707
v 0.035780 0.030631 -0.018614
v 0.035731 0.030760 -0.019897
v 0.034702 0.031043 -0.019157
v 0.035732 0.023099 0.025357
v 0.036559 0.023584 0.022781
v 0.033903 0.023510 0.024391
v 0.037700 0.022840 0.024835
v 0.036559 0.023584 0.022781
v 0.035732 0.023099 0.025357
v 0.026233 0.031643 -0.040875
v 0.025501 0.029985 -0.041814
v 0.024243 0.032039 -0.041504
v 0.035732 0.023099 0.025357
v 0.034279 0.023042 0.026307
v 0.035193 0.022603 0.027703
v 0.023850 0.030974 -0.042100
v 0.024243 0.032039 -0.041504
v 0.025501 0.029985 -0.041814
v 0.035916 0.030746 -0.020979
v 0.035731 0.030760 -0.019897
v 0.036612 0.030217 -0.020022
v 0.029534 0.004801 0.047867
v 0.030339 0.004594 0.047767
v 0.029385 0.005433 0.047242
v 0.024243 0.032039 -0.041504
v 0.023850 0.030974 -0.042100
v 0.022104 0.032424 -0.042018
v 0.035780 0.030631 -0.018614
v 0.036612 0.030217 -0.020022
v 0.035731 0.030760 -0.019897
v 0.034960 0.031100 -0.020322
v 0.035731 0.030760 -0.019897
v 0.035916 0.030746 -0.020979
v 0.033793 0.022304 0.029011
v 0.033397 0.022730 0.027169
v 0.033265 0.022315 0.027721
v 0.019462 0.034758 -0.040159
v 0.020783 0.034111 -0.041042
v 0.018930 0.034374 -0.041310
v 0.031033 0.004821 0.047337
v 0.029876 0.005636 0.046715
v 0.030339 0.004594 0.047767
v 0.018930 0.034374 -0.041310
v 0.020783 0.034111 -0.041042
v 0.019836 0.033651 -0.041830
v 0.033397 0.022730 0.027169
v 0.033793 0.022304 0.029011
v 0.034134 0.022500 0.028508
v 0.016571 0.034668 -0.041570
v 0.018930 0.034374 -0.041310
v 0.017521 0.033116 -0.042740
v -0.031902 0.008706 0.025299
v -0.032430 0.008781 0.028370
v -0.031743 0.008447 0.025415
v 0.018457 0.032989 -0.042623
v 0.017521 0.033116 -0.042740
v 0.018930 0.034374 -0.041310
v 0.032450 0.004838 0.046749
v 0.032179 0.005674 0.045813
v 0.031637 0.005258 0.046661
v 0.017521 0.033116 -0.042740
v 0.015637 0.033347 -0.042941
v 0.016571 0.034668 -0.041570
v 0.035193 0.022603 0.027703
v 0.033760 0.022952 0.026707
v 0.033397 0.022730 0.027169
v -0.032083 0.009239 0.025071
v -0.032141 0.009498 0.024955
v -0.032751 0.010501 0.027623
v -0.032006 0.008972 0.025186
v -0.032083 0.009239 0.025071
v -0.032751 0.010501 0.027623
v 0.018930 0.034374 -0.041310
v 0.019836 0.033651 -0.041830
v 0.018457 0.032989 -0.042623
v -0.032751 0.010501 0.027623
v -0.031902 0.008706 0.025299
v -0.032006 0.008972 0.025186
v 0.034134 0.022500 0.028508
v 0.035193 0.022603 0.027703
v 0.033397 0.022730 0.027169
v -0.032751 0.010501 0.027623
v -0.032430 0.008781 0.028370
v -0.031902 0.008706 0.025299
v 0.030868 0.005457 0.046713
v 0.031637 0.005258 0.046661
v 0.032179 0.005674 0.045813
v -0.012228 0.010129 -0.035346
v -0.012953 0.010397 -0.035565
v -0.012889 0.009623 -0.034436
v 0.019836 0.033651 -0.041830
v 0.020783 0.034111 -0.041042
v 0.022104 0.032424 -0.042018
v -0.032141 0.009498 0.024955
v -0.032781 0.012858 0.026953
v -0.032751 0.010501 0.027623
v -0.032141 0.009498 0.024955
v -0.032281 0.013779 0.023809
v -0.032781 0.012858 0.026953
v 0.019836 0.033651 -0.041830
v 0.020386 0.030198 -0.043316
v 0.018457 0.032989 -0.042623
v 0.031033 0.004821 0.047337
v 0.030868 0.005457 0.046713
v 0.029876 0.005636 0.046715
v 0.017643 0.029813 -0.043983
v 0.017521 0.033116 -0.042740
v 0.018457 0.032989 -0.042623
v -0.011503 0.009823 -0.034957
v -0.012228 0.010129 -0.035346
v -0.012889 0.009623 -0.034436
v -0.043915 0.014575 0.027847
v -0.042937 0.017497 0.026744
v -0.043933 0.015684 0.024958
v 0.028964 0.005845 0.046474
v 0.028963 0.006037 0.046006
v 0.028953 0.006564 0.046605
v -0.044329 0.015639 0.022229
v -0.043933 0.015684 0.024958
v -0.042646 0.019092 0.024370
v 0.029411 0.006178 0.045528
v 0.029876 0.005636 0.046715
v 0.030868 0.005457 0.046713
v 0.029876 0.005636 0.046715
v 0.028085 0.005944 0.046493
v 0.029385 0.005433 0.047242
v 0.027982 0.005955 0.046494
v 0.029385 0.005433 0.047242
v 0.028085 0.005944 0.046493
v -0.012634 0.012162 -0.036288
v -0.013965 0.012122 -0.036252
v -0.013923 0.010614 -0.035674
v 0.020386 0.030198 -0.043316
v 0.019836 0.033651 -0.041830
v 0.022104 0.032424 -0.042018
v 0.029411 0.006178 0.045528
v 0.030868 0.005457 0.046713
v 0.032179 0.005674 0.045813
v -0.013923 0.010614 -0.035674
v -0.013633 0.009902 -0.034948
v -0.012953 0.010397 -0.035565
v 0.031637 0.005258 0.046661
v 0.031033 0.004821 0.047337
v 0.031905 0.003929 0.047506
v -0.015386 0.010752 -0.035688
v -0.013923 0.010614 -0.035674
v -0.013965 0.012122 -0.036252
v -0.012953 0.010397 -0.035565
v -0.013633 0.009902 -0.034948
v -0.012889 0.009623 -0.034436
v 0.023083 0.029005 -0.042934
v 0.024427 0.027220 -0.042936
v 0.021439 0.026888 -0.043917
v -0.011054 0.010381 -0.035644
v -0.012228 0.010129 -0.035346
v -0.011503 0.009823 -0.034957
v 0.031905 0.003929 0.047506
v 0.032450 0.004838 0.046749
v 0.031637 0.005258 0.046661
v -0.015120 0.008889 -0.031212
v -0.011711 0.008785 -0.031958
v -0.015136 0.008912 -0.031505
v 0.021439 0.026888 -0.043917
v 0.024427 0.027220 -0.042936
v 0.024152 0.024829 -0.043572
v -0.015543 0.011866 -0.036057
v -0.015579 0.012446 -0.036252
v -0.015324 0.012534 -0.030853
v -0.015459 0.010759 -0.035688
v -0.015482 0.011057 -0.035785
v -0.015324 0.012534 -0.030853
v 0.028964 0.005845 0.046474
v 0.029876 0.005636 0.046715
v 0.028963 0.006037 0.046006
v 0.028962 0.006114 0.045818
v 0.028963 0.006037 0.046006
v 0.029411 0.006178 0.045528
v -0.015459 0.010759 -0.035688
v -0.015324 0.012534 -0.030853
v -0.015452 0.010680 -0.035631
v 0.035508 0.022127 0.029352
v 0.034134 0.022500 0.028508
v 0.033793 0.022304 0.029011
v 0.029652 0.003905 0.048317
v 0.029534 0.004801 0.047867
v 0.028700 0.005004 0.047954
v 0.029534 0.004801 0.047867
v 0.029385 0.005433 0.047242
v 0.028700 0.005004 0.047954
v 0.024427 0.027220 -0.042936
v 0.026641 0.028764 -0.041676
v 0.026862 0.025896 -0.042258
v 0.029652 0.003905 0.048317
v 0.028700 0.005004 0.047954
v 0.027906 0.004772 0.048345
v 0.035193 0.022603 0.027703
v 0.034134 0.022500 0.028508
v 0.035508 0.022127 0.029352
v 0.027937 0.005960 0.046495
v 0.027956 0.005956 0.046495
v 0.028953 0.006564 0.046605
v 0.021439 0.026888 -0.043917
v 0.020386 0.030198 -0.043316
v 0.022178 0.029913 -0.042950
v 0.037640 0.021888 0.028433
v 0.035732 0.023099 0.025357
v 0.035193 0.022603 0.027703
v 0.038609 0.022107 0.026654
v 0.035732 0.023099 0.025357
v 0.037640 0.021888 0.028433
v 0.019504 0.029564 -0.043689
v 0.020386 0.030198 -0.043316
v 0.021439 0.026888 -0.043917
v 0.037640 0.021888 0.028433
v 0.035193 0.022603 0.027703
v 0.035508 0.022127 0.029352
v 0.028085 0.005944 0.046493
v 0.028953 0.006564 0.046605
v 0.027982 0.005955 0.046494
v 0.028964 0.005845 0.046474
v 0.028953 0.006564 0.046605
v 0.028085 0.005944 0.046493
v 0.023083 0.029005 -0.042934
v 0.025501 0.029985 -0.041814
v 0.024427 0.027220 -0.042936
v 0.035508 0.022127 0.029352
v 0.037135 0.021649 0.029756
v 0.037640 0.021888 0.028433
v 0.025501 0.029985 -0.041814
v 0.026641 0.028764 -0.041676
v 0.024427 0.027220 -0.042936
v 0.025501 0.029985 -0.041814
v 0.023083 0.029005 -0.042934
v 0.023850 0.030974 -0.042100
v 0.041604 0.021807 0.019986
v 0.041584 0.021507 0.021495
v 0.042906 0.019792 0.019150
v 0.022178 0.029913 -0.042950
v 0.023083 0.029005 -0.042934
v 0.021439 0.026888 -0.043917
v 0.023083 0.029005 -0.042934
v 0.022178 0.029913 -0.042950
v 0.023850 0.030974 -0.042100
v 0.022178 0.029913 -0.042950
v 0.022104 0.032424 -0.042018
v 0.023850 0.030974 -0.042100
v 0.020386 0.030198 -0.043316
v 0.022104 0.032424 -0.042018
v 0.022178 0.029913 -0.042950
v 0.041557 0.020826 0.024322
v 0.042250 0.019354 0.025591
v 0.042084 0.020700 0.021945
v 0.040905 0.021975 0.022554
v 0.040916 0.021511 0.024333
v 0.041557 0.020826 0.024322
v 0.040916 0.021511 0.024333
v 0.040875 0.021026 0.026060
v 0.041557 0.020826 0.024322
v 0.040875 0.021026 0.026060
v 0.042250 0.019354 0.025591
v 0.041557 0.020826 0.024322
v 0.040286 0.021951 0.024410
v 0.040875 0.021026 0.026060
v 0.040916 0.021511 0.024333
v 0.020386 0.030198 -0.043316
v 0.019504 0.029564 -0.043689
v 0.018457 0.032989 -0.042623
v 0.018457 0.032989 -0.042623
v 0.019504 0.029564 -0.043689
v 0.017643 0.029813 -0.043983
v 0.027982 0.005955 0.046494
v 0.028953 0.006564 0.046605
v 0.027956 0.005956 0.046495
v 0.033057 0.019871 0.027645
v 0.033366 0.021183 0.028922
v 0.033265 0.022315 0.027721
v 0.027340 0.005390 0.047836
v 0.027956 0.005956 0.046495
v 0.027937 0.005960 0.046495
v 0.027956 0.005956 0.046495
v 0.027340 0.005390 0.047836
v 0.028700 0.005004 0.047954
v 0.017521 0.033116 -0.042740
v 0.017643 0.029813 -0.043983
v 0.016617 0.032088 -0.043392
v 0.027937 0.005960 0.046495
v 0.028953 0.006564 0.046605
v 0.026662 0.006036 0.046509
v 0.016617 0.032088 -0.043392
v 0.017643 0.029813 -0.043983
v 0.016738 0.029148 -0.044337
v 0.027937 0.005960 0.046495
v 0.026662 0.006036 0.046509
v 0.027340 0.005390 0.047836
v 0.040875 0.021026 0.026060
v 0.038609 0.022107 0.026654
v 0.040358 0.020954 0.027537
v 0.029385 0.005433 0.047242
v 0.027982 0.005955 0.046494
v 0.028700 0.005004 0.047954
v 0.027956 0.005956 0.046495
v 0.028700 0.005004 0.047954
v 0.027982 0.005955 0.046494
v 0.029876 0.005636 0.046715
v 0.028964 0.005845 0.046474
v 0.028085 0.005944 0.046493
v 0.027340 0.005390 0.047836
v 0.027002 0.004970 0.048415
v 0.027906 0.004772 0.048345
v 0.038609 0.022107 0.026654
v 0.039413 0.021156 0.028667
v 0.040358 0.020954 0.027537
v 0.027340 0.005390 0.047836
v 0.027906 0.004772 0.048345
v 0.028700 0.005004 0.047954
v 0.027537 0.004212 0.048770
v 0.027906 0.004772 0.048345
v 0.027002 0.004970 0.048415
v 0.008194 0.033916 -0.043412
v 0.009130 0.033332 -0.043686
v 0.008285 0.030592 -0.044871
v 0.039413 0.021156 0.028667
v 0.038609 0.022107 0.026654
v 0.037640 0.021888 0.028433
v 0.016571 0.034668 -0.041570
v 0.015637 0.033347 -0.042941
v 0.014676 0.034868 -0.041730
v 0.026483 0.006059 0.046513
v 0.026662 0.006036 0.046509
v 0.028953 0.006564 0.046605
v 0.015637 0.033347 -0.042941
v 0.014230 0.033369 -0.043140
v 0.014676 0.034868 -0.041730
v 0.025864 0.005738 0.047497
v 0.027340 0.005390 0.047836
v 0.026483 0.006059 0.046513
v 0.027340 0.005390 0.047836
v 0.026662 0.006036 0.046509
v 0.026483 0.006059 0.046513
v 0.017521 0.033116 -0.042740
v 0.016617 0.032088 -0.043392
v 0.015637 0.033347 -0.042941
v 0.041582 0.019296 0.028499
v 0.040979 0.019687 0.029417
v 0.042213 0.017794 0.029280
v 0.041094 0.020194 0.027851
v 0.040979 0.019687 0.029417
v 0.041582 0.019296 0.028499
v 0.014676 0.034868 -0.041730
v 0.014230 0.033369 -0.043140
v 0.013737 0.034463 -0.042391
v 0.041094 0.020194 0.027851
v 0.039413 0.021156 0.028667
v 0.039845 0.020472 0.029857
v 0.041094 0.020194 0.027851
v 0.040358 0.020954 0.027537
v 0.039413 0.021156 0.028667
v -0.015340 0.009737 -0.034475
v -0.015387 0.010065 -0.035034
v -0.015324 0.012534 -0.030853
v -0.015452 0.010680 -0.035631
v -0.015324 0.012534 -0.030853
v -0.015387 0.010065 -0.035034
v 0.035012 0.030803 -0.017633
v 0.034702 0.031043 -0.019157
v 0.033198 0.031190 -0.018505
v 0.025864 0.005738 0.047497
v 0.026483 0.006059 0.046513
v 0.024869 0.006060 0.046514
v 0.033423 0.030902 -0.016489
v 0.035012 0.030803 -0.017633
v 0.033198 0.031190 -0.018505
v -0.015387 0.010065 -0.035034
v -0.014808 0.009813 -0.034693
v -0.015452 0.010680 -0.035631
v -0.015386 0.010752 -0.035688
v -0.015452 0.010680 -0.035631
v -0.014808 0.009813 -0.034693
v 0.035067 0.030444 -0.014704
v 0.033423 0.030902 -0.016489
v 0.033510 0.030515 -0.013656
v 0.025864 0.005738 0.047497
v 0.027002 0.004970 0.048415
v 0.027340 0.005390 0.047836
v -0.013633 0.009902 -0.034948
v -0.013923 0.010614 -0.035674
v -0.014808 0.009813 -0.034693
v -0.013923 0.010614 -0.035674
v -0.015386 0.010752 -0.035688
v -0.014808 0.009813 -0.034693
v 0.027002 0.004970 0.048415
v 0.025864 0.005738 0.047497
v 0.026041 0.005152 0.048399
v 0.025864 0.005738 0.047497
v 0.025034 0.005330 0.048378
v 0.026041 0.005152 0.048399
v 0.036903 0.029774 -0.015524
v 0.035877 0.030328 -0.015874
v 0.035067 0.030444 -0.014704
v -0.015387 0.010065 -0.035034
v -0.015340 0.009737 -0.034475
v -0.014808 0.009813 -0.034693
v -0.015386 0.010752 -0.035688
v -0.015482 0.011057 -0.035785
v -0.015459 0.010759 -0.035688
v 0.026483 0.006059 0.046513
v 0.028953 0.006564 0.046605
v 0.024869 0.006060 0.046514
v -0.015459 0.010759 -0.035688
v -0.015452 0.010680 -0.035631
v -0.015386 0.010752 -0.035688
v 0.035877 0.030328 -0.015874
v 0.035012 0.030803 -0.017633
v 0.033423 0.030902 -0.016489
v 0.035780 0.030631 -0.018614
v 0.034702 0.031043 -0.019157
v 0.035012 0.030803 -0.017633
v -0.015202 0.009107 -0.032563
v -0.015324 0.012534 -0.030853
v -0.015168 0.008959 -0.032104
v -0.015223 0.009212 -0.032820
v -0.015324 0.012534 -0.030853
v -0.015202 0.009107 -0.032563
v -0.015264 0.009383 -0.033356
v -0.015324 0.012534 -0.030853
v -0.015223 0.009212 -0.032820
v -0.015152 0.008938 -0.031838
v -0.015168 0.008959 -0.032104
v -0.015324 0.012534 -0.030853
v -0.015264 0.009383 -0.033356
v -0.015268 0.009405 -0.033425
v -0.015324 0.012534 -0.030853
v 0.041094 0.020194 0.027851
v 0.040875 0.021026 0.026060
v 0.040358 0.020954 0.027537
v -0.044329 0.015639 0.022229
v -0.042888 0.019544 0.020974
v -0.044505 0.015784 0.020242
v 0.041582 0.019296 0.028499
v 0.042213 0.017794 0.029280
v 0.042058 0.019176 0.026995
v 0.040875 0.021026 0.026060
v 0.041094 0.020194 0.027851
v 0.042058 0.019176 0.026995
v 0.040875 0.021026 0.026060
v 0.042058 0.019176 0.026995
v 0.042250 0.019354 0.025591
v 0.026041 0.005152 0.048399
v 0.025034 0.005330 0.048378
v 0.025159 0.004599 0.049045
v 0.032908 0.000000 0.048514
v 0.035114 0.000000 0.047487
v 0.034883 0.002961 0.046494
v 0.032908 0.000000 0.048514
v 0.034883 0.002961 0.046494
v 0.032683 0.003472 0.047359
v -0.033259 0.017459 0.028832
v -0.033827 0.015973 0.032251
v -0.033556 0.013008 0.031496
v 0.034883 0.002961 0.046494
v 0.033931 0.004400 0.046352
v 0.032683 0.003472 0.047359
v -0.011711 0.008785 -0.031958
v -0.015152 0.008938 -0.031838
v -0.015136 0.008912 -0.031505
v -0.015168 0.008959 -0.032104
v -0.015152 0.008938 -0.031838
v -0.011711 0.008785 -0.031958
v -0.029143 0.028779 -0.004998
v -0.029074 0.029119 -0.007180
v -0.030531 0.029073 -0.004855
v -0.029074 0.029119 -0.007180
v -0.032299 0.029479 -0.006698
v -0.030531 0.029073 -0.004855
v -0.015202 0.009107 -0.032563
v -0.012889 0.009623 -0.034436
v -0.015223 0.009212 -0.032820
v -0.013633 0.009902 -0.034948
v -0.015223 0.009212 -0.032820
v -0.012889 0.009623 -0.034436
v -0.034576 0.019847 0.034294
v -0.034873 0.017464 0.036721
v -0.033827 0.015973 0.032251
v -0.015340 0.009737 -0.034475
v -0.015324 0.012534 -0.030853
v -0.015268 0.009405 -0.033425
v -0.031029 0.028746 -0.002672
v -0.029261 0.028425 -0.002757
v -0.030531 0.029073 -0.004855
v -0.013633 0.009902 -0.034948
v -0.014808 0.009813 -0.034693
v -0.015268 0.009405 -0.033425
v -0.013633 0.009902 -0.034948
v -0.015268 0.009405 -0.033425
v -0.015264 0.009383 -0.033356
v -0.013633 0.009902 -0.034948
v -0.015264 0.009383 -0.033356
v -0.015223 0.009212 -0.032820
v -0.028715 0.028154 -0.003934
v -0.030531 0.029073 -0.004855
v -0.029261 0.028425 -0.002757
v -0.033827 0.015973 0.032251
v -0.034386 0.020616 0.033128
v -0.034576 0.019847 0.034294
v -0.034252 0.021114 0.032251
v -0.034386 0.020616 0.033128
v -0.033827 0.015973 0.032251
v -0.014808 0.009813 -0.034693
v -0.015340 0.009737 -0.034475
v -0.015268 0.009405 -0.033425
v -0.015168 0.008959 -0.032104
v -0.011711 0.008785 -0.031958
v -0.015202 0.009107 -0.032563
v -0.011711 0.008785 -0.031958
v -0.012889 0.009623 -0.034436
v -0.015202 0.009107 -0.032563
v -0.034252 0.021114 0.032251
v -0.033827 0.015973 0.032251
v -0.033896 0.020886 0.031151
v -0.017130 0.016818 -0.033118
v -0.020431 0.017922 -0.033139
v -0.020096 0.015205 -0.032365
v -0.029143 0.028779 -0.004998
v -0.030531 0.029073 -0.004855
v -0.028715 0.028154 -0.003934
v -0.016571 0.015697 -0.032789
v -0.020096 0.015205 -0.032365
v -0.017483 0.013826 -0.031794
v -0.028715 0.028154 -0.003934
v -0.029074 0.029119 -0.007180
v -0.029143 0.028779 -0.004998
v -0.028370 0.027831 -0.007363
v -0.028715 0.028154 -0.003934
v -0.028431 0.027512 -0.005133
v 0.031907 0.022831 0.021464
v 0.031939 0.023506 0.021168
v 0.031452 0.023180 0.019080
v -0.031029 0.028746 -0.002672
v -0.033115 0.029148 -0.004623
v -0.034658 0.028729 -0.002539
v -0.033003 0.008963 0.031431
v -0.032891 0.008648 0.031528
v -0.032143 0.008317 0.028543
v 0.032558 0.023597 0.023056
v 0.031939 0.023506 0.021168
v 0.031907 0.022831 0.021464
v -0.033115 0.029148 -0.004623
v -0.031029 0.028746 -0.002672
v -0.030531 0.029073 -0.004855
v -0.033822 0.011711 0.033431
v -0.033224 0.010178 0.030931
v -0.033816 0.012683 0.033121
v -0.030531 0.029073 -0.004855
v -0.032299 0.029479 -0.006698
v -0.033115 0.029148 -0.004623
v 0.032368 0.022479 0.023806
v 0.032385 0.023111 0.023426
v 0.031907 0.022831 0.021464
v -0.036331 0.028723 -0.004400
v -0.034658 0.028729 -0.002539
v -0.033115 0.029148 -0.004623
v 0.032385 0.023111 0.023426
v 0.032558 0.023597 0.023056
v 0.031907 0.022831 0.021464
v -0.036061 0.029080 -0.006244
v -0.036331 0.028723 -0.004400
v -0.033115 0.029148 -0.004623
v -0.035208 0.029397 -0.007229
v -0.036061 0.029080 -0.006244
v -0.033115 0.029148 -0.004623
v 0.032126 0.024026 0.020868
v 0.031494 0.023899 0.018852
v 0.031452 0.023180 0.019080
v 0.032126 0.024026 0.020868
v 0.031692 0.024451 0.018612
v 0.031494 0.023899 0.018852
v -0.033224 0.010178 0.030931
v -0.032430 0.008781 0.028370
v -0.032751 0.010501 0.027623
v -0.033224 0.010178 0.030931
v -0.033003 0.008963 0.031431
v -0.032430 0.008781 0.028370
v 0.031939 0.023506 0.021168
v 0.032126 0.024026 0.020868
v 0.031452 0.023180 0.019080
v -0.032751 0.010501 0.027623
v -0.032781 0.012858 0.026953
v -0.033556 0.013008 0.031496
v 0.032558 0.023597 0.023056
v 0.032126 0.024026 0.020868
v 0.031939 0.023506 0.021168
v -0.033556 0.013008 0.031496
v -0.033224 0.010178 0.030931
v -0.032751 0.010501 0.027623
v -0.028715 0.028154 -0.003934
v -0.029603 0.026687 0.005500
v -0.028716 0.026847 -0.000499
v -0.033827 0.015973 0.032251
v -0.033816 0.012683 0.033121
v -0.033556 0.013008 0.031496
v -0.033816 0.012683 0.033121
v -0.033224 0.010178 0.030931
v -0.033556 0.013008 0.031496
v 0.032126 0.024026 0.020868
v 0.032541 0.024312 0.020567
v 0.031692 0.024451 0.018612
v -0.029659 0.027679 0.001875
v -0.030098 0.028255 -0.000461
v -0.030827 0.028353 -0.000465
v -0.029659 0.027679 0.001875
v -0.029261 0.028425 -0.002757
v -0.030098 0.028255 -0.000461
v -0.033827 0.015973 0.032251
v -0.034873 0.017464 0.036721
v -0.033816 0.012683 0.033121
v -0.030827 0.028353 -0.000465
v -0.031417 0.027995 0.001782
v -0.029659 0.027679 0.001875
v -0.031417 0.027995 0.001782
v -0.032320 0.028436 -0.000476
v -0.033977 0.028060 0.001636
v 0.032983 0.023163 0.025163
v 0.032558 0.023597 0.023056
v 0.032385 0.023111 0.023426
v -0.029659 0.027679 0.001875
v -0.029603 0.026687 0.005500
v -0.028715 0.028154 -0.003934
v -0.028715 0.028154 -0.003934
v -0.029261 0.028425 -0.002757
v -0.029659 0.027679 0.001875
v 0.033903 0.023510 0.024391
v 0.032958 0.023862 0.022707
v 0.032558 0.023597 0.023056
v 0.033903 0.023510 0.024391
v 0.033510 0.023976 0.022374
v 0.032958 0.023862 0.022707
v -0.030827 0.028353 -0.000465
v -0.030098 0.028255 -0.000461
v -0.031029 0.028746 -0.002672
v 0.032958 0.023862 0.022707
v 0.032126 0.024026 0.020868
v 0.032558 0.023597 0.023056
v -0.029261 0.028425 -0.002757
v -0.031029 0.028746 -0.002672
v -0.030098 0.028255 -0.000461
v 0.032126 0.024026 0.020868
v 0.032958 0.023862 0.022707
v 0.033510 0.023976 0.022374
v -0.032320 0.028436 -0.000476
v -0.031417 0.027995 0.001782
v -0.030827 0.028353 -0.000465
v -0.034284 0.010260 0.037118
v -0.033777 0.010558 0.033922
v -0.034905 0.013170 0.038687
v -0.033777 0.010558 0.033922
v -0.033683 0.009726 0.034288
v -0.033003 0.008963 0.031431
v 0.032126 0.024026 0.020868
v 0.033510 0.023976 0.022374
v 0.032541 0.024312 0.020567
v -0.029929 0.027290 0.004245
v -0.029603 0.026687 0.005500
v -0.029659 0.027679 0.001875
v -0.033003 0.008963 0.031431
v -0.033224 0.010178 0.030931
v -0.033777 0.010558 0.033922
v -0.033683 0.009726 0.034288
v -0.032891 0.008648 0.031528
v -0.033003 0.008963 0.031431
v 0.033109 0.024437 0.020268
v 0.032541 0.024312 0.020567
v 0.033510 0.023976 0.022374
v -0.034284 0.010260 0.037118
v -0.033683 0.009726 0.034288
v -0.033777 0.010558 0.033922
v -0.033683 0.009726 0.034288
v -0.034284 0.010260 0.037118
v -0.033458 0.008709 0.034609
v -0.033683 0.009726 0.034288
v -0.033458 0.008709 0.034609
v -0.032891 0.008648 0.031528
v -0.034284 0.010260 0.037118
v -0.034198 0.009564 0.037395
v -0.033458 0.008709 0.034609
v 0.033367 0.023407 0.024760
v 0.033903 0.023510 0.024391
v 0.032558 0.023597 0.023056
v -0.033977 0.028060 0.001636
v -0.035842 0.028244 -0.000525
v -0.035689 0.027902 0.001534
v -0.032891 0.008648 0.031528
v -0.033458 0.008709 0.034609
v -0.033067 0.008053 0.034577
v -0.034905 0.013170 0.038687
v -0.033822 0.011711 0.033431
v -0.033816 0.012683 0.033121
v -0.034905 0.013170 0.038687
v -0.033816 0.012683 0.033121
v -0.034873 0.017464 0.036721
v -0.033822 0.011711 0.033431
v -0.033777 0.010558 0.033922
v -0.033224 0.010178 0.030931
v -0.032320 0.028436 -0.000476
v -0.030827 0.028353 -0.000465
v -0.031029 0.028746 -0.002672
v -0.031029 0.028746 -0.002672
v -0.034658 0.028729 -0.002539
v -0.032320 0.028436 -0.000476
v -0.035842 0.028244 -0.000525
v -0.033977 0.028060 0.001636
v -0.032320 0.028436 -0.000476
v -0.035842 0.028244 -0.000525
v -0.032320 0.028436 -0.000476
v -0.034658 0.028729 -0.002539
v -0.034658 0.028729 -0.002539
v -0.036331 0.028723 -0.004400
v -0.035842 0.028244 -0.000525
v -0.020096 0.015205 -0.032365
v -0.020431 0.017922 -0.033139
v -0.022605 0.014150 -0.031726
v -0.042308 0.016287 0.031398
v -0.042290 0.017684 0.029348
v -0.043452 0.014863 0.029315
v -0.043452 0.014863 0.029315
v -0.042290 0.017684 0.029348
v -0.042414 0.018268 0.027678
v -0.043452 0.014863 0.029315
v -0.042414 0.018268 0.027678
v -0.042937 0.017497 0.026744
v -0.043452 0.014863 0.029315
v -0.042937 0.017497 0.026744
v -0.043915 0.014575 0.027847
v -0.036061 0.029080 -0.006244
v -0.036974 0.028771 -0.006167
v -0.036331 0.028723 -0.004400
v -0.020096 0.015205 -0.032365
v -0.022605 0.014150 -0.031726
v -0.020299 0.013911 -0.031712
v -0.017483 0.013826 -0.031794
v -0.020096 0.015205 -0.032365
v -0.020299 0.013911 -0.031712
v -0.036490 0.028111 -0.000539
v -0.036331 0.028723 -0.004400
v -0.037687 0.028229 -0.004346
v -0.037687 0.028229 -0.004346
v -0.036331 0.028723 -0.004400
v -0.036974 0.028771 -0.006167
v -0.036974 0.028771 -0.006167
v -0.039101 0.027413 -0.006091
v -0.037687 0.028229 -0.004346
v -0.037687 0.028229 -0.004346
v -0.039257 0.027149 -0.004348
v -0.038396 0.027622 -0.002504
v -0.042308 0.016287 0.031398
v -0.042984 0.014606 0.031473
v -0.042426 0.014526 0.033312
v -0.042984 0.014606 0.031473
v -0.042308 0.016287 0.031398
v -0.043452 0.014863 0.029315
v -0.038396 0.027622 -0.002504
v -0.036490 0.028111 -0.000539
v -0.037687 0.028229 -0.004346
v -0.027421 0.016085 -0.032161
v -0.027459 0.015606 -0.032008
v -0.026435 0.015535 -0.032073
v -0.039101 0.027413 -0.006091
v -0.039257 0.027149 -0.004348
v -0.037687 0.028229 -0.004346
v -0.022641 0.019032 -0.033162
v -0.025696 0.019500 -0.032969
v -0.024668 0.015950 -0.032330
v -0.039257 0.027149 -0.004348
v -0.040104 0.026154 -0.002577
v -0.038396 0.027622 -0.002504
v -0.026692 0.018389 -0.032724
v -0.026435 0.015535 -0.032073
v -0.024668 0.015950 -0.032330
v -0.026692 0.018389 -0.032724
v -0.027201 0.017758 -0.032557
v -0.026435 0.015535 -0.032073
v -0.025696 0.019500 -0.032969
v -0.026692 0.018389 -0.032724
v -0.024668 0.015950 -0.032330
v -0.027395 0.016872 -0.032345
v -0.026435 0.015535 -0.032073
v -0.027311 0.017202 -0.032424
v -0.027421 0.016085 -0.032161
v -0.026435 0.015535 -0.032073
v -0.027395 0.016872 -0.032345
v -0.024668 0.015950 -0.032330
v -0.022605 0.014150 -0.031726
v -0.020431 0.017922 -0.033139
v -0.035689 0.027902 0.001534
v -0.035842 0.028244 -0.000525
v -0.036490 0.028111 -0.000539
v -0.040621 0.016600 0.035178
v -0.041409 0.014864 0.035243
v -0.039818 0.015618 0.037298
v -0.027532 0.015089 -0.031840
v -0.027637 0.014588 -0.031604
v -0.026435 0.015535 -0.032073
v -0.024668 0.015950 -0.032330
v -0.026435 0.015535 -0.032073
v -0.025667 0.014398 -0.031669
v -0.022605 0.014150 -0.031726
v -0.024668 0.015950 -0.032330
v -0.025667 0.014398 -0.031669
v -0.024369 0.013140 -0.030995
v -0.023584 0.012608 -0.030621
v -0.022605 0.014150 -0.031726
v -0.035689 0.027902 0.001534
v -0.036490 0.028111 -0.000539
v -0.037600 0.027468 0.001415
v -0.039346 0.026766 -0.000646
v -0.038470 0.027103 0.001358
v -0.037600 0.027468 0.001415
v -0.022605 0.014150 -0.031726
v -0.025667 0.014398 -0.031669
v -0.024369 0.013140 -0.030995
v -0.039346 0.026766 -0.000646
v -0.037600 0.027468 0.001415
v -0.036490 0.028111 -0.000539
v 0.032983 0.023163 0.025163
v 0.032368 0.022479 0.023806
v 0.032406 0.021793 0.024181
v 0.032983 0.023163 0.025163
v 0.032385 0.023111 0.023426
v 0.032368 0.022479 0.023806
v -0.041409 0.014864 0.035243
v -0.040421 0.013931 0.037662
v -0.039818 0.015618 0.037298
v 0.032406 0.021793 0.024181
v 0.032829 0.022714 0.025617
v 0.032983 0.023163 0.025163
v -0.039996 0.026010 0.001250
v -0.038924 0.026581 0.003321
v -0.038470 0.027103 0.001358
v -0.039346 0.026766 -0.000646
v -0.039996 0.026010 0.001250
v -0.038470 0.027103 0.001358
v -0.040825 0.017799 0.033360
v -0.041720 0.015397 0.034043
v -0.040621 0.016600 0.035178
v 0.032983 0.023163 0.025163
v 0.032829 0.022714 0.025617
v 0.033397 0.022730 0.027169
v -0.038396 0.027622 -0.002504
v -0.039346 0.026766 -0.000646
v -0.036490 0.028111 -0.000539
v -0.039992 0.017733 0.034985
v -0.040825 0.017799 0.033360
v -0.040621 0.016600 0.035178
v -0.041720 0.015397 0.034043
v -0.041409 0.014864 0.035243
v -0.040621 0.016600 0.035178
v -0.042308 0.016287 0.031398
v -0.042426 0.014526 0.033312
v -0.041720 0.015397 0.034043
v -0.036331 0.028723 -0.004400
v -0.036490 0.028111 -0.000539
v -0.035842 0.028244 -0.000525
v 0.033397 0.022730 0.027169
v 0.032829 0.022714 0.025617
v 0.033265 0.022315 0.027721
v 0.033760 0.022952 0.026707
v 0.032983 0.023163 0.025163
v 0.033397 0.022730 0.027169
v 0.033760 0.022952 0.026707
v 0.034279 0.023042 0.026307
v 0.032983 0.023163 0.025163
v 0.034279 0.023042 0.026307
v 0.033367 0.023407 0.024760
v 0.032983 0.023163 0.025163
v -0.041409 0.014864 0.035243
v -0.041720 0.015397 0.034043
v -0.042426 0.014526 0.033312
v 0.032558 0.023597 0.023056
v 0.032983 0.023163 0.025163
v 0.033367 0.023407 0.024760
v 0.031769 0.011056 0.021253
v 0.032734 0.011260 0.027332
v 0.033057 0.019871 0.027645
v -0.041409 0.014864 0.035243
v -0.042426 0.014526 0.033312
v -0.043085 0.012942 0.033839
v 0.032885 0.021488 0.026576
v 0.032406 0.021793 0.024181
v 0.031309 0.013015 0.018040
v -0.040246 0.025817 0.000264
v -0.039996 0.026010 0.001250
v -0.039346 0.026766 -0.000646
v -0.040691 0.025329 -0.000741
v -0.040246 0.025817 0.000264
v -0.039346 0.026766 -0.000646
v -0.042426 0.014526 0.033312
v -0.042984 0.014606 0.031473
v -0.043085 0.012942 0.033839
v 0.032885 0.021488 0.026576
v 0.032829 0.022714 0.025617
v 0.032406 0.021793 0.024181
v 0.032885 0.021488 0.026576
v 0.033265 0.022315 0.027721
v 0.032829 0.022714 0.025617
v 0.033265 0.022315 0.027721
v 0.032885 0.021488 0.026576
v 0.033057 0.019871 0.027645
v 0.035877 0.030328 -0.015874
v 0.033423 0.030902 -0.016489
v 0.035067 0.030444 -0.014704
v -0.000024 0.035258 -0.038660
v -0.001387 0.035493 -0.039260
v -0.000935 0.034927 -0.038067
v -0.000024 0.035258 -0.038660
v 0.000657 0.035582 -0.039511
v -0.001387 0.035493 -0.039260
v -0.001387 0.035493 -0.039260
v -0.001845 0.035254 -0.038655
v -0.000935 0.034927 -0.038067
v 0.034468 0.021624 0.031592
v 0.034147 0.021930 0.030506
v 0.034112 0.021572 0.031354
v 0.001798 0.035254 -0.038655
v 0.000657 0.035582 -0.039511
v 0.000888 0.034927 -0.038067
v 0.002704 0.035494 -0.039252
v 0.001798 0.035254 -0.038655
v 0.002714 0.034922 -0.038055
v 0.034112 0.021572 0.031354
v 0.034147 0.021930 0.030506
v 0.033793 0.022304 0.029011
v 0.033793 0.022304 0.029011
v 0.033265 0.022315 0.027721
v 0.034112 0.021572 0.031354
v -0.000935 0.034927 -0.038067
v -0.000024 0.034570 -0.037712
v -0.000024 0.035258 -0.038660
v -0.000024 0.034570 -0.037712
v 0.000888 0.034927 -0.038067
v -0.000024 0.035258 -0.038660
v 0.033793 0.022304 0.029011
v 0.034722 0.022083 0.029935
v 0.035508 0.022127 0.029352
v 0.002704 0.035494 -0.039252
v 0.002714 0.034922 -0.038055
v 0.003621 0.035244 -0.038638
v 0.004521 0.035650 -0.039834
v 0.002704 0.035494 -0.039252
v 0.003621 0.035244 -0.038638
v 0.033793 0.022304 0.029011
v 0.034147 0.021930 0.030506
v 0.034722 0.022083 0.029935
v 0.001798 0.035254 -0.038655
v 0.002704 0.035494 -0.039252
v 0.001110 0.035763 -0.040301
v 0.035523 0.021648 0.031048
v 0.034722 0.022083 0.029935
v 0.034147 0.021930 0.030506
v 0.037374 0.029318 -0.021294
v 0.038376 0.027567 -0.020042
v 0.038230 0.027044 -0.022153
v 0.035523 0.021648 0.031048
v 0.035508 0.022127 0.029352
v 0.034722 0.022083 0.029935
v 0.037135 0.021649 0.029756
v 0.035508 0.022127 0.029352
v 0.035523 0.021648 0.031048
v 0.034468 0.021624 0.031592
v 0.035523 0.021648 0.031048
v 0.034147 0.021930 0.030506
v 0.002704 0.035494 -0.039252
v 0.002241 0.035706 -0.041497
v 0.001110 0.035763 -0.040301
v 0.001798 0.035254 -0.038655
v 0.001110 0.035763 -0.040301
v 0.000657 0.035582 -0.039511
v 0.002241 0.035706 -0.041497
v 0.002704 0.035494 -0.039252
v 0.003602 0.035754 -0.041207
v 0.000657 0.035582 -0.039511
v -0.000024 0.035780 -0.040545
v -0.001387 0.035493 -0.039260
v 0.035916 0.030746 -0.020979
v 0.037374 0.029318 -0.021294
v 0.036279 0.030535 -0.021870
v 0.000657 0.035582 -0.039511
v 0.001110 0.035763 -0.040301
v -0.000024 0.035780 -0.040545
v 0.036941 0.029672 -0.023432
v 0.036272 0.030505 -0.023868
v 0.036279 0.030535 -0.021870
v -0.000930 0.035623 -0.041779
v -0.001836 0.035730 -0.041404
v -0.001387 0.035493 -0.039260
v 0.037374 0.029318 -0.021294
v 0.036941 0.029672 -0.023432
v 0.036279 0.030535 -0.021870
v 0.038230 0.027044 -0.022153
v 0.036941 0.029672 -0.023432
v 0.037374 0.029318 -0.021294
v 0.037374 0.029318 -0.021294
v 0.035916 0.030746 -0.020979
v 0.036612 0.030217 -0.020022
v 0.036612 0.030217 -0.020022
v 0.037333 0.029467 -0.020260
v 0.037374 0.029318 -0.021294
v 0.000888 0.034927 -0.038067
v 0.001802 0.034568 -0.037707
v 0.001798 0.035254 -0.038655
v 0.000888 0.034927 -0.038067
v 0.001803 0.033927 -0.037443
v 0.001802 0.034568 -0.037707
v -0.000024 0.034570 -0.037712
v 0.001803 0.033927 -0.037443
v 0.000888 0.034927 -0.038067
v 0.037333 0.029467 -0.020260
v 0.038376 0.027567 -0.020042
v 0.037374 0.029318 -0.021294
v -0.000024 0.034570 -0.037712
v -0.000935 0.034927 -0.038067
v -0.000937 0.034569 -0.037711
v 0.000650 0.008403 -0.030065
v 0.004637 0.008432 -0.030248
v 0.003373 0.008681 -0.032204
v 0.038376 0.027567 -0.020042
v 0.037606 0.029211 -0.018462
v 0.038634 0.027188 -0.019210
v 0.003373 0.008681 -0.032204
v 0.001111 0.008861 -0.033010
v 0.000650 0.008403 -0.030065
v 0.037606 0.029211 -0.018462
v 0.038376 0.027567 -0.020042
v 0.037333 0.029467 -0.020260
v -0.007644 0.008959 -0.033118
v -0.008831 0.008588 -0.031176
v -0.006138 0.008683 -0.032042
v 0.015637 0.033347 -0.042941
v 0.016617 0.032088 -0.043392
v 0.013988 0.030459 -0.044352
v 0.013988 0.030459 -0.044352
v 0.011022 0.031943 -0.044160
v 0.012379 0.032976 -0.043573
v -0.007644 0.008959 -0.033118
v -0.009121 0.008906 -0.032832
v -0.008831 0.008588 -0.031176
v -0.000935 0.034927 -0.038067
v -0.001845 0.035254 -0.038655
v -0.001850 0.034568 -0.037707
v 0.013737 0.034463 -0.042391
v 0.014230 0.033369 -0.043140
v 0.012379 0.032976 -0.043573
v -0.001387 0.035493 -0.039260
v -0.001836 0.035730 -0.041404
v -0.002748 0.035669 -0.039851
v 0.011892 0.033698 -0.043235
v 0.013737 0.034463 -0.042391
v 0.012379 0.032976 -0.043573
v -0.002748 0.035669 -0.039851
v -0.001845 0.035254 -0.038655
v -0.001387 0.035493 -0.039260
v 0.014854 0.029348 -0.044576
v 0.013988 0.030459 -0.044352
v 0.016617 0.032088 -0.043392
v 0.039122 0.020215 0.031646
v 0.037832 0.020925 0.031303
v 0.037628 0.020450 0.032778
v -0.002748 0.035669 -0.039851
v -0.002762 0.034922 -0.038055
v -0.001845 0.035254 -0.038655
v 0.014854 0.029348 -0.044576
v 0.016617 0.032088 -0.043392
v 0.016738 0.029148 -0.044337
v 0.012379 0.032976 -0.043573
v 0.014230 0.033369 -0.043140
v 0.013988 0.030459 -0.044352
v 0.037628 0.020450 0.032778
v 0.039049 0.019743 0.032849
v 0.039122 0.020215 0.031646
v 0.013988 0.030459 -0.044352
v 0.014230 0.033369 -0.043140
v 0.015637 0.033347 -0.042941
v 0.039122 0.020215 0.031646
v 0.038787 0.021160 0.029529
v 0.037832 0.020925 0.031303
v -0.038396 0.027622 -0.002504
v -0.040104 0.026154 -0.002577
v -0.039346 0.026766 -0.000646
v -0.028509 0.022329 -0.012037
v -0.028740 0.017647 -0.014376
v -0.028899 0.018981 -0.022178
v 0.011873 0.034374 -0.042763
v 0.012797 0.034927 -0.042033
v 0.013737 0.034463 -0.042391
v 0.013737 0.034463 -0.042391
v 0.011892 0.033698 -0.043235
v 0.011873 0.034374 -0.042763
v -0.028899 0.018981 -0.022178
v -0.028367 0.026546 -0.012802
v -0.028509 0.022329 -0.012037
v -0.028370 0.027831 -0.007363
v -0.028509 0.022329 -0.012037
v -0.028350 0.028140 -0.009529
v 0.039845 0.020472 0.029857
v 0.038787 0.021160 0.029529
v 0.039122 0.020215 0.031646
v -0.028367 0.026546 -0.012802
v -0.028350 0.028140 -0.009529
v -0.028509 0.022329 -0.012037
v -0.028750 0.015643 -0.008005
v -0.028740 0.017647 -0.014376
v -0.028509 0.022329 -0.012037
v 0.039845 0.020472 0.029857
v 0.039122 0.020215 0.031646
v 0.040595 0.019844 0.029980
v 0.040979 0.019687 0.029417
v 0.041094 0.020194 0.027851
v 0.039845 0.020472 0.029857
v 0.039413 0.021156 0.028667
v 0.038787 0.021160 0.029529
v 0.039845 0.020472 0.029857
v 0.040979 0.019687 0.029417
v 0.039845 0.020472 0.029857
v 0.040595 0.019844 0.029980
v 0.037628 0.020450 0.032778
v 0.037832 0.020925 0.031303
v 0.036841 0.021170 0.031552
v 0.036903 0.029774 -0.015524
v 0.036821 0.029919 -0.016882
v 0.035877 0.030328 -0.015874
v 0.007626 0.008274 -0.027753
v 0.004637 0.008432 -0.030248
v 0.002241 0.007936 -0.020464
v 0.036903 0.029774 -0.015524
v 0.037891 0.028935 -0.016569
v 0.036821 0.029919 -0.016882
v -0.039973 0.025946 -0.012510
v -0.040156 0.025773 -0.011043
v -0.038528 0.028252 -0.012426
v 0.036612 0.030217 -0.020022
v 0.035780 0.030631 -0.018614
v 0.036739 0.030050 -0.018182
v 0.036739 0.030050 -0.018182
v 0.035012 0.030803 -0.017633
v 0.036821 0.029919 -0.016882
v 0.037606 0.029211 -0.018462
v 0.036739 0.030050 -0.018182
v 0.036821 0.029919 -0.016882
v 0.037606 0.029211 -0.018462
v 0.036612 0.030217 -0.020022
v 0.036739 0.030050 -0.018182
v -0.040360 0.025614 -0.009496
v -0.041711 0.023197 -0.006416
v -0.040190 0.026044 -0.007841
v -0.040360 0.025614 -0.009496
v -0.039639 0.026833 -0.009405
v -0.040156 0.025773 -0.011043
v 0.038787 0.021160 0.029529
v 0.039413 0.021156 0.028667
v 0.037640 0.021888 0.028433
v -0.039639 0.026833 -0.009405
v -0.038528 0.028252 -0.012426
v -0.040156 0.025773 -0.011043
v 0.038787 0.021160 0.029529
v 0.037135 0.021649 0.029756
v 0.037832 0.020925 0.031303
v 0.035780 0.030631 -0.018614
v 0.035012 0.030803 -0.017633
v 0.036739 0.030050 -0.018182
v 0.037640 0.021888 0.028433
v 0.037135 0.021649 0.029756
v 0.038787 0.021160 0.029529
v 0.036821 0.029919 -0.016882
v 0.035012 0.030803 -0.017633
v 0.035877 0.030328 -0.015874
v 0.041507 0.017926 0.031401
v 0.040629 0.018457 0.032669
v 0.041507 0.016169 0.033643
v 0.037606 0.029211 -0.018462
v 0.037333 0.029467 -0.020260
v 0.036612 0.030217 -0.020022
v 0.042894 0.014175 0.032277
v 0.041507 0.017926 0.031401
v 0.041507 0.016169 0.033643
v 0.038116 0.028551 -0.017761
v 0.038634 0.027188 -0.019210
v 0.037606 0.029211 -0.018462
v 0.042894 0.014175 0.032277
v 0.041857 0.017907 0.030356
v 0.041507 0.017926 0.031401
v 0.041507 0.017926 0.031401
v 0.040871 0.018958 0.031242
v 0.040629 0.018457 0.032669
v 0.037606 0.029211 -0.018462
v 0.036821 0.029919 -0.016882
v 0.038116 0.028551 -0.017761
v 0.040231 0.019221 0.032038
v 0.039049 0.019743 0.032849
v 0.040629 0.018457 0.032669
v 0.040231 0.019221 0.032038
v 0.040871 0.018958 0.031242
v 0.040595 0.019844 0.029980
v 0.040231 0.019221 0.032038
v 0.039122 0.020215 0.031646
v 0.039049 0.019743 0.032849
v 0.040595 0.019844 0.029980
v 0.039122 0.020215 0.031646
v 0.040231 0.019221 0.032038
v 0.037891 0.028935 -0.016569
v 0.038116 0.028551 -0.017761
v 0.036821 0.029919 -0.016882
v -0.040156 0.025773 -0.011043
v -0.039973 0.025946 -0.012510
v -0.040558 0.024576 -0.012672
v 0.040629 0.018457 0.032669
v 0.040871 0.018958 0.031242
v 0.040231 0.019221 0.032038
v -0.040558 0.024576 -0.012672
v -0.041060 0.023718 -0.011285
v -0.040156 0.025773 -0.011043
v -0.040558 0.024576 -0.012672
v -0.039973 0.025946 -0.012510
v -0.039468 0.026731 -0.013868
v 0.040595 0.019844 0.029980
v 0.040871 0.018958 0.031242
v 0.041857 0.017907 0.030356
v 0.040871 0.018958 0.031242
v 0.041507 0.017926 0.031401
v 0.041857 0.017907 0.030356
v -0.040360 0.025614 -0.009496
v -0.041060 0.023718 -0.011285
v -0.041566 0.022842 -0.009825
v 0.040979 0.019687 0.029417
v 0.040595 0.019844 0.029980
v 0.041857 0.017907 0.030356
v -0.040360 0.025614 -0.009496
v -0.040156 0.025773 -0.011043
v -0.041060 0.023718 -0.011285
v -0.040360 0.025614 -0.009496
v -0.041566 0.022842 -0.009825
v -0.041711 0.023197 -0.006416
v 0.041857 0.017907 0.030356
v 0.042213 0.017794 0.029280
v 0.040979 0.019687 0.029417
v 0.039155 0.025822 -0.019049
v 0.038634 0.027188 -0.019210
v 0.039425 0.026268 -0.015919
v -0.041639 0.019908 -0.016392
v -0.041060 0.023718 -0.011285
v -0.040558 0.024576 -0.012672
v -0.040558 0.024576 -0.012672
v -0.039468 0.026731 -0.013868
v -0.039633 0.025642 -0.016642
v -0.040012 0.023744 -0.018197
v -0.040982 0.021168 -0.017470
v -0.040558 0.024576 -0.012672
v 0.033727 0.017979 0.031399
v 0.033849 0.020886 0.031151
v 0.033366 0.021183 0.028922
v -0.041639 0.019908 -0.016392
v -0.040558 0.024576 -0.012672
v -0.040982 0.021168 -0.017470
v 0.039425 0.026268 -0.015919
v 0.038116 0.028551 -0.017761
v 0.037891 0.028935 -0.016569
v 0.033366 0.021183 0.028922
v 0.033057 0.019871 0.027645
v 0.033727 0.017979 0.031399
v -0.040012 0.023744 -0.018197
v -0.040558 0.024576 -0.012672
v -0.039633 0.025642 -0.016642
v 0.039425 0.026268 -0.015919
v 0.038634 0.027188 -0.019210
v 0.038116 0.028551 -0.017761
v 0.034205 0.021114 0.032251
v 0.033849 0.020886 0.031151
v 0.033727 0.017979 0.031399
v -0.043376 0.019006 -0.006897
v -0.041711 0.023197 -0.006416
v -0.041566 0.022842 -0.009825
v 0.029241 0.031380 -0.022152
v 0.030546 0.031781 -0.022897
v 0.029241 0.031605 -0.023671
v -0.043081 0.017614 -0.013905
v -0.043144 0.018527 -0.010682
v -0.041060 0.023718 -0.011285
v 0.009864 0.031925 -0.044267
v 0.008285 0.030592 -0.044871
v 0.009130 0.033332 -0.043686
v -0.041639 0.019908 -0.016392
v -0.043081 0.017614 -0.013905
v -0.041060 0.023718 -0.011285
v 0.009864 0.031925 -0.044267
v 0.009130 0.033332 -0.043686
v 0.010951 0.034226 -0.042972
v -0.043144 0.018527 -0.010682
v -0.041566 0.022842 -0.009825
v -0.041060 0.023718 -0.011285
v -0.003186 0.008580 -0.031526
v -0.006138 0.008683 -0.032042
v -0.004782 0.008226 -0.027217
v 0.000650 0.008403 -0.030065
v -0.001608 0.008674 -0.032199
v -0.003186 0.008580 -0.031526
v -0.041566 0.022842 -0.009825
v -0.043144 0.018527 -0.010682
v -0.043376 0.019006 -0.006897
v -0.004782 0.008226 -0.027217
v 0.000650 0.008403 -0.030065
v -0.003186 0.008580 -0.031526
v -0.044421 0.017030 -0.005237
v -0.043376 0.019006 -0.006897
v -0.044101 0.017273 -0.007562
v -0.009121 0.008906 -0.032832
v -0.011711 0.008785 -0.031958
v -0.008831 0.008588 -0.031176
v -0.008831 0.008588 -0.031176
v -0.004782 0.008226 -0.027217
v -0.006138 0.008683 -0.032042
v -0.004782 0.008226 -0.027217
v -0.008831 0.008588 -0.031176
v -0.010503 0.008158 -0.024388
v -0.043144 0.018527 -0.010682
v -0.044101 0.017273 -0.007562
v -0.043376 0.019006 -0.006897
v -0.045556 0.014973 -0.007367
v -0.044421 0.017030 -0.005237
v -0.044101 0.017273 -0.007562
v -0.041639 0.019908 -0.016392
v -0.042334 0.017907 -0.017189
v -0.043081 0.017614 -0.013905
v 0.002241 0.007936 -0.020464
v 0.004637 0.008432 -0.030248
v 0.000650 0.008403 -0.030065
v 0.010951 0.034226 -0.042972
v 0.011022 0.031943 -0.044160
v 0.009864 0.031925 -0.044267
v -0.043081 0.017614 -0.013905
v -0.044120 0.016199 -0.012542
v -0.043962 0.016845 -0.010745
v -0.004782 0.008226 -0.027217
v -0.010503 0.008158 -0.024388
v 0.002241 0.007936 -0.020464
v 0.008194 0.033916 -0.043412
v 0.008285 0.030592 -0.044871
v 0.007288 0.033412 -0.043757
v 0.007265 0.034415 -0.043117
v 0.008194 0.033916 -0.043412
v 0.007288 0.033412 -0.043757
v 0.000650 0.008403 -0.030065
v -0.004782 0.008226 -0.027217
v 0.002241 0.007936 -0.020464
v -0.043962 0.016845 -0.010745
v -0.043144 0.018527 -0.010682
v -0.043081 0.017614 -0.013905
v 0.002241 0.007936 -0.020464
v 0.002325 0.007712 -0.012858
v 0.014724 0.008041 -0.017918
v -0.043081 0.017614 -0.013905
v -0.042334 0.017907 -0.017189
v -0.043736 0.015853 -0.016363
v -0.043962 0.016845 -0.010745
v -0.044379 0.016469 -0.009036
v -0.043144 0.018527 -0.010682
v 0.005283 0.004434 -0.038689
v 0.007368 0.004434 -0.024614
v -0.005245 0.004434 -0.038689
v -0.007368 0.004434 -0.024614
v -0.005245 0.004434 -0.038689
v 0.007368 0.004434 -0.024614
v -0.007368 0.004434 -0.024614
v 0.007368 0.004434 -0.024614
v -0.023876 0.006533 -0.024535
v 0.023913 0.006533 -0.024535
v -0.023876 0.006533 -0.024535
v 0.007368 0.004434 -0.024614
v -0.043144 0.018527 -0.010682
v -0.044379 0.016469 -0.009036
v -0.044101 0.017273 -0.007562
v 0.008194 0.033916 -0.043412
v 0.010016 0.034738 -0.042600
v 0.009130 0.033332 -0.043686
v 0.008377 0.006058 -0.010057
v -0.008692 0.006064 -0.010219
v 0.023913 0.006533 -0.024535
v -0.007368 0.000000 -0.024778
v -0.007368 0.004434 -0.024614
v -0.023876 0.000000 -0.024778
v -0.023876 0.006533 -0.024535
v -0.023876 0.000000 -0.024778
v -0.007368 0.004434 -0.024614
v -0.029266 0.014526 0.001621
v -0.028777 0.018566 -0.003214
v -0.028790 0.021998 -0.000673
v 0.007265 0.034415 -0.043117
v 0.008169 0.035070 -0.042409
v 0.008194 0.033916 -0.043412
v -0.020299 0.013911 -0.031712
v -0.018165 0.012540 -0.030755
v -0.017483 0.013826 -0.031794
v -0.028777 0.018566 -0.003214
v -0.028536 0.024460 -0.002970
v -0.028790 0.021998 -0.000673
v -0.028536 0.024460 -0.002970
v -0.028716 0.026847 -0.000499
v -0.028790 0.021998 -0.000673
v 0.008194 0.033916 -0.043412
v 0.008169 0.035070 -0.042409
v 0.009087 0.035165 -0.042206
v -0.015324 0.012534 -0.030853
v -0.015487 0.014528 -0.032325
v -0.017483 0.013826 -0.031794
v -0.028715 0.028154 -0.003934
v -0.028536 0.024460 -0.002970
v -0.028431 0.027512 -0.005133
v -0.028453 0.024140 -0.005314
v -0.028431 0.027512 -0.005133
v -0.028536 0.024460 -0.002970
v -0.028536 0.024460 -0.002970
v -0.028777 0.018566 -0.003214
v -0.028453 0.024140 -0.005314
v 0.034838 0.017608 0.036700
v 0.034528 0.019847 0.034294
v 0.033727 0.017979 0.031399
v -0.028716 0.026847 -0.000499
v -0.028920 0.023927 0.001829
v -0.028790 0.021998 -0.000673
v -0.028716 0.026847 -0.000499
v -0.029160 0.025202 0.004308
v -0.028920 0.023927 0.001829
v 0.029241 0.031380 -0.022152
v 0.029241 0.031605 -0.023671
v 0.028665 0.031522 -0.026418
v 0.033057 0.019871 0.027645
v 0.032734 0.011260 0.027332
v 0.033727 0.017979 0.031399
v 0.034338 0.020616 0.033128
v 0.034205 0.021114 0.032251
v 0.033727 0.017979 0.031399
v 0.034112 0.021572 0.031354
v 0.033265 0.022315 0.027721
v 0.033366 0.021183 0.028922
v 0.033849 0.020886 0.031151
v 0.034112 0.021572 0.031354
v 0.033366 0.021183 0.028922
v 0.028665 0.031522 -0.026418
v 0.029217 0.031141 -0.020548
v 0.029241 0.031380 -0.022152
v 0.033849 0.020886 0.031151
v 0.034205 0.021114 0.032251
v 0.034112 0.021572 0.031354
v 0.034468 0.021624 0.031592
v 0.034112 0.021572 0.031354
v 0.034205 0.021114 0.032251
v 0.034205 0.021114 0.032251
v 0.034681 0.020880 0.033504
v 0.034468 0.021624 0.031592
v 0.034681 0.020880 0.033504
v 0.034205 0.021114 0.032251
v 0.034338 0.020616 0.033128
v -0.029702 0.017709 0.006822
v -0.029266 0.014526 0.001621
v -0.028790 0.021998 -0.000673
v 0.033231 0.010956 0.030584
v 0.033727 0.017979 0.031399
v 0.032734 0.011260 0.027332
v -0.028715 0.028154 -0.003934
v -0.028716 0.026847 -0.000499
v -0.028536 0.024460 -0.002970
v 0.033231 0.010956 0.030584
v 0.033772 0.012212 0.033261
v 0.033727 0.017979 0.031399
v 0.030507 0.031353 -0.019865
v 0.029217 0.031141 -0.020548
v 0.029177 0.030891 -0.018862
v -0.028777 0.018566 -0.003214
v -0.028509 0.022329 -0.012037
v -0.028453 0.024140 -0.005314
v 0.030533 0.031574 -0.021420
v 0.029241 0.031380 -0.022152
v 0.029217 0.031141 -0.020548
v -0.028453 0.024140 -0.005314
v -0.028509 0.022329 -0.012037
v -0.028370 0.027831 -0.007363
v -0.028370 0.027831 -0.007363
v -0.028431 0.027512 -0.005133
v -0.028453 0.024140 -0.005314
v 0.030533 0.031574 -0.021420
v 0.030546 0.031781 -0.022897
v 0.029241 0.031380 -0.022152
v 0.037628 0.020450 0.032778
v 0.036841 0.021170 0.031552
v 0.035772 0.021179 0.032403
v 0.011892 0.033698 -0.043235
v 0.011022 0.031943 -0.044160
v 0.010951 0.034226 -0.042972
v 0.011892 0.033698 -0.043235
v 0.012379 0.032976 -0.043573
v 0.011022 0.031943 -0.044160
v 0.010934 0.035061 -0.042132
v 0.011873 0.034374 -0.042763
v 0.010951 0.034226 -0.042972
v 0.011873 0.034374 -0.042763
v 0.011892 0.033698 -0.043235
v 0.010951 0.034226 -0.042972
v 0.010951 0.034226 -0.042972
v 0.010016 0.034738 -0.042600
v 0.010934 0.035061 -0.042132
v 0.035772 0.021179 0.032403
v 0.034468 0.021624 0.031592
v 0.034681 0.020880 0.033504
v 0.010951 0.034226 -0.042972
v 0.009130 0.033332 -0.043686
v 0.010016 0.034738 -0.042600
v -0.040246 0.025817 0.000264
v -0.040691 0.025329 -0.000741
v -0.041335 0.024310 0.001146
v 0.008194 0.033916 -0.043412
v 0.009087 0.035165 -0.042206
v 0.010016 0.034738 -0.042600
v 0.035523 0.021648 0.031048
v 0.035772 0.021179 0.032403
v 0.036841 0.021170 0.031552
v 0.034468 0.021624 0.031592
v 0.035772 0.021179 0.032403
v 0.035523 0.021648 0.031048
v 0.032683 0.003472 0.047359
v 0.032450 0.004838 0.046749
v 0.031905 0.003929 0.047506
v 0.008285 0.030592 -0.044871
v 0.012605 0.026986 -0.045512
v 0.005922 0.026030 -0.046375
v 0.036841 0.021170 0.031552
v 0.037135 0.021649 0.029756
v 0.035523 0.021648 0.031048
v 0.008285 0.030592 -0.044871
v 0.009864 0.031925 -0.044267
v 0.012605 0.026986 -0.045512
v 0.036841 0.021170 0.031552
v 0.037832 0.020925 0.031303
v 0.037135 0.021649 0.029756
v 0.030339 0.004594 0.047767
v 0.029652 0.003905 0.048317
v 0.031905 0.003929 0.047506
v 0.031033 0.004821 0.047337
v 0.030339 0.004594 0.047767
v 0.031905 0.003929 0.047506
v 0.039291 0.017502 0.036228
v 0.039143 0.016775 0.037201
v 0.041460 0.014505 0.035390
v 0.011022 0.031943 -0.044160
v 0.013988 0.030459 -0.044352
v 0.012605 0.026986 -0.045512
v 0.033931 0.004400 0.046352
v 0.032450 0.004838 0.046749
v 0.032683 0.003472 0.047359
v 0.030986 0.000000 0.049203
v 0.032908 0.000000 0.048514
v 0.032683 0.003472 0.047359
v 0.041019 0.016533 0.034361
v 0.039291 0.017502 0.036228
v 0.041460 0.014505 0.035390
v 0.009864 0.031925 -0.044267
v 0.011022 0.031943 -0.044160
v 0.012605 0.026986 -0.045512
v 0.031905 0.003929 0.047506
v 0.030986 0.000000 0.049203
v 0.032683 0.003472 0.047359
v 0.040284 0.018196 0.033744
v 0.041507 0.016169 0.033643
v 0.040629 0.018457 0.032669
v 0.012605 0.026986 -0.045512
v 0.013988 0.030459 -0.044352
v 0.014854 0.029348 -0.044576
v 0.040284 0.018196 0.033744
v 0.041019 0.016533 0.034361
v 0.041507 0.016169 0.033643
v 0.039291 0.017502 0.036228
v 0.037747 0.017949 0.037502
v 0.039143 0.016775 0.037201
v 0.039291 0.017502 0.036228
v 0.038670 0.018679 0.035359
v 0.037747 0.017949 0.037502
v 0.027537 0.004212 0.048770
v 0.029652 0.003905 0.048317
v 0.027906 0.004772 0.048345
v 0.040284 0.018196 0.033744
v 0.039291 0.017502 0.036228
v 0.041019 0.016533 0.034361
v 0.040284 0.018196 0.033744
v 0.039283 0.018825 0.034336
v 0.039291 0.017502 0.036228
v 0.038670 0.018679 0.035359
v 0.039291 0.017502 0.036228
v 0.039283 0.018825 0.034336
v 0.039283 0.018825 0.034336
v 0.040284 0.018196 0.033744
v 0.039049 0.019743 0.032849
v 0.025159 0.004599 0.049045
v 0.024199 0.003809 0.049623
v 0.025249 0.003383 0.049565
v 0.022281 0.034477 -0.038876
v 0.021287 0.034408 -0.040252
v 0.020449 0.034703 -0.039327
v 0.040284 0.018196 0.033744
v 0.040629 0.018457 0.032669
v 0.039049 0.019743 0.032849
v 0.027537 0.004212 0.048770
v 0.027002 0.004970 0.048415
v 0.025249 0.003383 0.049565
v 0.027002 0.004970 0.048415
v 0.026041 0.005152 0.048399
v 0.025249 0.003383 0.049565
v 0.025249 0.003383 0.049565
v 0.026041 0.005152 0.048399
v 0.025159 0.004599 0.049045
v 0.031905 0.003929 0.047506
v 0.029652 0.003905 0.048317
v 0.030986 0.000000 0.049203
v 0.027537 0.004212 0.048770
v 0.026878 0.000000 0.050226
v 0.029652 0.003905 0.048317
v 0.039049 0.019743 0.032849
v 0.037475 0.020214 0.033583
v 0.038059 0.019365 0.034828
v 0.025249 0.003383 0.049565
v 0.026878 0.000000 0.050226
v 0.027537 0.004212 0.048770
v 0.029652 0.003905 0.048317
v 0.026878 0.000000 0.050226
v 0.030986 0.000000 0.049203
v 0.038670 0.018679 0.035359
v 0.039283 0.018825 0.034336
v 0.038059 0.019365 0.034828
v 0.025249 0.003383 0.049565
v 0.023132 0.003342 0.049953
v 0.026878 0.000000 0.050226
v 0.025058 0.006939 0.040701
v 0.024012 0.006911 0.040698
v 0.028942 0.007346 0.040743
v 0.021155 0.006839 0.040690
v 0.018007 0.006755 0.040681
v 0.028942 0.007346 0.040743
v 0.005629 0.006711 0.040676
v 0.028942 0.007346 0.040743
v 0.018007 0.006755 0.040681
v 0.037628 0.020450 0.032778
v 0.037475 0.020214 0.033583
v 0.039049 0.019743 0.032849
v 0.016427 0.006642 0.041812
v 0.020519 0.006752 0.041824
v 0.028942 0.007237 0.041874
v 0.020519 0.006752 0.041824
v 0.023365 0.006824 0.041831
v 0.028942 0.007237 0.041874
v 0.030472 0.031119 -0.018234
v 0.030507 0.031353 -0.019865
v 0.029177 0.030891 -0.018862
v 0.030507 0.031353 -0.019865
v 0.030533 0.031574 -0.021420
v 0.029217 0.031141 -0.020548
v 0.037628 0.020450 0.032778
v 0.035772 0.021179 0.032403
v 0.037475 0.020214 0.033583
v 0.018007 0.006755 0.040681
v 0.021155 0.006839 0.040690
v 0.023274 0.007129 0.036909
v 0.016285 0.006632 0.041914
v 0.020082 0.006692 0.042605
v 0.016427 0.006642 0.041812
v 0.032586 0.031792 -0.023051
v 0.031929 0.031871 -0.023458
v 0.030533 0.031574 -0.021420
v 0.038059 0.019365 0.034828
v 0.039283 0.018825 0.034336
v 0.039049 0.019743 0.032849
v 0.032896 0.031584 -0.021525
v 0.030533 0.031574 -0.021420
v 0.030507 0.031353 -0.019865
v 0.030546 0.031781 -0.022897
v 0.030533 0.031574 -0.021420
v 0.031929 0.031871 -0.023458
v 0.028942 0.007237 0.041874
v 0.005629 0.006603 0.041808
v 0.016427 0.006642 0.041812
v 0.034528 0.019847 0.034294
v 0.034681 0.020880 0.033504
v 0.034338 0.020616 0.033128
v 0.016427 0.006642 0.041812
v 0.016266 0.006636 0.041812
v 0.016285 0.006632 0.041914
v 0.034916 0.020168 0.034948
v 0.034528 0.019847 0.034294
v 0.035117 0.019450 0.036193
v 0.014758 0.006968 0.033486
v 0.016060 0.006682 0.040674
v 0.018007 0.006755 0.040681
v 0.022281 0.034477 -0.038876
v 0.022190 0.034275 -0.040082
v 0.021287 0.034408 -0.040252
v 0.034681 0.020880 0.033504
v 0.034528 0.019847 0.034294
v 0.034916 0.020168 0.034948
v 0.023365 0.006824 0.041831
v 0.024233 0.006846 0.041834
v 0.028942 0.007237 0.041874
v 0.030533 0.031574 -0.021420
v 0.032896 0.031584 -0.021525
v 0.032586 0.031792 -0.023051
v 0.033198 0.031190 -0.018505
v 0.032896 0.031584 -0.021525
v 0.030507 0.031353 -0.019865
v 0.033217 0.031691 -0.022658
v 0.032586 0.031792 -0.023051
v 0.032896 0.031584 -0.021525
v 0.028942 0.007346 0.040743
v 0.024012 0.006911 0.040698
v 0.022596 0.006875 0.040694
v 0.036056 0.019786 0.035840
v 0.038059 0.019365 0.034828
v 0.037475 0.020214 0.033583
v 0.021155 0.006839 0.040690
v 0.028942 0.007346 0.040743
v 0.022596 0.006875 0.040694
v 0.024260 0.006846 0.041834
v 0.028942 0.007237 0.041874
v 0.024233 0.006846 0.041834
v 0.021155 0.006839 0.040690
v 0.022596 0.006875 0.040694
v 0.023274 0.007129 0.036909
v 0.024012 0.006911 0.040698
v 0.023274 0.007129 0.036909
v 0.022596 0.006875 0.040694
v 0.020519 0.006752 0.041824
v 0.020082 0.006692 0.042605
v 0.023365 0.006824 0.041831
v 0.024233 0.006846 0.041834
v 0.023365 0.006824 0.041831
v 0.024239 0.006844 0.041864
v 0.020082 0.006692 0.042605
v 0.024239 0.006844 0.041864
v 0.023365 0.006824 0.041831
v 0.026277 0.007081 0.038970
v 0.023274 0.007129 0.036909
v 0.025058 0.006939 0.040701
v 0.024012 0.006911 0.040698
v 0.025058 0.006939 0.040701
v 0.023274 0.007129 0.036909
v 0.029177 0.030891 -0.018862
v 0.028665 0.031522 -0.026418
v 0.028566 0.029595 -0.013521
v 0.024260 0.006846 0.041834
v 0.024233 0.006846 0.041834
v 0.024239 0.006844 0.041864
v 0.029177 0.030891 -0.018862
v 0.029217 0.031141 -0.020548
v 0.028665 0.031522 -0.026418
v 0.024239 0.006844 0.041864
v 0.026443 0.006691 0.043433
v 0.024260 0.006846 0.041834
v 0.021572 0.006336 0.045408
v 0.020572 0.006356 0.045412
v 0.028953 0.006753 0.045483
v 0.028566 0.029595 -0.013521
v 0.028665 0.031522 -0.026418
v 0.028538 0.029664 -0.020153
v 0.035188 0.020760 0.033931
v 0.037475 0.020214 0.033583
v 0.035772 0.021179 0.032403
v 0.035772 0.021179 0.032403
v 0.034681 0.020880 0.033504
v 0.035188 0.020760 0.033931
v 0.035365 0.020297 0.034989
v 0.036056 0.019786 0.035840
v 0.037475 0.020214 0.033583
v -0.005033 0.035464 -0.039224
v -0.005501 0.035224 -0.038608
v -0.004593 0.034908 -0.038029
v 0.037475 0.020214 0.033583
v 0.035188 0.020760 0.033931
v 0.035365 0.020297 0.034989
v -0.002748 0.035669 -0.039851
v -0.003669 0.035244 -0.038638
v -0.002762 0.034922 -0.038055
v 0.033198 0.031190 -0.018505
v 0.030507 0.031353 -0.019865
v 0.030472 0.031119 -0.018234
v -0.003669 0.035244 -0.038638
v -0.002748 0.035669 -0.039851
v -0.003661 0.035550 -0.039444
v -0.017716 0.010668 -0.028158
v -0.015140 0.011025 -0.028836
v -0.015235 0.011726 -0.029904
v -0.005033 0.035464 -0.039224
v -0.004593 0.034908 -0.038029
v -0.003669 0.035244 -0.038638
v -0.003669 0.035244 -0.038638
v -0.003661 0.035550 -0.039444
v -0.005033 0.035464 -0.039224
v -0.015235 0.011726 -0.029904
v -0.018165 0.012540 -0.030755
v -0.017716 0.010668 -0.028158
v -0.003661 0.035550 -0.039444
v -0.004569 0.035650 -0.039834
v -0.005033 0.035464 -0.039224
v -0.003650 0.035754 -0.041207
v -0.004569 0.035650 -0.039834
v -0.003661 0.035550 -0.039444
v 0.029076 0.030352 -0.015255
v 0.030434 0.030870 -0.016530
v 0.029128 0.030628 -0.017098
v -0.005501 0.035224 -0.038608
v -0.005033 0.035464 -0.039224
v -0.006166 0.035666 -0.040056
v 0.029076 0.030352 -0.015255
v 0.030752 0.030617 -0.014624
v 0.030434 0.030870 -0.016530
v -0.003661 0.035550 -0.039444
v -0.002748 0.035669 -0.039851
v -0.003650 0.035754 -0.041207
v -0.015579 0.012446 -0.036252
v -0.015592 0.012683 -0.036293
v -0.015324 0.012534 -0.030853
v 0.031831 0.030867 -0.015952
v 0.031152 0.030999 -0.017074
v 0.030434 0.030870 -0.016530
v 0.031152 0.030999 -0.017074
v 0.030472 0.031119 -0.018234
v 0.030434 0.030870 -0.016530
v -0.004593 0.034908 -0.038029
v -0.003680 0.034560 -0.037686
v -0.003669 0.035244 -0.038638
v -0.015136 0.008912 -0.031505
v -0.015235 0.011726 -0.029904
v -0.015120 0.008889 -0.031212
v -0.015120 0.008889 -0.031212
v -0.015235 0.011726 -0.029904
v -0.015110 0.008870 -0.031029
v 0.030472 0.031119 -0.018234
v 0.029177 0.030891 -0.018862
v 0.029128 0.030628 -0.017098
v -0.004593 0.034908 -0.038029
v -0.005501 0.035224 -0.038608
v -0.005517 0.034544 -0.037651
v 0.030472 0.031119 -0.018234
v 0.029128 0.030628 -0.017098
v 0.030434 0.030870 -0.016530
v -0.015235 0.011726 -0.029904
v -0.015140 0.011025 -0.028836
v -0.015110 0.008870 -0.031029
v -0.003680 0.034560 -0.037686
v -0.002762 0.034922 -0.038055
v -0.003669 0.035244 -0.038638
v -0.015152 0.008938 -0.031838
v -0.015324 0.012534 -0.030853
v -0.015136 0.008912 -0.031505
v -0.015235 0.011726 -0.029904
v -0.015136 0.008912 -0.031505
v -0.015324 0.012534 -0.030853
v 0.029128 0.030628 -0.017098
v 0.029177 0.030891 -0.018862
v 0.028566 0.029595 -0.013521
v -0.001850 0.034568 -0.037707
v -0.000937 0.034569 -0.037711
v -0.000935 0.034927 -0.038067
v 0.028566 0.029595 -0.013521
v 0.029076 0.030352 -0.015255
v 0.029128 0.030628 -0.017098
v -0.001845 0.035254 -0.038655
v -0.002762 0.034922 -0.038055
v -0.001850 0.034568 -0.037707
v -0.017483 0.013826 -0.031794
v -0.018165 0.012540 -0.030755
v -0.015324 0.012534 -0.030853
v -0.015324 0.012534 -0.030853
v -0.018165 0.012540 -0.030755
v -0.015235 0.011726 -0.029904
v -0.015110 0.008870 -0.031029
v -0.015140 0.011025 -0.028836
v -0.015048 0.008760 -0.029950
v 0.030752 0.030617 -0.014624
v 0.031831 0.030867 -0.015952
v 0.030434 0.030870 -0.016530
v 0.031831 0.030867 -0.015952
v 0.033198 0.031190 -0.018505
v 0.031152 0.030999 -0.017074
v 0.033423 0.030902 -0.016489
v 0.033198 0.031190 -0.018505
v 0.031831 0.030867 -0.015952
v -0.015048 0.008760 -0.029950
v -0.010503 0.008158 -0.024388
v -0.015110 0.008870 -0.031029
v -0.014691 0.008295 -0.023992
v -0.014919 0.008547 -0.027858
v -0.014983 0.010116 -0.026961
v -0.015048 0.008760 -0.029950
v -0.015140 0.011025 -0.028836
v -0.014983 0.010116 -0.026961
v 0.031831 0.030867 -0.015952
v 0.030752 0.030617 -0.014624
v 0.032502 0.030597 -0.014000
v 0.033198 0.031190 -0.018505
v 0.030472 0.031119 -0.018234
v 0.031152 0.030999 -0.017074
v -0.017716 0.010668 -0.028158
v -0.018485 0.009599 -0.025654
v -0.016810 0.009923 -0.026512
v -0.016810 0.009923 -0.026512
v -0.015140 0.011025 -0.028836
v -0.017716 0.010668 -0.028158
v -0.016810 0.009923 -0.026512
v -0.014983 0.010116 -0.026961
v -0.015140 0.011025 -0.028836
v -0.006166 0.035666 -0.040056
v -0.005033 0.035464 -0.039224
v -0.004569 0.035650 -0.039834
v -0.005929 0.035735 -0.040892
v -0.006166 0.035666 -0.040056
v -0.004569 0.035650 -0.039834
v -0.025667 0.014398 -0.031669
v -0.026676 0.012792 -0.030640
v -0.024369 0.013140 -0.030995
v 0.028576 0.030140 -0.023413
v 0.028516 0.027296 -0.025917
v 0.028534 0.027972 -0.021190
v -0.027448 0.013609 -0.031150
v -0.025667 0.014398 -0.031669
v -0.026435 0.015535 -0.032073
v 0.028380 0.028870 -0.014636
v 0.028538 0.029664 -0.020153
v 0.028438 0.027493 -0.017660
v -0.027448 0.013609 -0.031150
v -0.026676 0.012792 -0.030640
v -0.025667 0.014398 -0.031669
v 0.028380 0.028870 -0.014636
v 0.028438 0.027493 -0.017660
v 0.028313 0.027598 -0.013760
v 0.028438 0.027493 -0.017660
v 0.028538 0.029664 -0.020153
v 0.028534 0.027972 -0.021190
v 0.028576 0.030140 -0.023413
v 0.028534 0.027972 -0.021190
v 0.028538 0.029664 -0.020153
v 0.028665 0.031522 -0.026418
v 0.028576 0.030140 -0.023413
v 0.028538 0.029664 -0.020153
v 0.028538 0.029664 -0.020153
v 0.028380 0.028870 -0.014636
v 0.028566 0.029595 -0.013521
v -0.006166 0.035666 -0.040056
v -0.007343 0.035191 -0.038564
v -0.006433 0.034886 -0.037989
v -0.009174 0.035433 -0.039323
v -0.009206 0.035059 -0.038296
v -0.008286 0.034852 -0.037931
v 0.036851 0.024534 -0.030338
v 0.037420 0.021483 -0.031225
v 0.036879 0.021949 -0.032337
v 0.016427 0.006642 0.041812
v 0.020082 0.006692 0.042605
v 0.020519 0.006752 0.041824
v 0.019683 0.006316 0.045404
v 0.017347 0.006305 0.045402
v 0.020572 0.006356 0.045412
v 0.036851 0.024534 -0.030338
v 0.036215 0.023398 -0.032868
v 0.035577 0.025395 -0.033081
v 0.036851 0.024534 -0.030338
v 0.035577 0.025395 -0.033081
v 0.036020 0.026335 -0.031423
v 0.036879 0.021949 -0.032337
v 0.036215 0.023398 -0.032868
v 0.036851 0.024534 -0.030338
v -0.017716 0.010668 -0.028158
v -0.020415 0.011446 -0.029408
v -0.021878 0.010110 -0.026965
v 0.036440 0.028760 -0.028130
v 0.037972 0.023617 -0.027156
v 0.036851 0.024534 -0.030338
v 0.036440 0.028760 -0.028130
v 0.037110 0.028573 -0.025418
v 0.037972 0.023617 -0.027156
v 0.016762 0.006338 0.045134
v 0.017347 0.006305 0.045402
v 0.020082 0.006692 0.042605
v 0.020082 0.006692 0.042605
v 0.016285 0.006632 0.041914
v 0.016762 0.006338 0.045134
v -0.021514 0.012425 -0.030522
v -0.021965 0.011245 -0.029077
v -0.020415 0.011446 -0.029408
v 0.011694 0.006182 0.045380
v 0.014266 0.006248 0.045392
v 0.016285 0.006632 0.041914
v 0.022281 0.034477 -0.038876
v 0.023060 0.034070 -0.040083
v 0.022190 0.034275 -0.040082
v 0.028953 0.006753 0.045483
v 0.020572 0.006356 0.045412
v 0.017347 0.006305 0.045402
v -0.021514 0.012425 -0.030522
v -0.023554 0.011765 -0.029747
v -0.021965 0.011245 -0.029077
v 0.021588 0.006529 0.044430
v 0.020082 0.006692 0.042605
v 0.020572 0.006356 0.045412
v 0.019683 0.006316 0.045404
v 0.020572 0.006356 0.045412
v 0.020082 0.006692 0.042605
v -0.018165 0.012540 -0.030755
v -0.020415 0.011446 -0.029408
v -0.017716 0.010668 -0.028158
v 0.023981 0.034164 -0.039080
v 0.023060 0.034070 -0.040083
v 0.022281 0.034477 -0.038876
v 0.022281 0.034477 -0.038876
v 0.024021 0.034225 -0.038423
v 0.023981 0.034164 -0.039080
v -0.022605 0.014150 -0.031726
v -0.023584 0.012608 -0.030621
v -0.021514 0.012425 -0.030522
v 0.020572 0.006356 0.045412
v 0.021572 0.006336 0.045408
v 0.021588 0.006529 0.044430
v 0.021939 0.006313 0.045404
v 0.021842 0.006319 0.045405
v 0.022406 0.006336 0.045408
v 0.024021 0.034225 -0.038423
v 0.024806 0.033978 -0.039043
v 0.023981 0.034164 -0.039080
v 0.021572 0.006336 0.045408
v 0.028953 0.006753 0.045483
v 0.021842 0.006319 0.045405
v 0.023882 0.033611 -0.040413
v 0.023060 0.034070 -0.040083
v 0.023981 0.034164 -0.039080
v 0.021572 0.006336 0.045408
v 0.021842 0.006319 0.045405
v 0.021588 0.006529 0.044430
v -0.020508 0.012897 -0.030986
v -0.022605 0.014150 -0.031726
v -0.021514 0.012425 -0.030522
v -0.020415 0.011446 -0.029408
v -0.018165 0.012540 -0.030755
v -0.020508 0.012897 -0.030986
v 0.021588 0.006529 0.044430
v 0.021939 0.006313 0.045404
v 0.022406 0.006336 0.045408
v 0.024806 0.033978 -0.039043
v 0.024727 0.033511 -0.040097
v 0.023981 0.034164 -0.039080
v -0.020508 0.012897 -0.030986
v -0.021514 0.012425 -0.030522
v -0.020415 0.011446 -0.029408
v -0.020299 0.013911 -0.031712
v -0.020508 0.012897 -0.030986
v -0.018165 0.012540 -0.030755
v -0.022605 0.014150 -0.031726
v -0.020508 0.012897 -0.030986
v -0.020299 0.013911 -0.031712
v 0.026538 0.006300 0.045402
v 0.024244 0.006381 0.045416
v 0.028953 0.006753 0.045483
v 0.024244 0.006381 0.045416
v 0.024006 0.006375 0.045415
v 0.028953 0.006753 0.045483
v 0.026443 0.006691 0.043433
v 0.024244 0.006381 0.045416
v 0.026538 0.006300 0.045402
v 0.023538 0.006380 0.045416
v 0.022406 0.006336 0.045408
v 0.028953 0.006753 0.045483
v 0.023538 0.006380 0.045416
v 0.021588 0.006529 0.044430
v 0.022406 0.006336 0.045408
v 0.023538 0.006380 0.045416
v 0.028953 0.006753 0.045483
v 0.024006 0.006375 0.045415
v 0.021588 0.006529 0.044430
v 0.023538 0.006380 0.045416
v 0.024239 0.006844 0.041864
v 0.023538 0.006380 0.045416
v 0.024006 0.006375 0.045415
v 0.024239 0.006844 0.041864
v 0.024239 0.006844 0.041864
v 0.020082 0.006692 0.042605
v 0.021588 0.006529 0.044430
v 0.024244 0.006381 0.045416
v 0.024239 0.006844 0.041864
v 0.024006 0.006375 0.045415
v 0.026443 0.006691 0.043433
v 0.024239 0.006844 0.041864
v 0.024244 0.006381 0.045416
v -0.025117 0.012041 -0.030008
v -0.024369 0.013140 -0.030995
v -0.026676 0.012792 -0.030640
v -0.023554 0.011765 -0.029747
v -0.021514 0.012425 -0.030522
v -0.023584 0.012608 -0.030621
v -0.025117 0.012041 -0.030008
v -0.023554 0.011765 -0.029747
v -0.023584 0.012608 -0.030621
v -0.008286 0.034852 -0.037931
v -0.008239 0.035567 -0.039757
v -0.009174 0.035433 -0.039323
v -0.024369 0.013140 -0.030995
v -0.025117 0.012041 -0.030008
v -0.023584 0.012608 -0.030621
v 0.020692 0.033939 -0.036477
v 0.021600 0.033858 -0.036248
v 0.020618 0.034404 -0.037296
v -0.007309 0.035667 -0.040181
v -0.008239 0.035567 -0.039757
v -0.007343 0.035191 -0.038564
v -0.023554 0.011765 -0.029747
v -0.023503 0.010724 -0.028209
v -0.021965 0.011245 -0.029077
v -0.008683 0.035651 -0.040683
v -0.010093 0.035500 -0.039694
v -0.009174 0.035433 -0.039323
v -0.023503 0.010724 -0.028209
v -0.023554 0.011765 -0.029747
v -0.025620 0.011354 -0.029165
v -0.009174 0.035433 -0.039323
v -0.008239 0.035567 -0.039757
v -0.008683 0.035651 -0.040683
v -0.007309 0.035667 -0.040181
v -0.007343 0.035191 -0.038564
v -0.006166 0.035666 -0.040056
v -0.025117 0.012041 -0.030008
v -0.025620 0.011354 -0.029165
v -0.023554 0.011765 -0.029747
v -0.010093 0.035500 -0.039694
v -0.008683 0.035651 -0.040683
v -0.009137 0.035604 -0.041102
v -0.008286 0.034852 -0.037931
v -0.007343 0.035191 -0.038564
v -0.008239 0.035567 -0.039757
v 0.022419 0.034215 -0.036843
v 0.022478 0.033771 -0.035973
v 0.023274 0.034112 -0.036554
v -0.025620 0.011354 -0.029165
v -0.025117 0.012041 -0.030008
v -0.027443 0.011847 -0.029723
v 0.021600 0.033858 -0.036248
v 0.022478 0.033771 -0.035973
v 0.022419 0.034215 -0.036843
v 0.024021 0.034225 -0.038423
v 0.022419 0.034215 -0.036843
v 0.023274 0.034112 -0.036554
v 0.017347 0.006305 0.045402
v 0.019683 0.006316 0.045404
v 0.020082 0.006692 0.042605
v 0.016855 0.006281 0.045398
v 0.016422 0.006289 0.045399
v 0.017347 0.006305 0.045402
v 0.016422 0.006289 0.045399
v 0.005632 0.006410 0.045421
v 0.017347 0.006305 0.045402
v 0.022478 0.033771 -0.035973
v 0.021629 0.033279 -0.035958
v 0.023340 0.033106 -0.035332
v -0.024006 0.010355 -0.027472
v -0.023503 0.010724 -0.028209
v -0.025620 0.011354 -0.029165
v 0.016422 0.006289 0.045399
v 0.016855 0.006281 0.045398
v 0.016762 0.006338 0.045134
v 0.016762 0.006338 0.045134
v 0.016855 0.006281 0.045398
v 0.017347 0.006305 0.045402
v -0.025620 0.011354 -0.029165
v -0.024517 0.010009 -0.026721
v -0.024006 0.010355 -0.027472
v 0.021600 0.033858 -0.036248
v 0.021629 0.033279 -0.035958
v 0.022478 0.033771 -0.035973
v 0.028953 0.006753 0.045483
v 0.022406 0.006336 0.045408
v 0.021842 0.006319 0.045405
v 0.021939 0.006313 0.045404
v 0.021588 0.006529 0.044430
v 0.021842 0.006319 0.045405
v 0.020618 0.034404 -0.037296
v 0.019760 0.034013 -0.036667
v 0.020692 0.033939 -0.036477
v 0.020618 0.034404 -0.037296
v 0.019645 0.034610 -0.037900
v 0.019760 0.034013 -0.036667
v 0.020618 0.034404 -0.037296
v 0.021479 0.034464 -0.037764
v 0.020553 0.034581 -0.038061
v 0.020618 0.034404 -0.037296
v 0.020553 0.034581 -0.038061
v 0.019645 0.034610 -0.037900
v 0.020618 0.034404 -0.037296
v 0.021600 0.033858 -0.036248
v 0.021479 0.034464 -0.037764
v -0.023503 0.010724 -0.028209
v -0.024006 0.010355 -0.027472
v -0.021878 0.010110 -0.026965
v 0.021479 0.034464 -0.037764
v 0.021600 0.033858 -0.036248
v 0.022419 0.034215 -0.036843
v -0.005501 0.035224 -0.038608
v -0.006166 0.035666 -0.040056
v -0.006433 0.034886 -0.037989
v -0.021878 0.010110 -0.026965
v -0.020415 0.011446 -0.029408
v -0.021965 0.011245 -0.029077
v -0.021965 0.011245 -0.029077
v -0.023503 0.010724 -0.028209
v -0.021878 0.010110 -0.026965
v -0.007343 0.035191 -0.038564
v -0.007366 0.034519 -0.037600
v -0.006433 0.034886 -0.037989
v -0.005929 0.035735 -0.040892
v -0.007298 0.035674 -0.041153
v -0.006166 0.035666 -0.040056
v -0.021878 0.010110 -0.026965
v -0.018485 0.009599 -0.025654
v -0.017716 0.010668 -0.028158
v -0.006166 0.035666 -0.040056
v -0.007298 0.035674 -0.041153
v -0.007309 0.035667 -0.040181
v 0.025864 0.005738 0.047497
v 0.023724 0.006024 0.046983
v 0.025034 0.005330 0.048378
v -0.021878 0.010110 -0.026965
v -0.020332 0.008442 -0.021986
v -0.018485 0.009599 -0.025654
v -0.020294 0.008438 -0.021979
v -0.018485 0.009599 -0.025654
v -0.020332 0.008442 -0.021986
v 0.022281 0.034477 -0.038876
v 0.020553 0.034581 -0.038061
v 0.021479 0.034464 -0.037764
v -0.005517 0.034544 -0.037651
v -0.005501 0.035224 -0.038608
v -0.006433 0.034886 -0.037989
v 0.022281 0.034477 -0.038876
v 0.021479 0.034464 -0.037764
v 0.022419 0.034215 -0.036843
v -0.021878 0.010110 -0.026965
v -0.024006 0.010355 -0.027472
v -0.024517 0.010009 -0.026721
v 0.022419 0.034215 -0.036843
v 0.024021 0.034225 -0.038423
v 0.022281 0.034477 -0.038876
v -0.009231 0.034484 -0.037530
v -0.008296 0.034503 -0.037568
v -0.008286 0.034852 -0.037931
v 0.023724 0.006024 0.046983
v 0.022746 0.005815 0.047646
v 0.024062 0.005098 0.048813
v 0.024872 0.034098 -0.037679
v 0.024021 0.034225 -0.038423
v 0.023274 0.034112 -0.036554
v 0.024098 0.034001 -0.036222
v 0.024872 0.034098 -0.037679
v 0.023274 0.034112 -0.036554
v -0.023642 0.009034 -0.023966
v -0.020508 0.008459 -0.022051
v -0.021878 0.010110 -0.026965
v 0.024888 0.033886 -0.035846
v 0.024872 0.034098 -0.037679
v 0.024098 0.034001 -0.036222
v -0.024927 0.008809 -0.023177
v -0.022912 0.008654 -0.022680
v -0.023642 0.009034 -0.023966
v -0.008286 0.034852 -0.037931
v -0.008296 0.034503 -0.037568
v -0.007366 0.034519 -0.037600
v 0.020692 0.033939 -0.036477
v 0.020722 0.033355 -0.036195
v 0.021600 0.033858 -0.036248
v 0.021579 0.006113 0.046523
v 0.028953 0.006564 0.046605
v 0.021554 0.006115 0.046524
v 0.021600 0.033858 -0.036248
v 0.020722 0.033355 -0.036195
v 0.021629 0.033279 -0.035958
v -0.007366 0.034519 -0.037600
v -0.007343 0.035191 -0.038564
v -0.008286 0.034852 -0.037931
v 0.023340 0.006115 0.046524
v 0.023815 0.006134 0.046527
v 0.028953 0.006564 0.046605
v 0.022338 0.006066 0.046515
v 0.023340 0.006115 0.046524
v 0.021579 0.006113 0.046523
v -0.025620 0.011354 -0.029165
v -0.025844 0.010091 -0.026894
v -0.024517 0.010009 -0.026721
v 0.034681 0.020880 0.033504
v 0.034916 0.020168 0.034948
v 0.035188 0.020760 0.033931
v -0.010156 0.034805 -0.037856
v -0.009239 0.033852 -0.037259
v -0.009231 0.034484 -0.037530
v 0.028953 0.006564 0.046605
v 0.021579 0.006113 0.046523
v 0.023340 0.006115 0.046524
v 0.035188 0.020760 0.033931
v 0.034916 0.020168 0.034948
v 0.035365 0.020297 0.034989
v 0.021540 0.005946 0.047377
v 0.022746 0.005815 0.047646
v 0.022338 0.006066 0.046515
v 0.021540 0.005946 0.047377
v 0.022338 0.006066 0.046515
v 0.021579 0.006113 0.046523
v 0.021540 0.005946 0.047377
v 0.021579 0.006113 0.046523
v 0.021554 0.006115 0.046524
v 0.021629 0.033279 -0.035958
v 0.020722 0.033355 -0.036195
v 0.021671 0.031002 -0.035816
v -0.009206 0.035059 -0.038296
v -0.009231 0.034484 -0.037530
v -0.008286 0.034852 -0.037931
v 0.022338 0.006066 0.046515
v 0.022746 0.005815 0.047646
v 0.023340 0.006115 0.046524
v -0.008296 0.034503 -0.037568
v -0.007374 0.033883 -0.037330
v -0.007366 0.034519 -0.037600
v 0.023724 0.006024 0.046983
v 0.023340 0.006115 0.046524
v 0.022746 0.005815 0.047646
v 0.024869 0.006060 0.046514
v 0.028953 0.006564 0.046605
v 0.023815 0.006134 0.046527
v 0.035652 0.019368 0.036768
v 0.035365 0.020297 0.034989
v 0.035117 0.019450 0.036193
v -0.025844 0.010091 -0.026894
v -0.023642 0.009034 -0.023966
v -0.024517 0.010009 -0.026721
v 0.025864 0.005738 0.047497
v 0.024869 0.006060 0.046514
v 0.023724 0.006024 0.046983
v 0.023724 0.006024 0.046983
v 0.024869 0.006060 0.046514
v 0.023815 0.006134 0.046527
v 0.023724 0.006024 0.046983
v 0.023815 0.006134 0.046527
v 0.023340 0.006115 0.046524
v 0.017884 0.032526 -0.036546
v 0.019811 0.032416 -0.036263
v 0.018836 0.033487 -0.036545
v -0.024927 0.008809 -0.023177
v -0.023642 0.009034 -0.023966
v -0.025316 0.008838 -0.023263
v 0.024062 0.005098 0.048813
v 0.025034 0.005330 0.048378
v 0.023724 0.006024 0.046983
v -0.024517 0.010009 -0.026721
v -0.023642 0.009034 -0.023966
v -0.021878 0.010110 -0.026965
v 0.034916 0.020168 0.034948
v 0.035117 0.019450 0.036193
v 0.035365 0.020297 0.034989
v 0.034838 0.017608 0.036700
v 0.034851 0.013871 0.038454
v 0.035436 0.016599 0.039196
v 0.021935 0.004411 0.049743
v 0.023027 0.004865 0.049244
v 0.021777 0.005317 0.048758
v 0.034338 0.020616 0.033128
v 0.033727 0.017979 0.031399
v 0.034528 0.019847 0.034294
v 0.015884 0.034247 -0.037134
v 0.015417 0.033660 -0.036897
v 0.016888 0.033593 -0.036774
v -0.010057 0.035396 -0.041630
v -0.010527 0.035545 -0.040955
v -0.009137 0.035604 -0.041102
v 0.024062 0.005098 0.048813
v 0.025159 0.004599 0.049045
v 0.025034 0.005330 0.048378
v -0.009137 0.035604 -0.041102
v -0.009133 0.035268 -0.042027
v -0.010057 0.035396 -0.041630
v 0.015884 0.034247 -0.037134
v 0.016888 0.033593 -0.036774
v 0.017839 0.034142 -0.036945
v 0.017839 0.034142 -0.036945
v 0.017884 0.032526 -0.036546
v 0.018836 0.033487 -0.036545
v 0.022746 0.005815 0.047646
v 0.023027 0.004865 0.049244
v 0.024062 0.005098 0.048813
v 0.035436 0.016599 0.039196
v 0.035376 0.017848 0.038215
v 0.034838 0.017608 0.036700
v 0.035117 0.019450 0.036193
v 0.034528 0.019847 0.034294
v 0.034838 0.017608 0.036700
v 0.035376 0.017848 0.038215
v 0.035117 0.019450 0.036193
v 0.034838 0.017608 0.036700
v 0.033727 0.017979 0.031399
v 0.033772 0.012212 0.033261
v 0.034838 0.017608 0.036700
v 0.024062 0.005098 0.048813
v 0.024199 0.003809 0.049623
v 0.025159 0.004599 0.049045
v 0.034314 0.012058 0.036344
v 0.034838 0.017608 0.036700
v 0.033772 0.012212 0.033261
v 0.036969 0.017973 0.038254
v 0.036821 0.018852 0.037069
v 0.035899 0.018028 0.038654
v 0.021935 0.004411 0.049743
v 0.021777 0.005317 0.048758
v 0.020693 0.004794 0.049631
v 0.036821 0.018852 0.037069
v 0.035652 0.019368 0.036768
v 0.035899 0.018028 0.038654
v 0.021777 0.005317 0.048758
v 0.020621 0.005191 0.049171
v 0.020693 0.004794 0.049631
v 0.021777 0.005317 0.048758
v 0.022746 0.005815 0.047646
v 0.021540 0.005946 0.047377
v 0.037747 0.017949 0.037502
v 0.036821 0.018852 0.037069
v 0.036969 0.017973 0.038254
v 0.037747 0.017949 0.037502
v 0.038670 0.018679 0.035359
v 0.036821 0.018852 0.037069
v 0.036716 0.019306 0.036332
v 0.036056 0.019786 0.035840
v 0.035652 0.019368 0.036768
v 0.016888 0.033593 -0.036774
v 0.017884 0.032526 -0.036546
v 0.017839 0.034142 -0.036945
v 0.036056 0.019786 0.035840
v 0.035365 0.020297 0.034989
v 0.035652 0.019368 0.036768
v -0.039346 0.026766 -0.000646
v -0.040104 0.026154 -0.002577
v -0.040691 0.025329 -0.000741
v 0.036821 0.018852 0.037069
v 0.036716 0.019306 0.036332
v 0.035652 0.019368 0.036768
v 0.015884 0.034247 -0.037134
v 0.016764 0.034847 -0.038251
v 0.015824 0.034770 -0.037913
v 0.038670 0.018679 0.035359
v 0.038059 0.019365 0.034828
v 0.036716 0.019306 0.036332
v 0.038059 0.019365 0.034828
v 0.036056 0.019786 0.035840
v 0.036716 0.019306 0.036332
v 0.036716 0.019306 0.036332
v 0.036821 0.018852 0.037069
v 0.038670 0.018679 0.035359
v 0.017769 0.034641 -0.037730
v 0.015884 0.034247 -0.037134
v 0.017839 0.034142 -0.036945
v 0.015884 0.034247 -0.037134
v 0.017769 0.034641 -0.037730
v 0.016764 0.034847 -0.038251
v -0.010063 0.034738 -0.042600
v -0.010983 0.035061 -0.042132
v -0.010057 0.035396 -0.041630
v 0.019760 0.034013 -0.036667
v 0.018836 0.033487 -0.036545
v 0.019811 0.032416 -0.036263
v 0.017839 0.034142 -0.036945
v 0.018836 0.033487 -0.036545
v 0.019760 0.034013 -0.036667
v 0.035117 0.019450 0.036193
v 0.035376 0.017848 0.038215
v 0.035652 0.019368 0.036768
v 0.019811 0.032416 -0.036263
v 0.020722 0.033355 -0.036195
v 0.019760 0.034013 -0.036667
v -0.040246 0.025817 0.000264
v -0.041335 0.024310 0.001146
v -0.039996 0.026010 0.001250
v 0.029454 0.023385 0.006788
v 0.029179 0.022618 0.004281
v 0.029727 0.015342 0.006836
v 0.017839 0.034142 -0.036945
v 0.018769 0.034384 -0.037197
v 0.017769 0.034641 -0.037730
v 0.017839 0.034142 -0.036945
v 0.019760 0.034013 -0.036667
v 0.018769 0.034384 -0.037197
v 0.030174 0.023301 0.011803
v 0.029781 0.024545 0.009252
v 0.030210 0.016584 0.010838
v 0.030210 0.016584 0.010838
v 0.029781 0.024545 0.009252
v 0.029454 0.023385 0.006788
v 0.031309 0.013015 0.018040
v 0.030174 0.023301 0.011803
v 0.030210 0.016584 0.010838
v -0.039484 0.018047 0.035317
v -0.039676 0.016775 0.036543
v -0.038482 0.018370 0.036169
v -0.039818 0.015618 0.037298
v -0.039676 0.016775 0.036543
v -0.040621 0.016600 0.035178
v -0.039484 0.018047 0.035317
v -0.039992 0.017733 0.034985
v -0.039676 0.016775 0.036543
v -0.040388 0.025435 0.003195
v -0.039996 0.026010 0.001250
v -0.041335 0.024310 0.001146
v -0.039992 0.017733 0.034985
v -0.040621 0.016600 0.035178
v -0.039676 0.016775 0.036543
v -0.009133 0.035268 -0.042027
v -0.010063 0.034738 -0.042600
v -0.010057 0.035396 -0.041630
v 0.030110 0.012181 0.009438
v 0.030210 0.016584 0.010838
v 0.029727 0.015342 0.006836
v -0.038638 0.017292 0.037370
v -0.038811 0.015436 0.038653
v -0.037114 0.016939 0.039274
v 0.029727 0.015342 0.006836
v 0.030210 0.016584 0.010838
v 0.029454 0.023385 0.006788
v -0.039676 0.016775 0.036543
v -0.039818 0.015618 0.037298
v -0.038638 0.017292 0.037370
v -0.038638 0.017292 0.037370
v -0.039818 0.015618 0.037298
v -0.038811 0.015436 0.038653
v -0.013786 0.035140 -0.041438
v -0.013806 0.035341 -0.040689
v -0.012876 0.035433 -0.040357
v -0.038638 0.017292 0.037370
v -0.038482 0.018370 0.036169
v -0.039676 0.016775 0.036543
v -0.042255 0.012647 0.035993
v -0.043530 0.011233 0.035268
v -0.042487 0.010903 0.037285
v -0.042255 0.012647 0.035993
v -0.043085 0.012942 0.033839
v -0.043530 0.011233 0.035268
v 0.029263 0.010015 0.001695
v 0.029510 0.012555 0.004210
v 0.029049 0.013257 -0.000909
v -0.041271 0.024345 -0.004533
v -0.039257 0.027149 -0.004348
v -0.039101 0.027413 -0.006091
v -0.041271 0.024345 -0.004533
v -0.040104 0.026154 -0.002577
v -0.039257 0.027149 -0.004348
v -0.041271 0.024345 -0.004533
v -0.039101 0.027413 -0.006091
v -0.040190 0.026044 -0.007841
v -0.012876 0.035433 -0.040357
v -0.011914 0.035284 -0.041546
v -0.012844 0.035033 -0.041856
v -0.012876 0.035433 -0.040357
v -0.012844 0.035033 -0.041856
v -0.013786 0.035140 -0.041438
v 0.029727 0.015342 0.006836
v 0.029510 0.012555 0.004210
v 0.029814 0.011743 0.006890
v -0.041711 0.023197 -0.006416
v -0.041271 0.024345 -0.004533
v -0.040190 0.026044 -0.007841
v 0.029667 0.010558 0.005613
v 0.029814 0.011743 0.006890
v 0.029510 0.012555 0.004210
v -0.010983 0.035061 -0.042132
v -0.011914 0.035284 -0.041546
v -0.010527 0.035545 -0.040955
v -0.042026 0.022945 -0.002805
v -0.040104 0.026154 -0.002577
v -0.041271 0.024345 -0.004533
v -0.041409 0.014864 0.035243
v -0.043085 0.012942 0.033839
v -0.042255 0.012647 0.035993
v -0.010983 0.035061 -0.042132
v -0.010527 0.035545 -0.040955
v -0.010057 0.035396 -0.041630
v 0.021540 0.005946 0.047377
v 0.020621 0.005191 0.049171
v 0.021777 0.005317 0.048758
v 0.023027 0.004865 0.049244
v 0.022746 0.005815 0.047646
v 0.021777 0.005317 0.048758
v -0.043452 0.014863 0.029315
v -0.044906 0.012197 0.029957
v -0.042984 0.014606 0.031473
v 0.019526 0.006146 0.046529
v 0.019790 0.006151 0.046530
v 0.019441 0.006148 0.046530
v -0.041955 0.010474 0.038244
v -0.042487 0.010903 0.037285
v -0.043806 0.009330 0.036167
v -0.042487 0.010903 0.037285
v -0.043530 0.011233 0.035268
v -0.043806 0.009330 0.036167
v -0.044508 0.010163 0.034320
v -0.043806 0.009330 0.036167
v -0.043530 0.011233 0.035268
v 0.019273 0.005517 0.048685
v 0.020621 0.005191 0.049171
v 0.021540 0.005946 0.047377
v 0.029480 0.009710 0.004382
v 0.028968 0.008773 0.002186
v 0.028868 0.008613 0.002290
v 0.021554 0.006115 0.046524
v 0.028953 0.006564 0.046605
v 0.019790 0.006151 0.046530
v 0.028953 0.006564 0.046605
v 0.019441 0.006148 0.046530
v 0.019790 0.006151 0.046530
v 0.017914 0.005639 0.048396
v 0.019273 0.005517 0.048685
v 0.019441 0.006148 0.046530
v 0.019526 0.006146 0.046529
v 0.019441 0.006148 0.046530
v 0.019273 0.005517 0.048685
v 0.029480 0.009710 0.004382
v 0.028868 0.008613 0.002290
v 0.028727 0.008452 0.002396
v 0.029667 0.010558 0.005613
v 0.029510 0.012555 0.004210
v 0.029480 0.009710 0.004382
v 0.029510 0.012555 0.004210
v 0.029263 0.010015 0.001695
v 0.029480 0.009710 0.004382
v 0.029480 0.009710 0.004382
v 0.029263 0.010015 0.001695
v 0.029187 0.009372 0.001837
v -0.031160 0.008324 0.022418
v -0.031293 0.008477 0.022338
v -0.032083 0.009239 0.025071
v -0.032083 0.009239 0.025071
v -0.032006 0.008972 0.025186
v -0.031160 0.008324 0.022418
v 0.019790 0.006151 0.046530
v 0.019526 0.006146 0.046529
v 0.019273 0.005517 0.048685
v 0.021540 0.005946 0.047377
v 0.019790 0.006151 0.046530
v 0.019273 0.005517 0.048685
v 0.028968 0.008773 0.002186
v 0.029480 0.009710 0.004382
v 0.029187 0.009372 0.001837
v 0.037110 0.028573 -0.025418
v 0.038698 0.024681 -0.023045
v 0.037972 0.023617 -0.027156
v 0.018078 0.005104 0.049537
v 0.018139 0.004713 0.049997
v 0.019445 0.004646 0.049853
v 0.037972 0.023617 -0.027156
v 0.037420 0.021483 -0.031225
v 0.036851 0.024534 -0.030338
v 0.019503 0.003914 0.050311
v 0.020693 0.004794 0.049631
v 0.019445 0.004646 0.049853
v -0.025316 0.008838 -0.023263
v -0.023642 0.009034 -0.023966
v -0.026247 0.008931 -0.023545
v -0.026247 0.008931 -0.023545
v -0.023642 0.009034 -0.023966
v -0.027127 0.009140 -0.024215
v 0.037420 0.021483 -0.031225
v 0.037972 0.023617 -0.027156
v 0.039116 0.019419 -0.027531
v -0.026247 0.008931 -0.023545
v -0.027127 0.009140 -0.024215
v -0.027686 0.009200 -0.023713
v 0.038435 0.018447 -0.031772
v 0.037420 0.021483 -0.031225
v 0.038399 0.019180 -0.030710
v 0.018769 0.034384 -0.037197
v 0.019645 0.034610 -0.037900
v 0.017769 0.034641 -0.037730
v 0.019645 0.034610 -0.037900
v 0.018769 0.034384 -0.037197
v 0.019760 0.034013 -0.036667
v -0.014983 0.010116 -0.026961
v -0.016810 0.009923 -0.026512
v -0.014594 0.008424 -0.022025
v 0.018139 0.004713 0.049997
v 0.016704 0.005144 0.049487
v 0.016824 0.004265 0.050468
v 0.020692 0.033939 -0.036477
v 0.019760 0.034013 -0.036667
v 0.020722 0.033355 -0.036195
v 0.018139 0.004713 0.049997
v 0.018078 0.005104 0.049537
v 0.016704 0.005144 0.049487
v 0.020621 0.005191 0.049171
v 0.019445 0.004646 0.049853
v 0.020693 0.004794 0.049631
v 0.016704 0.005144 0.049487
v 0.018078 0.005104 0.049537
v 0.017914 0.005639 0.048396
v 0.017914 0.005639 0.048396
v 0.018078 0.005104 0.049537
v 0.019273 0.005517 0.048685
v -0.014594 0.008424 -0.022025
v -0.016810 0.009923 -0.026512
v -0.018485 0.009599 -0.025654
v 0.018078 0.005104 0.049537
v 0.019445 0.004646 0.049853
v 0.019273 0.005517 0.048685
v 0.016704 0.005144 0.049487
v 0.017914 0.005639 0.048396
v 0.014287 0.005981 0.047071
v 0.019273 0.005517 0.048685
v 0.019445 0.004646 0.049853
v 0.020621 0.005191 0.049171
v 0.028953 0.006564 0.046605
v 0.005632 0.006221 0.046543
v 0.019441 0.006148 0.046530
v 0.019441 0.006148 0.046530
v 0.017248 0.006043 0.046510
v 0.017914 0.005639 0.048396
v 0.021540 0.005946 0.047377
v 0.021554 0.006115 0.046524
v 0.019790 0.006151 0.046530
v 0.023132 0.003342 0.049953
v 0.020149 0.003278 0.050420
v 0.017574 0.000000 0.051611
v 0.019811 0.032416 -0.036263
v 0.017884 0.032526 -0.036546
v 0.018874 0.030488 -0.036404
v 0.021671 0.031002 -0.035816
v 0.019811 0.032416 -0.036263
v 0.018874 0.030488 -0.036404
v 0.019811 0.032416 -0.036263
v 0.021671 0.031002 -0.035816
v 0.020722 0.033355 -0.036195
v 0.023132 0.003342 0.049953
v 0.017574 0.000000 0.051611
v 0.026878 0.000000 0.050226
v 0.020693 0.004794 0.049631
v 0.019503 0.003914 0.050311
v 0.020149 0.003278 0.050420
v 0.018874 0.030488 -0.036404
v 0.017884 0.032526 -0.036546
v 0.016423 0.030596 -0.036663
v 0.019445 0.004646 0.049853
v 0.018139 0.004713 0.049997
v 0.019503 0.003914 0.050311
v 0.017884 0.032526 -0.036546
v 0.016888 0.033593 -0.036774
v 0.016423 0.030596 -0.036663
v 0.017513 0.003969 0.050526
v 0.018139 0.004713 0.049997
v 0.016824 0.004265 0.050468
v -0.021339 0.008540 -0.022313
v -0.023642 0.009034 -0.023966
v -0.022912 0.008654 -0.022680
v -0.026247 0.008931 -0.023545
v -0.027686 0.009200 -0.023713
v -0.026418 0.008856 -0.022192
v 0.018139 0.004713 0.049997
v 0.017513 0.003969 0.050526
v 0.019503 0.003914 0.050311
v -0.027588 0.008982 -0.021413
v -0.027106 0.008824 -0.020366
v -0.026418 0.008856 -0.022192
v -0.026247 0.008931 -0.023545
v -0.026418 0.008856 -0.022192
v -0.025316 0.008838 -0.023263
v -0.026418 0.008856 -0.022192
v -0.027106 0.008824 -0.020366
v -0.022912 0.008654 -0.022680
v 0.016824 0.004265 0.050468
v 0.017574 0.000000 0.051611
v 0.017513 0.003969 0.050526
v 0.023340 0.033106 -0.035332
v 0.021629 0.033279 -0.035958
v 0.021671 0.031002 -0.035816
v -0.025316 0.008838 -0.023263
v -0.026418 0.008856 -0.022192
v -0.024927 0.008809 -0.023177
v -0.022912 0.008654 -0.022680
v -0.024927 0.008809 -0.023177
v -0.026418 0.008856 -0.022192
v 0.024134 0.033008 -0.034932
v 0.023340 0.033106 -0.035332
v 0.023383 0.030845 -0.035186
v 0.024893 0.031918 -0.034314
v 0.024134 0.033008 -0.034932
v 0.023383 0.030845 -0.035186
v 0.024877 0.033462 -0.034821
v 0.024120 0.033573 -0.035263
v 0.024134 0.033008 -0.034932
v 0.024134 0.033008 -0.034932
v 0.024120 0.033573 -0.035263
v 0.023340 0.033106 -0.035332
v 0.024134 0.033008 -0.034932
v 0.024893 0.031918 -0.034314
v 0.024877 0.033462 -0.034821
v 0.023383 0.030845 -0.035186
v 0.023340 0.033106 -0.035332
v 0.021671 0.031002 -0.035816
v 0.020693 0.004794 0.049631
v 0.020149 0.003278 0.050420
v 0.021935 0.004411 0.049743
v 0.024098 0.034001 -0.036222
v 0.024120 0.033573 -0.035263
v 0.024888 0.033886 -0.035846
v 0.023318 0.033676 -0.035646
v 0.024120 0.033573 -0.035263
v 0.024098 0.034001 -0.036222
v 0.017574 0.000000 0.051611
v 0.020149 0.003278 0.050420
v 0.019503 0.003914 0.050311
v 0.017513 0.003969 0.050526
v 0.017574 0.000000 0.051611
v 0.019503 0.003914 0.050311
v 0.023318 0.033676 -0.035646
v 0.023340 0.033106 -0.035332
v 0.024120 0.033573 -0.035263
v 0.023274 0.034112 -0.036554
v 0.023318 0.033676 -0.035646
v 0.024098 0.034001 -0.036222
v 0.022478 0.033771 -0.035973
v 0.023318 0.033676 -0.035646
v 0.023274 0.034112 -0.036554
v 0.023132 0.003342 0.049953
v 0.021935 0.004411 0.049743
v 0.020149 0.003278 0.050420
v -0.011711 0.008785 -0.031958
v -0.010503 0.008158 -0.024388
v -0.008831 0.008588 -0.031176
v 0.024199 0.003809 0.049623
v 0.023132 0.003342 0.049953
v 0.025249 0.003383 0.049565
v 0.022478 0.033771 -0.035973
v 0.023340 0.033106 -0.035332
v 0.023318 0.033676 -0.035646
v -0.014594 0.008424 -0.022025
v -0.014691 0.008295 -0.023992
v -0.014983 0.010116 -0.026961
v 0.023027 0.004865 0.049244
v 0.024199 0.003809 0.049623
v 0.024062 0.005098 0.048813
v 0.024242 0.026617 -0.034920
v 0.024953 0.028599 -0.034368
v 0.022584 0.028150 -0.035603
v 0.023132 0.003342 0.049953
v 0.024199 0.003809 0.049623
v 0.023027 0.004865 0.049244
v 0.023132 0.003342 0.049953
v 0.023027 0.004865 0.049244
v 0.021935 0.004411 0.049743
v -0.011711 0.008785 -0.031958
v -0.015120 0.008889 -0.031212
v -0.010503 0.008158 -0.024388
v -0.014691 0.008295 -0.023992
v -0.014594 0.008424 -0.022025
v -0.015253 0.008301 -0.023738
v 0.018007 0.006755 0.040681
v 0.016060 0.006682 0.040674
v 0.005629 0.006711 0.040676
v 0.010076 0.006542 0.040659
v 0.005629 0.006711 0.040676
v 0.016060 0.006682 0.040674
v 0.018874 0.030488 -0.036404
v 0.020795 0.027578 -0.036128
v 0.021671 0.031002 -0.035816
v -0.015048 0.008760 -0.029950
v -0.014983 0.010116 -0.026961
v -0.014919 0.008547 -0.027858
v 0.016427 0.006642 0.041812
v 0.005629 0.006603 0.041808
v 0.016266 0.006636 0.041812
v 0.025001 0.025857 -0.034480
v 0.025679 0.026437 -0.033909
v 0.024242 0.026617 -0.034920
v 0.005629 0.006603 0.041808
v 0.028942 0.007237 0.041874
v 0.028942 0.007346 0.040743
v 0.016060 0.006682 0.040674
v 0.014758 0.006968 0.033486
v 0.010076 0.006542 0.040659
v 0.007357 0.006502 0.040109
v 0.010076 0.006542 0.040659
v 0.014758 0.006968 0.033486
v 0.016266 0.006636 0.041812
v 0.015772 0.006625 0.041811
v 0.016285 0.006632 0.041914
v 0.024893 0.031918 -0.034314
v 0.023383 0.030845 -0.035186
v 0.024186 0.030072 -0.034797
v -0.015120 0.008889 -0.031212
v -0.015110 0.008870 -0.031029
v -0.010503 0.008158 -0.024388
v -0.014919 0.008547 -0.027858
v -0.010503 0.008158 -0.024388
v -0.015048 0.008760 -0.029950
v 0.007736 0.006467 0.040651
v 0.005629 0.006711 0.040676
v 0.010076 0.006542 0.040659
v 0.026247 0.029076 -0.033150
v 0.024893 0.031918 -0.034314
v 0.024186 0.030072 -0.034797
v 0.022584 0.028150 -0.035603
v 0.024186 0.030072 -0.034797
v 0.023383 0.030845 -0.035186
v -0.015978 0.008311 -0.023361
v -0.012453 0.008001 -0.018848
v -0.015503 0.008304 -0.023608
v -0.015503 0.008304 -0.023608
v -0.012453 0.008001 -0.018848
v -0.015253 0.008301 -0.023738
v 0.016285 0.006632 0.041914
v 0.015772 0.006625 0.041811
v 0.011694 0.006182 0.045380
v 0.008529 0.006393 0.041786
v 0.011694 0.006182 0.045380
v 0.015772 0.006625 0.041811
v 0.022584 0.028150 -0.035603
v 0.024953 0.028599 -0.034368
v 0.024186 0.030072 -0.034797
v -0.010503 0.008158 -0.024388
v -0.014691 0.008295 -0.023992
v -0.015253 0.008301 -0.023738
v 0.025679 0.026437 -0.033909
v 0.024953 0.028599 -0.034368
v 0.024242 0.026617 -0.034920
v -0.010503 0.008158 -0.024388
v -0.014919 0.008547 -0.027858
v -0.014691 0.008295 -0.023992
v 0.022584 0.028150 -0.035603
v 0.023383 0.030845 -0.035186
v 0.021671 0.031002 -0.035816
v -0.012693 0.006064 -0.010219
v -0.012694 0.005891 -0.004943
v -0.023876 0.006533 -0.024535
v -0.023876 0.004880 0.025851
v -0.023876 0.000000 0.025670
v -0.023876 0.006533 -0.024535
v 0.007519 0.006462 0.040650
v 0.005629 0.006711 0.040676
v 0.007736 0.006467 0.040651
v -0.015503 0.008304 -0.023608
v -0.015253 0.008301 -0.023738
v -0.014594 0.008424 -0.022025
v 0.008529 0.006393 0.041786
v 0.015772 0.006625 0.041811
v 0.005629 0.006603 0.041808
v 0.015772 0.006625 0.041811
v 0.016266 0.006636 0.041812
v 0.005629 0.006603 0.041808
v 0.022584 0.028150 -0.035603
v 0.021671 0.031002 -0.035816
v 0.020795 0.027578 -0.036128
v -0.015503 0.008304 -0.023608
v -0.014594 0.008424 -0.022025
v -0.015978 0.008311 -0.023361
v 0.007736 0.006467 0.040651
v 0.010076 0.006542 0.040659
v 0.007357 0.006502 0.040109
v 0.011039 0.006161 0.045376
v 0.011694 0.006182 0.045380
v 0.008529 0.006393 0.041786
v 0.007174 0.006455 0.040650
v 0.007519 0.006462 0.040650
v 0.007357 0.006502 0.040109
v 0.007519 0.006462 0.040650
v 0.007736 0.006467 0.040651
v 0.007357 0.006502 0.040109
v 0.029315 0.009007 0.004698
v 0.029480 0.009710 0.004382
v 0.028727 0.008452 0.002396
v 0.028953 0.006753 0.045483
v 0.017347 0.006305 0.045402
v 0.005632 0.006410 0.045421
v 0.014266 0.006248 0.045392
v 0.005632 0.006410 0.045421
v 0.016422 0.006289 0.045399
v 0.011694 0.006182 0.045380
v 0.005632 0.006410 0.045421
v 0.014266 0.006248 0.045392
v 0.016762 0.006338 0.045134
v 0.014266 0.006248 0.045392
v 0.016422 0.006289 0.045399
v -0.014594 0.008424 -0.022025
v -0.017762 0.008353 -0.022832
v -0.015978 0.008311 -0.023361
v 0.008934 0.006112 0.045368
v 0.005632 0.006410 0.045421
v 0.011039 0.006161 0.045376
v 0.016762 0.006338 0.045134
v 0.016285 0.006632 0.041914
v 0.014266 0.006248 0.045392
v -0.021878 0.010110 -0.026965
v -0.020508 0.008459 -0.022051
v -0.020332 0.008442 -0.021986
v 0.016423 0.030596 -0.036663
v 0.016888 0.033593 -0.036774
v 0.015417 0.033660 -0.036897
v -0.020294 0.008438 -0.021979
v -0.020145 0.008424 -0.021937
v -0.018485 0.009599 -0.025654
v 0.011039 0.006161 0.045376
v 0.008529 0.006393 0.041786
v 0.008934 0.006112 0.045368
v -0.023642 0.009034 -0.023966
v -0.021339 0.008540 -0.022313
v -0.020508 0.008459 -0.022051
v 0.015417 0.033660 -0.036897
v 0.013968 0.031381 -0.036833
v 0.016423 0.030596 -0.036663
v 0.007860 0.006378 0.041785
v 0.008934 0.006112 0.045368
v 0.008529 0.006393 0.041786
v 0.014993 0.006083 0.046518
v 0.019441 0.006148 0.046530
v 0.005632 0.006221 0.046543
v 0.017248 0.006043 0.046510
v 0.019441 0.006148 0.046530
v 0.014993 0.006083 0.046518
v 0.028953 0.006564 0.046605
v 0.028953 0.006753 0.045483
v 0.005632 0.006221 0.046543
v 0.014880 0.034621 -0.037579
v 0.014422 0.034315 -0.037240
v 0.015417 0.033660 -0.036897
v 0.014993 0.006083 0.046518
v 0.013051 0.006046 0.046511
v 0.014287 0.005981 0.047071
v 0.013954 0.033718 -0.037000
v 0.014422 0.034315 -0.037240
v 0.013913 0.034666 -0.037645
v 0.013954 0.033718 -0.037000
v 0.015417 0.033660 -0.036897
v 0.014422 0.034315 -0.037240
v -0.041335 0.024310 0.001146
v -0.040691 0.025329 -0.000741
v -0.042026 0.022945 -0.002805
v -0.042747 0.021631 0.001025
v -0.041335 0.024310 0.001146
v -0.042026 0.022945 -0.002805
v -0.010503 0.008158 -0.024388
v -0.015253 0.008301 -0.023738
v -0.012453 0.008001 -0.018848
v -0.017762 0.008353 -0.022832
v -0.012453 0.008001 -0.018848
v -0.015978 0.008311 -0.023361
v -0.042026 0.022945 -0.002805
v -0.041271 0.024345 -0.004533
v -0.041711 0.023197 -0.006416
v 0.002241 0.007936 -0.020464
v -0.010503 0.008158 -0.024388
v -0.012453 0.008001 -0.018848
v -0.030575 0.008221 0.019457
v -0.031395 0.008636 0.022262
v -0.031293 0.008477 0.022338
v -0.041335 0.024310 0.001146
v -0.042747 0.021631 0.001025
v -0.041850 0.023419 0.003098
v -0.031293 0.008477 0.022338
v -0.030259 0.008034 0.019585
v -0.030575 0.008221 0.019457
v -0.027106 0.008824 -0.020366
v -0.021339 0.008540 -0.022313
v -0.022912 0.008654 -0.022680
v -0.019913 0.008415 -0.022048
v -0.017762 0.008353 -0.022832
v -0.014594 0.008424 -0.022025
v -0.019913 0.008415 -0.022048
v -0.014594 0.008424 -0.022025
v -0.020145 0.008424 -0.021937
v -0.031160 0.008324 0.022418
v -0.032006 0.008972 0.025186
v -0.031902 0.008706 0.025299
v -0.014594 0.008424 -0.022025
v -0.018485 0.009599 -0.025654
v -0.020145 0.008424 -0.021937
v -0.042026 0.022945 -0.002805
v -0.040691 0.025329 -0.000741
v -0.040104 0.026154 -0.002577
v -0.020145 0.008424 -0.021937
v -0.020294 0.008438 -0.021979
v -0.025336 0.008488 -0.017547
v -0.025336 0.008488 -0.017547
v -0.019913 0.008415 -0.022048
v -0.020145 0.008424 -0.021937
v -0.020294 0.008438 -0.021979
v -0.020332 0.008442 -0.021986
v -0.025336 0.008488 -0.017547
v -0.020332 0.008442 -0.021986
v -0.020508 0.008459 -0.022051
v -0.025336 0.008488 -0.017547
v -0.020508 0.008459 -0.022051
v -0.021339 0.008540 -0.022313
v -0.025336 0.008488 -0.017547
v -0.027106 0.008824 -0.020366
v -0.025336 0.008488 -0.017547
v -0.021339 0.008540 -0.022313
v -0.041850 0.023419 0.003098
v -0.042747 0.021631 0.001025
v -0.043174 0.020703 0.002524
v -0.025336 0.008488 -0.017547
v -0.012453 0.008001 -0.018848
v -0.019913 0.008415 -0.022048
v -0.017762 0.008353 -0.022832
v -0.019913 0.008415 -0.022048
v -0.012453 0.008001 -0.018848
v -0.031304 0.008058 0.025623
v -0.031040 0.007927 0.025719
v -0.030496 0.007927 0.022692
v -0.012453 0.008001 -0.018848
v -0.025336 0.008488 -0.017547
v -0.023419 0.008081 -0.010840
v -0.044238 0.018182 0.003007
v -0.043174 0.020703 0.002524
v -0.044549 0.017042 -0.003268
v -0.042026 0.022945 -0.002805
v -0.041711 0.023197 -0.006416
v -0.043376 0.019006 -0.006897
v -0.042026 0.022945 -0.002805
v -0.043376 0.019006 -0.006897
v -0.044421 0.017030 -0.005237
v -0.030496 0.007927 0.022692
v -0.030321 0.007720 0.025951
v -0.028783 0.007614 0.023181
v -0.008682 0.007601 -0.004943
v 0.000042 0.007400 -0.000061
v -0.008681 0.007708 -0.010219
v -0.010038 0.007802 -0.014079
v -0.008681 0.007708 -0.010219
v 0.000042 0.007400 -0.000061
v -0.044549 0.017042 -0.003268
v -0.043174 0.020703 0.002524
v -0.042747 0.021631 0.001025
v -0.027777 0.007573 0.021816
v -0.030496 0.007927 0.022692
v -0.028783 0.007614 0.023181
v -0.044549 0.017042 -0.003268
v -0.042747 0.021631 0.001025
v -0.042026 0.022945 -0.002805
v 0.038435 0.018447 -0.031772
v 0.037153 0.019200 -0.034202
v 0.037420 0.021483 -0.031225
v -0.044421 0.017030 -0.005237
v -0.044549 0.017042 -0.003268
v -0.042026 0.022945 -0.002805
v 0.037420 0.021483 -0.031225
v 0.039116 0.019419 -0.027531
v 0.038399 0.019180 -0.030710
v -0.045627 0.015397 0.002977
v -0.044635 0.017227 0.007332
v -0.044238 0.018182 0.003007
v -0.044238 0.018182 0.003007
v -0.046137 0.014614 0.000239
v -0.045627 0.015397 0.002977
v -0.044238 0.018182 0.003007
v -0.044549 0.017042 -0.003268
v -0.045552 0.015362 -0.002361
v 0.036879 0.021949 -0.032337
v 0.037420 0.021483 -0.031225
v 0.037153 0.019200 -0.034202
v 0.002241 0.007936 -0.020464
v -0.010038 0.007802 -0.014079
v 0.002325 0.007712 -0.012858
v -0.044238 0.018182 0.003007
v -0.045552 0.015362 -0.002361
v -0.046137 0.014614 0.000239
v 0.038399 0.019180 -0.030710
v 0.039143 0.017398 -0.031287
v 0.038435 0.018447 -0.031772
v 0.038034 0.017486 -0.034364
v 0.038435 0.018447 -0.031772
v 0.039143 0.017398 -0.031287
v -0.027914 0.013534 -0.031082
v -0.028023 0.013304 -0.030895
v -0.027448 0.013609 -0.031150
v 0.000042 0.007400 -0.000061
v 0.006473 0.007220 0.010977
v 0.020500 0.007593 0.005448
v -0.027967 0.018085 -0.031163
v -0.028542 0.018370 -0.029012
v -0.028310 0.016958 -0.030176
v -0.028310 0.016958 -0.030176
v -0.028542 0.018370 -0.029012
v -0.028891 0.014830 -0.026531
v -0.010038 0.007802 -0.014079
v 0.000042 0.007400 -0.000061
v 0.002325 0.007712 -0.012858
v -0.008681 0.007708 -0.010219
v -0.008692 0.006064 -0.010219
v -0.008682 0.007601 -0.004943
v 0.020500 0.007593 0.005448
v 0.008387 0.007630 -0.004781
v 0.000042 0.007400 -0.000061
v 0.002325 0.007712 -0.012858
v 0.000042 0.007400 -0.000061
v 0.008388 0.007672 -0.006752
v -0.027967 0.018085 -0.031163
v -0.028310 0.016958 -0.030176
v -0.027560 0.017163 -0.032081
v 0.008388 0.007761 -0.010057
v 0.002325 0.007712 -0.012858
v 0.008388 0.007722 -0.008962
v 0.002325 0.007712 -0.012858
v 0.008388 0.007672 -0.006752
v 0.008388 0.007722 -0.008962
v 0.037972 0.023617 -0.027156
v 0.038698 0.024681 -0.023045
v 0.039522 0.020068 -0.024966
v 0.040386 0.018534 -0.024000
v 0.039522 0.020068 -0.024966
v 0.040090 0.020789 -0.021761
v 0.023913 0.004880 0.025851
v -0.023876 0.004880 0.025851
v 0.008376 0.005885 -0.004781
v -0.008692 0.006064 -0.010219
v -0.012693 0.006064 -0.010219
v -0.023876 0.006533 -0.024535
v -0.008693 0.005891 -0.004943
v -0.008692 0.006064 -0.010219
v 0.008377 0.006058 -0.010057
v -0.028310 0.016958 -0.030176
v -0.028303 0.014141 -0.030157
v -0.027560 0.017163 -0.032081
v 0.040386 0.018534 -0.024000
v 0.040090 0.020789 -0.021761
v 0.040928 0.017888 -0.023144
v -0.008693 0.005891 -0.004943
v -0.008682 0.007601 -0.004943
v -0.008692 0.006064 -0.010219
v -0.027459 0.015606 -0.032008
v -0.027421 0.016085 -0.032161
v -0.028303 0.014141 -0.030157
v 0.039116 0.019419 -0.027531
v 0.037972 0.023617 -0.027156
v 0.039522 0.020068 -0.024966
v 0.039522 0.020068 -0.024966
v 0.040386 0.018534 -0.024000
v 0.040347 0.018348 -0.024551
v -0.028303 0.014141 -0.030157
v -0.028092 0.012886 -0.030555
v -0.028023 0.013304 -0.030895
v -0.027637 0.014588 -0.031604
v -0.027532 0.015089 -0.031840
v -0.028303 0.014141 -0.030157
v -0.027914 0.013534 -0.031082
v -0.027448 0.013609 -0.031150
v -0.027883 0.013628 -0.031131
v 0.002241 0.007936 -0.020464
v -0.012453 0.008001 -0.018848
v -0.010038 0.007802 -0.014079
v -0.027883 0.013628 -0.031131
v -0.028303 0.014141 -0.030157
v -0.027914 0.013534 -0.031082
v -0.028023 0.013304 -0.030895
v -0.027914 0.013534 -0.031082
v -0.028303 0.014141 -0.030157
v -0.012453 0.008001 -0.018848
v -0.023419 0.008081 -0.010840
v -0.010038 0.007802 -0.014079
v -0.027883 0.013628 -0.031131
v -0.027448 0.013609 -0.031150
v -0.027758 0.014099 -0.031372
v -0.023419 0.008081 -0.010840
v -0.023849 0.007887 -0.004377
v -0.010038 0.007802 -0.014079
v -0.027758 0.014099 -0.031372
v -0.027448 0.013609 -0.031150
v -0.027637 0.014588 -0.031604
v -0.026435 0.015535 -0.032073
v -0.027637 0.014588 -0.031604
v -0.027448 0.013609 -0.031150
v -0.008681 0.007708 -0.010219
v -0.010038 0.007802 -0.014079
v -0.011531 0.007741 -0.010219
v -0.027637 0.014588 -0.031604
v -0.028303 0.014141 -0.030157
v -0.027758 0.014099 -0.031372
v -0.027883 0.013628 -0.031131
v -0.027758 0.014099 -0.031372
v -0.028303 0.014141 -0.030157
v -0.028851 0.017858 -0.026454
v -0.028899 0.018981 -0.022178
v -0.029004 0.014466 -0.021953
v 0.040526 0.017288 -0.026102
v 0.039522 0.020068 -0.024966
v 0.040347 0.018348 -0.024551
v -0.028891 0.014830 -0.026531
v -0.028303 0.014141 -0.030157
v -0.028310 0.016958 -0.030176
v 0.039116 0.019419 -0.027531
v 0.039522 0.020068 -0.024966
v 0.040058 0.017672 -0.027067
v -0.023419 0.008081 -0.010840
v -0.027349 0.008323 -0.009065
v -0.027337 0.008242 -0.006909
v 0.038399 0.019180 -0.030710
v 0.039116 0.019419 -0.027531
v 0.040058 0.017672 -0.027067
v 0.039143 0.017398 -0.031287
v 0.038399 0.019180 -0.030710
v 0.040058 0.017672 -0.027067
v -0.027159 0.008366 -0.011062
v -0.027349 0.008323 -0.009065
v -0.023419 0.008081 -0.010840
v -0.028851 0.017858 -0.026454
v -0.029004 0.014466 -0.021953
v -0.028891 0.014830 -0.026531
v -0.030259 0.008034 0.019585
v -0.031293 0.008477 0.022338
v -0.031160 0.008324 0.022418
v -0.030496 0.007927 0.022692
v -0.028235 0.007634 0.020124
v -0.029979 0.007924 0.019679
v -0.026676 0.012792 -0.030640
v -0.027448 0.013609 -0.031150
v -0.027443 0.011847 -0.029723
v -0.027159 0.008366 -0.011062
v -0.028095 0.008594 -0.009388
v -0.027962 0.008519 -0.009296
v -0.031160 0.008324 0.022418
v -0.030986 0.008180 0.022504
v -0.029979 0.007924 0.019679
v -0.027159 0.008366 -0.011062
v -0.027962 0.008519 -0.009296
v -0.027720 0.008420 -0.009177
v -0.030496 0.007927 0.022692
v -0.029979 0.007924 0.019679
v -0.030986 0.008180 0.022504
v -0.028183 0.012293 -0.030073
v -0.027443 0.011847 -0.029723
v -0.028092 0.012886 -0.030555
v -0.027443 0.011847 -0.029723
v -0.027448 0.013609 -0.031150
v -0.028092 0.012886 -0.030555
v -0.028023 0.013304 -0.030895
v -0.028092 0.012886 -0.030555
v -0.027448 0.013609 -0.031150
v -0.027794 0.008608 -0.013244
v -0.027789 0.008524 -0.011273
v -0.027159 0.008366 -0.011062
v -0.027961 0.011183 -0.028869
v -0.027443 0.011847 -0.029723
v -0.028366 0.011417 -0.029107
v -0.028317 0.011696 -0.029447
v -0.028366 0.011417 -0.029107
v -0.027443 0.011847 -0.029723
v -0.027720 0.008420 -0.009177
v -0.027349 0.008323 -0.009065
v -0.027159 0.008366 -0.011062
v -0.027159 0.008366 -0.011062
v -0.023419 0.008081 -0.010840
v -0.027794 0.008608 -0.013244
v -0.027777 0.007573 0.021816
v -0.028235 0.007634 0.020124
v -0.030496 0.007927 0.022692
v -0.012682 0.007768 -0.010219
v -0.011531 0.007741 -0.010219
v -0.010038 0.007802 -0.014079
v -0.015213 0.035099 -0.041058
v -0.014786 0.035278 -0.039939
v -0.014734 0.035133 -0.041191
v -0.028422 0.011068 -0.028664
v -0.028430 0.011022 -0.028569
v -0.027961 0.011183 -0.028869
v -0.025620 0.011354 -0.029165
v -0.027443 0.011847 -0.029723
v -0.027961 0.011183 -0.028869
v -0.015706 0.035175 -0.040554
v -0.015213 0.035099 -0.041058
v -0.016623 0.034779 -0.041396
v -0.010038 0.007802 -0.014079
v -0.023849 0.007887 -0.004377
v -0.012682 0.007768 -0.010219
v -0.028366 0.011417 -0.029107
v -0.028395 0.011186 -0.028875
v -0.027961 0.011183 -0.028869
v -0.028422 0.011068 -0.028664
v -0.027961 0.011183 -0.028869
v -0.028415 0.011122 -0.028760
v -0.027961 0.011183 -0.028869
v -0.028395 0.011186 -0.028875
v -0.028415 0.011122 -0.028760
v -0.008681 0.007708 -0.010219
v -0.011531 0.007741 -0.010219
v -0.008692 0.006064 -0.010219
v -0.012693 0.006064 -0.010219
v -0.008692 0.006064 -0.010219
v -0.011531 0.007741 -0.010219
v -0.012682 0.007768 -0.010219
v -0.012693 0.006064 -0.010219
v -0.011531 0.007741 -0.010219
v -0.025620 0.011354 -0.029165
v -0.027961 0.011183 -0.028869
v -0.025844 0.010091 -0.026894
v -0.012693 0.006064 -0.010219
v -0.012682 0.007768 -0.010219
v -0.012683 0.007694 -0.007240
v -0.025117 0.012041 -0.030008
v -0.026676 0.012792 -0.030640
v -0.027443 0.011847 -0.029723
v -0.028183 0.012293 -0.030073
v -0.028217 0.012053 -0.029887
v -0.027443 0.011847 -0.029723
v -0.015667 0.034520 -0.041997
v -0.014734 0.035133 -0.041191
v -0.014722 0.034760 -0.041905
v -0.027443 0.011847 -0.029723
v -0.028217 0.012053 -0.029887
v -0.028317 0.011696 -0.029447
v -0.015667 0.034520 -0.041997
v -0.015213 0.035099 -0.041058
v -0.014734 0.035133 -0.041191
v -0.031743 0.008447 0.025415
v -0.031513 0.008205 0.025535
v -0.030496 0.007927 0.022692
v -0.031513 0.008205 0.025535
v -0.031304 0.008058 0.025623
v -0.030496 0.007927 0.022692
v -0.028303 0.014141 -0.030157
v -0.028891 0.014830 -0.026531
v -0.028518 0.012362 -0.028966
v -0.031040 0.007927 0.025719
v -0.030321 0.007720 0.025951
v -0.030496 0.007927 0.022692
v -0.031163 0.007866 0.027278
v -0.030321 0.007720 0.025951
v -0.031040 0.007927 0.025719
v -0.031163 0.007866 0.027278
v -0.031040 0.007927 0.025719
v -0.031304 0.008058 0.025623
v -0.028303 0.014141 -0.030157
v -0.028518 0.012362 -0.028966
v -0.028092 0.012886 -0.030555
v -0.014722 0.034760 -0.041905
v -0.014734 0.035133 -0.041191
v -0.013786 0.035140 -0.041438
v -0.031304 0.008058 0.025623
v -0.032143 0.008317 0.028543
v -0.031163 0.007866 0.027278
v 0.029667 0.010558 0.005613
v 0.029315 0.009007 0.004698
v 0.029785 0.009968 0.007040
v 0.029480 0.009710 0.004382
v 0.029315 0.009007 0.004698
v 0.029667 0.010558 0.005613
v -0.028422 0.011068 -0.028664
v -0.028415 0.011122 -0.028760
v -0.028873 0.012674 -0.026500
v -0.028518 0.012362 -0.028966
v -0.028873 0.012674 -0.026500
v -0.028415 0.011122 -0.028760
v -0.015667 0.034520 -0.041997
v -0.016623 0.034779 -0.041396
v -0.015213 0.035099 -0.041058
v -0.028317 0.011696 -0.029447
v -0.028217 0.012053 -0.029887
v -0.028518 0.012362 -0.028966
v -0.028092 0.012886 -0.030555
v -0.028518 0.012362 -0.028966
v -0.028183 0.012293 -0.030073
v -0.028183 0.012293 -0.030073
v -0.028518 0.012362 -0.028966
v -0.028217 0.012053 -0.029887
v -0.014734 0.035133 -0.041191
v -0.013806 0.035341 -0.040689
v -0.013786 0.035140 -0.041438
v -0.028317 0.011696 -0.029447
v -0.028518 0.012362 -0.028966
v -0.028366 0.011417 -0.029107
v -0.028415 0.011122 -0.028760
v -0.028395 0.011186 -0.028875
v -0.028518 0.012362 -0.028966
v 0.029151 0.008660 0.004903
v 0.029785 0.009968 0.007040
v 0.029228 0.008794 0.004824
v -0.013806 0.035341 -0.040689
v -0.014734 0.035133 -0.041191
v -0.014786 0.035278 -0.039939
v -0.028366 0.011417 -0.029107
v -0.028518 0.012362 -0.028966
v -0.028395 0.011186 -0.028875
v -0.030986 0.008180 0.022504
v -0.031160 0.008324 0.022418
v -0.031902 0.008706 0.025299
v -0.032430 0.008781 0.028370
v -0.031513 0.008205 0.025535
v -0.031743 0.008447 0.025415
v -0.016683 0.035119 -0.040087
v -0.016720 0.035104 -0.039491
v -0.015706 0.035175 -0.040554
v 0.029814 0.011743 0.006890
v 0.029785 0.009968 0.007040
v 0.030110 0.012181 0.009438
v 0.029814 0.011743 0.006890
v 0.029667 0.010558 0.005613
v 0.029785 0.009968 0.007040
v -0.031743 0.008447 0.025415
v -0.030986 0.008180 0.022504
v -0.031902 0.008706 0.025299
v -0.030986 0.008180 0.022504
v -0.031743 0.008447 0.025415
v -0.030496 0.007927 0.022692
v -0.016720 0.035104 -0.039491
v -0.016683 0.035119 -0.040087
v -0.017615 0.034980 -0.040382
v -0.032430 0.008781 0.028370
v -0.033003 0.008963 0.031431
v -0.032339 0.008589 0.028442
v -0.017615 0.034980 -0.040382
v -0.016683 0.035119 -0.040087
v -0.016623 0.034779 -0.041396
v -0.033003 0.008963 0.031431
v -0.032143 0.008317 0.028543
v -0.032339 0.008589 0.028442
v -0.032339 0.008589 0.028442
v -0.031513 0.008205 0.025535
v -0.032430 0.008781 0.028370
v -0.028430 0.011022 -0.028569
v -0.028528 0.010450 -0.027393
v -0.027961 0.011183 -0.028869
v -0.028528 0.010450 -0.027393
v -0.028532 0.010432 -0.027357
v -0.027961 0.011183 -0.028869
v -0.031513 0.008205 0.025535
v -0.032339 0.008589 0.028442
v -0.031304 0.008058 0.025623
v -0.018543 0.034780 -0.040654
v -0.017615 0.034980 -0.040382
v -0.017561 0.034443 -0.041649
v -0.031304 0.008058 0.025623
v -0.032339 0.008589 0.028442
v -0.032143 0.008317 0.028543
v -0.015706 0.035175 -0.040554
v -0.016623 0.034779 -0.041396
v -0.016683 0.035119 -0.040087
v 0.029785 0.009968 0.007040
v 0.029315 0.009007 0.004698
v 0.029228 0.008794 0.004824
v -0.031096 0.007742 0.028882
v -0.031163 0.007866 0.027278
v -0.031866 0.008065 0.028647
v -0.031866 0.008065 0.028647
v -0.031163 0.007866 0.027278
v -0.032143 0.008317 0.028543
v -0.031866 0.008065 0.028647
v -0.032143 0.008317 0.028543
v -0.032891 0.008648 0.031528
v 0.016704 0.005144 0.049487
v 0.015346 0.005015 0.049872
v 0.016824 0.004265 0.050468
v -0.032891 0.008648 0.031528
v -0.032547 0.008156 0.031628
v -0.031866 0.008065 0.028647
v -0.031866 0.008065 0.028647
v -0.032547 0.008156 0.031628
v -0.032210 0.007899 0.031686
v 0.015346 0.005015 0.049872
v 0.013202 0.004854 0.050210
v 0.015417 0.004325 0.050529
v 0.029546 0.008869 0.007512
v 0.028811 0.008303 0.005128
v 0.028586 0.008176 0.005217
v 0.029606 0.009036 0.007420
v 0.028811 0.008303 0.005128
v 0.029546 0.008869 0.007512
v 0.029676 0.009286 0.007287
v 0.029785 0.009968 0.007040
v 0.029151 0.008660 0.004903
v -0.030446 0.007612 0.029079
v -0.032210 0.007899 0.031686
v -0.030780 0.007524 0.032051
v 0.016824 0.004265 0.050468
v 0.015346 0.005015 0.049872
v 0.015417 0.004325 0.050529
v -0.031096 0.007742 0.028882
v -0.031866 0.008065 0.028647
v -0.032210 0.007899 0.031686
v 0.014287 0.005981 0.047071
v 0.013739 0.005661 0.048406
v 0.015346 0.005015 0.049872
v -0.031163 0.007866 0.027278
v -0.031096 0.007742 0.028882
v -0.030446 0.007612 0.029079
v -0.030446 0.007612 0.029079
v -0.031096 0.007742 0.028882
v -0.032210 0.007899 0.031686
v -0.032210 0.007899 0.031686
v -0.032682 0.007782 0.034559
v -0.030780 0.007524 0.032051
v 0.029727 0.015342 0.006836
v 0.029814 0.011743 0.006890
v 0.030110 0.012181 0.009438
v 0.013739 0.005661 0.048406
v 0.011998 0.005998 0.046502
v 0.012344 0.005450 0.049017
v 0.014287 0.005981 0.047071
v 0.013051 0.006046 0.046511
v 0.013739 0.005661 0.048406
v 0.016704 0.005144 0.049487
v 0.014287 0.005981 0.047071
v 0.015346 0.005015 0.049872
v -0.032891 0.008648 0.031528
v -0.033067 0.008053 0.034577
v -0.032547 0.008156 0.031628
v -0.033458 0.008709 0.034609
v -0.034198 0.009564 0.037395
v -0.033712 0.008030 0.037371
v 0.012344 0.005450 0.049017
v 0.010947 0.004971 0.050071
v 0.012501 0.004550 0.050626
v 0.013739 0.005661 0.048406
v 0.012344 0.005450 0.049017
v 0.013202 0.004854 0.050210
v -0.032547 0.008156 0.031628
v -0.033067 0.008053 0.034577
v -0.032682 0.007782 0.034559
v -0.032682 0.007782 0.034559
v -0.032210 0.007899 0.031686
v -0.032547 0.008156 0.031628
v -0.033195 0.007614 0.037200
v -0.032682 0.007782 0.034559
v -0.033067 0.008053 0.034577
v -0.028518 0.012362 -0.028966
v -0.028891 0.014830 -0.026531
v -0.028873 0.012674 -0.026500
v 0.039522 0.020068 -0.024966
v 0.040526 0.017288 -0.026102
v 0.040058 0.017672 -0.027067
v 0.040347 0.018348 -0.024551
v 0.042325 0.015578 -0.023865
v 0.040526 0.017288 -0.026102
v -0.028774 0.008452 0.002396
v -0.028565 0.008292 0.002507
v -0.027085 0.007978 0.000237
v -0.027085 0.007978 0.000237
v -0.028565 0.008292 0.002507
v -0.028231 0.008141 0.002620
v -0.028430 0.011022 -0.028569
v -0.028422 0.011068 -0.028664
v -0.028873 0.012674 -0.026500
v -0.027052 0.008042 -0.002235
v -0.027448 0.008163 -0.003495
v -0.027378 0.008095 -0.002285
v -0.028312 0.008292 -0.000027
v -0.028774 0.008452 0.002396
v -0.027085 0.007978 0.000237
v 0.027424 0.022841 -0.031901
v 0.028170 0.021961 -0.029992
v 0.027801 0.023990 -0.030923
v -0.028873 0.012674 -0.026500
v -0.028528 0.010450 -0.027393
v -0.028430 0.011022 -0.028569
v -0.028528 0.010450 -0.027393
v -0.028873 0.012674 -0.026500
v -0.028532 0.010432 -0.027357
v 0.027731 0.026631 -0.030781
v 0.027801 0.023990 -0.030923
v 0.028325 0.024997 -0.028683
v -0.027961 0.011183 -0.028869
v -0.027953 0.009495 -0.025379
v -0.025844 0.010091 -0.026894
v -0.028484 0.010075 -0.026615
v -0.027961 0.011183 -0.028869
v -0.028533 0.010414 -0.027320
v -0.028532 0.010432 -0.027357
v -0.028533 0.010414 -0.027320
v -0.027961 0.011183 -0.028869
v -0.027961 0.011183 -0.028869
v -0.028484 0.010075 -0.026615
v -0.028459 0.010037 -0.026535
v -0.028397 0.009693 -0.025819
v -0.028300 0.009637 -0.025697
v -0.028438 0.009771 -0.025983
v -0.028438 0.009771 -0.025983
v -0.028300 0.009637 -0.025697
v -0.028459 0.010037 -0.026535
v 0.030072 0.009703 0.009910
v 0.029606 0.009036 0.007420
v 0.029546 0.008869 0.007512
v 0.029546 0.008869 0.007512
v 0.029473 0.008721 0.007595
v 0.030072 0.009703 0.009910
v -0.023642 0.009034 -0.023966
v -0.025844 0.010091 -0.026894
v -0.027953 0.009495 -0.025379
v 0.028452 0.026148 -0.027355
v 0.027731 0.026631 -0.030781
v 0.028325 0.024997 -0.028683
v -0.023642 0.009034 -0.023966
v -0.027953 0.009495 -0.025379
v -0.027691 0.009293 -0.024709
v -0.027996 0.009473 -0.025303
v -0.027691 0.009293 -0.024709
v -0.027953 0.009495 -0.025379
v -0.027996 0.009473 -0.025303
v -0.027953 0.009495 -0.025379
v -0.028045 0.009503 -0.025400
v 0.028452 0.026148 -0.027355
v 0.028325 0.024997 -0.028683
v 0.028688 0.022129 -0.026241
v 0.029473 0.008721 0.007595
v 0.029546 0.008869 0.007512
v 0.028586 0.008176 0.005217
v 0.027801 0.023990 -0.030923
v 0.028170 0.021961 -0.029992
v 0.028325 0.024997 -0.028683
v -0.028737 0.010716 -0.026253
v -0.028532 0.010432 -0.027357
v -0.028873 0.012674 -0.026500
v 0.029958 0.009144 0.010175
v 0.029901 0.008959 0.010270
v 0.030302 0.010240 0.011180
v 0.027801 0.023990 -0.030923
v 0.027144 0.024500 -0.032231
v 0.027424 0.022841 -0.031901
v -0.028533 0.010414 -0.027320
v -0.028668 0.010331 -0.026127
v -0.028484 0.010075 -0.026615
v 0.027801 0.023990 -0.030923
v 0.027731 0.026631 -0.030781
v 0.027144 0.024500 -0.032231
v -0.028532 0.010432 -0.027357
v -0.028737 0.010716 -0.026253
v -0.028533 0.010414 -0.027320
v -0.028668 0.010331 -0.026127
v -0.028533 0.010414 -0.027320
v -0.028737 0.010716 -0.026253
v -0.028668 0.010331 -0.026127
v -0.028459 0.010037 -0.026535
v -0.028484 0.010075 -0.026615
v -0.028459 0.010037 -0.026535
v -0.028300 0.009637 -0.025697
v -0.027953 0.009495 -0.025379
v -0.027961 0.011183 -0.028869
v -0.028459 0.010037 -0.026535
v -0.027953 0.009495 -0.025379
v -0.028045 0.009503 -0.025400
v -0.027953 0.009495 -0.025379
v -0.028300 0.009637 -0.025697
v -0.028045 0.009503 -0.025400
v -0.028300 0.009637 -0.025697
v -0.028518 0.009600 -0.024315
v -0.028415 0.009683 -0.025664
v -0.028518 0.009600 -0.024315
v -0.028300 0.009637 -0.025697
v -0.028415 0.009683 -0.025664
v -0.028300 0.009637 -0.025697
v -0.028397 0.009693 -0.025819
v -0.028764 0.010240 -0.024746
v -0.028415 0.009683 -0.025664
v -0.028476 0.009772 -0.025777
v 0.028170 0.021961 -0.029992
v 0.028226 0.019337 -0.030104
v 0.028615 0.020788 -0.027664
v 0.028615 0.020788 -0.027664
v 0.028688 0.022129 -0.026241
v 0.028325 0.024997 -0.028683
v 0.028615 0.020788 -0.027664
v 0.028325 0.024997 -0.028683
v 0.028170 0.021961 -0.029992
v 0.029901 0.008959 0.010270
v 0.029958 0.009144 0.010175
v 0.029143 0.008325 0.007830
v -0.028668 0.010331 -0.026127
v -0.028476 0.009772 -0.025777
v -0.028438 0.009771 -0.025983
v -0.028668 0.010331 -0.026127
v -0.028438 0.009771 -0.025983
v -0.028459 0.010037 -0.026535
v -0.028438 0.009771 -0.025983
v -0.028476 0.009772 -0.025777
v -0.028397 0.009693 -0.025819
v -0.028415 0.009683 -0.025664
v -0.028397 0.009693 -0.025819
v -0.028476 0.009772 -0.025777
v -0.033067 0.008053 0.034577
v -0.033458 0.008709 0.034609
v -0.033195 0.007614 0.037200
v -0.027691 0.009293 -0.024709
v -0.027127 0.009140 -0.024215
v -0.023642 0.009034 -0.023966
v -0.027691 0.009293 -0.024709
v -0.027686 0.009200 -0.023713
v -0.027127 0.009140 -0.024215
v -0.033712 0.008030 0.037371
v -0.033503 0.007804 0.037267
v -0.033458 0.008709 0.034609
v -0.028668 0.010331 -0.026127
v -0.028737 0.010716 -0.026253
v -0.028764 0.010240 -0.024746
v -0.033503 0.007804 0.037267
v -0.033195 0.007614 0.037200
v -0.033458 0.008709 0.034609
v 0.030302 0.010240 0.011180
v 0.030072 0.009703 0.009910
v 0.029958 0.009144 0.010175
v -0.016613 0.034414 -0.041912
v -0.017561 0.034443 -0.041649
v -0.016623 0.034779 -0.041396
v 0.013913 0.034666 -0.037645
v 0.012974 0.034373 -0.037335
v 0.013954 0.033718 -0.037000
v -0.028873 0.012674 -0.026500
v -0.028764 0.010240 -0.024746
v -0.028737 0.010716 -0.026253
v -0.016623 0.034779 -0.041396
v -0.015667 0.034520 -0.041997
v -0.016613 0.034414 -0.041912
v 0.012974 0.034373 -0.037335
v 0.011999 0.034745 -0.037760
v 0.012989 0.033752 -0.037062
v -0.028764 0.010240 -0.024746
v -0.028873 0.012674 -0.026500
v -0.028880 0.010531 -0.023372
v 0.012989 0.033752 -0.037062
v 0.013954 0.033718 -0.037000
v 0.012974 0.034373 -0.037335
v -0.028764 0.010240 -0.024746
v -0.028880 0.010531 -0.023372
v -0.028663 0.009874 -0.024568
v -0.017615 0.034980 -0.040382
v -0.016623 0.034779 -0.041396
v -0.017561 0.034443 -0.041649
v -0.018614 0.034919 -0.039591
v -0.018543 0.034780 -0.040654
v -0.019552 0.034826 -0.039572
v 0.030072 0.009703 0.009910
v 0.030302 0.010240 0.011180
v 0.030110 0.012181 0.009438
v -0.028880 0.010531 -0.023372
v -0.028914 0.010601 -0.021810
v -0.028794 0.010042 -0.023226
v -0.028668 0.010331 -0.026127
v -0.028764 0.010240 -0.024746
v -0.028476 0.009772 -0.025777
v 0.029785 0.009968 0.007040
v 0.030072 0.009703 0.009910
v 0.030110 0.012181 0.009438
v -0.020373 0.034179 -0.041117
v -0.019552 0.034826 -0.039572
v -0.018543 0.034780 -0.040654
v -0.027996 0.009473 -0.025303
v -0.028045 0.009503 -0.025400
v -0.028518 0.009600 -0.024315
v 0.029676 0.009286 0.007287
v 0.029606 0.009036 0.007420
v 0.030072 0.009703 0.009910
v 0.030072 0.009703 0.009910
v 0.029785 0.009968 0.007040
v 0.029676 0.009286 0.007287
v 0.013739 0.005661 0.048406
v 0.013202 0.004854 0.050210
v 0.015346 0.005015 0.049872
v -0.010156 0.034805 -0.037856
v -0.011114 0.034436 -0.037444
v -0.009239 0.033852 -0.037259
v 0.012989 0.033752 -0.037062
v 0.011079 0.033809 -0.037171
v 0.012999 0.030706 -0.036892
v -0.009231 0.034484 -0.037530
v -0.009206 0.035059 -0.038296
v -0.010156 0.034805 -0.037856
v 0.013968 0.031381 -0.036833
v 0.012989 0.033752 -0.037062
v 0.012999 0.030706 -0.036892
v 0.011525 0.005974 0.046498
v 0.012344 0.005450 0.049017
v 0.011998 0.005998 0.046502
v 0.011998 0.005998 0.046502
v 0.013739 0.005661 0.048406
v 0.013051 0.006046 0.046511
v 0.013968 0.031381 -0.036833
v 0.013954 0.033718 -0.037000
v 0.012989 0.033752 -0.037062
v 0.012344 0.005450 0.049017
v 0.012501 0.004550 0.050626
v 0.013202 0.004854 0.050210
v 0.014880 0.034621 -0.037579
v 0.015417 0.033660 -0.036897
v 0.015884 0.034247 -0.037134
v 0.031309 0.013015 0.018040
v 0.033057 0.019871 0.027645
v 0.032885 0.021488 0.026576
v 0.015824 0.034770 -0.037913
v 0.014880 0.034621 -0.037579
v 0.015884 0.034247 -0.037134
v 0.013051 0.006046 0.046511
v 0.014993 0.006083 0.046518
v 0.005632 0.006221 0.046543
v 0.031452 0.023180 0.019080
v 0.031309 0.013015 0.018040
v 0.031907 0.022831 0.021464
v 0.032368 0.022479 0.023806
v 0.031907 0.022831 0.021464
v 0.031309 0.013015 0.018040
v 0.013954 0.033718 -0.037000
v 0.013968 0.031381 -0.036833
v 0.015417 0.033660 -0.036897
v 0.031452 0.023180 0.019080
v 0.031006 0.023526 0.016657
v 0.031309 0.013015 0.018040
v 0.017248 0.006043 0.046510
v 0.014993 0.006083 0.046518
v 0.017914 0.005639 0.048396
v 0.017914 0.005639 0.048396
v 0.014993 0.006083 0.046518
v 0.014287 0.005981 0.047071
v -0.012917 0.035319 -0.039356
v -0.012979 0.034923 -0.038111
v -0.012047 0.034745 -0.037760
v 0.032368 0.022479 0.023806
v 0.031309 0.013015 0.018040
v 0.032406 0.021793 0.024181
v 0.012999 0.030706 -0.036892
v 0.011079 0.033809 -0.037171
v 0.010137 0.032791 -0.037084
v -0.010927 0.035339 -0.039174
v -0.011082 0.035000 -0.038213
v -0.010156 0.034805 -0.037856
v 0.010823 0.005570 0.048671
v 0.009359 0.005365 0.049258
v 0.010947 0.004971 0.050071
v 0.008468 0.005801 0.047563
v 0.007862 0.005168 0.049832
v 0.009359 0.005365 0.049258
v -0.012047 0.034745 -0.037760
v -0.011082 0.035000 -0.038213
v -0.012917 0.035319 -0.039356
v 0.011079 0.033809 -0.037171
v 0.012989 0.033752 -0.037062
v 0.011067 0.034436 -0.037444
v 0.007862 0.005168 0.049832
v 0.006283 0.005298 0.049440
v 0.006342 0.004789 0.050596
v -0.012917 0.035319 -0.039356
v -0.011082 0.035000 -0.038213
v -0.010927 0.035339 -0.039174
v 0.010137 0.032791 -0.037084
v 0.011079 0.033809 -0.037171
v 0.009183 0.034484 -0.037530
v -0.027378 0.008095 -0.002285
v -0.027085 0.007978 0.000237
v -0.027052 0.008042 -0.002235
v -0.028880 0.010531 -0.023372
v -0.028518 0.009600 -0.024315
v -0.028663 0.009874 -0.024568
v -0.027052 0.008042 -0.002235
v -0.027085 0.007978 0.000237
v -0.023849 0.007887 -0.004377
v -0.027085 0.007978 0.000237
v -0.015176 0.007591 -0.000794
v -0.023849 0.007887 -0.004377
v 0.007325 0.033883 -0.037330
v 0.008256 0.033869 -0.037297
v 0.007319 0.034519 -0.037600
v 0.010947 0.004971 0.050071
v 0.012344 0.005450 0.049017
v 0.010823 0.005570 0.048671
v -0.027085 0.007978 0.000237
v -0.025002 0.007707 0.005744
v -0.015176 0.007591 -0.000794
v 0.011067 0.034436 -0.037444
v 0.012989 0.033752 -0.037062
v 0.011999 0.034745 -0.037760
v 0.013051 0.006046 0.046511
v 0.005632 0.006221 0.046543
v 0.011998 0.005998 0.046502
v 0.011525 0.005974 0.046498
v 0.011998 0.005998 0.046502
v 0.011148 0.005987 0.046500
v -0.009206 0.035059 -0.038296
v -0.010927 0.035339 -0.039174
v -0.010156 0.034805 -0.037856
v -0.027085 0.007978 0.000237
v -0.028231 0.008141 0.002620
v -0.025002 0.007707 0.005744
v -0.010093 0.035500 -0.039694
v -0.010927 0.035339 -0.039174
v -0.009206 0.035059 -0.038296
v 0.010108 0.034805 -0.037856
v 0.011079 0.033809 -0.037171
v 0.011067 0.034436 -0.037444
v 0.011148 0.005987 0.046500
v 0.010823 0.005570 0.048671
v 0.011525 0.005974 0.046498
v 0.012344 0.005450 0.049017
v 0.011525 0.005974 0.046498
v 0.010823 0.005570 0.048671
v 0.000042 0.007400 -0.000061
v -0.008682 0.007601 -0.004943
v -0.015176 0.007591 -0.000794
v -0.012683 0.007647 -0.004943
v -0.015176 0.007591 -0.000794
v -0.008682 0.007601 -0.004943
v -0.015176 0.007591 -0.000794
v -0.012683 0.007647 -0.004943
v -0.012683 0.007694 -0.007240
v -0.012917 0.035319 -0.039356
v -0.010927 0.035339 -0.039174
v -0.012876 0.035433 -0.040357
v 0.009183 0.034484 -0.037530
v 0.011079 0.033809 -0.037171
v 0.010108 0.034805 -0.037856
v 0.006283 0.005298 0.049440
v 0.007862 0.005168 0.049832
v 0.008468 0.005801 0.047563
v 0.007319 0.034519 -0.037600
v 0.006386 0.034886 -0.037989
v 0.007325 0.033883 -0.037330
v 0.010823 0.005570 0.048671
v 0.008468 0.005801 0.047563
v 0.009359 0.005365 0.049258
v -0.032682 0.007782 0.034559
v -0.029394 0.007298 0.035384
v -0.030780 0.007524 0.032051
v -0.027448 0.008163 -0.003495
v -0.023849 0.007887 -0.004377
v -0.027692 0.008246 -0.004725
v -0.027692 0.008246 -0.004725
v -0.023849 0.007887 -0.004377
v -0.027337 0.008242 -0.006909
v -0.027337 0.008242 -0.006909
v -0.023849 0.007887 -0.004377
v -0.023419 0.008081 -0.010840
v 0.009473 0.005962 0.046496
v 0.011148 0.005987 0.046500
v 0.005632 0.006221 0.046543
v 0.011148 0.005987 0.046500
v 0.011998 0.005998 0.046502
v 0.005632 0.006221 0.046543
v 0.011148 0.005987 0.046500
v 0.009473 0.005962 0.046496
v 0.010823 0.005570 0.048671
v -0.011914 0.035284 -0.041546
v -0.012876 0.035433 -0.040357
v -0.010927 0.035339 -0.039174
v 0.008857 0.005973 0.046498
v 0.008468 0.005801 0.047563
v 0.009473 0.005962 0.046496
v 0.010823 0.005570 0.048671
v 0.009473 0.005962 0.046496
v 0.008468 0.005801 0.047563
v -0.009174 0.035433 -0.039323
v -0.010093 0.035500 -0.039694
v -0.009206 0.035059 -0.038296
v -0.027448 0.008163 -0.003495
v -0.027052 0.008042 -0.002235
v -0.023849 0.007887 -0.004377
v -0.034222 0.007723 0.039699
v -0.033971 0.007470 0.039719
v -0.033503 0.007804 0.037267
v -0.012682 0.007768 -0.010219
v -0.023849 0.007887 -0.004377
v -0.012683 0.007694 -0.007240
v -0.015176 0.007591 -0.000794
v -0.012683 0.007694 -0.007240
v -0.023849 0.007887 -0.004377
v -0.034222 0.007723 0.039699
v -0.033503 0.007804 0.037267
v -0.033712 0.008030 0.037371
v -0.009137 0.035604 -0.041102
v -0.010527 0.035545 -0.040955
v -0.010093 0.035500 -0.039694
v 0.009480 0.004477 0.050872
v 0.010947 0.004971 0.050071
v 0.009448 0.004851 0.050410
v -0.012876 0.035433 -0.040357
v -0.013806 0.035341 -0.040689
v -0.012917 0.035319 -0.039356
v -0.010527 0.035545 -0.040955
v -0.010927 0.035339 -0.039174
v -0.010093 0.035500 -0.039694
v -0.008693 0.005891 -0.004943
v -0.023876 0.004880 0.025851
v -0.012694 0.005891 -0.004943
v -0.023876 0.004880 0.025851
v -0.023876 0.006533 -0.024535
v -0.012694 0.005891 -0.004943
v -0.008682 0.007601 -0.004943
v -0.008693 0.005891 -0.004943
v -0.012683 0.007647 -0.004943
v -0.012694 0.005891 -0.004943
v -0.012683 0.007647 -0.004943
v -0.008693 0.005891 -0.004943
v -0.010527 0.035545 -0.040955
v -0.011914 0.035284 -0.041546
v -0.010927 0.035339 -0.039174
v -0.012694 0.005891 -0.004943
v -0.012683 0.007694 -0.007240
v -0.012683 0.007647 -0.004943
v -0.012693 0.006064 -0.010219
v -0.012683 0.007694 -0.007240
v -0.012694 0.005891 -0.004943
v -0.033503 0.007804 0.037267
v -0.033971 0.007470 0.039719
v -0.033195 0.007614 0.037200
v -0.012047 0.034745 -0.037760
v -0.011114 0.034436 -0.037444
v -0.011082 0.035000 -0.038213
v -0.010156 0.034805 -0.037856
v -0.011082 0.035000 -0.038213
v -0.011114 0.034436 -0.037444
v -0.029394 0.007298 0.035384
v -0.032682 0.007782 0.034559
v -0.031948 0.007324 0.037322
v -0.028880 0.010531 -0.023372
v -0.028794 0.010042 -0.023226
v -0.028518 0.009600 -0.024315
v -0.011127 0.033809 -0.037171
v -0.011114 0.034436 -0.037444
v -0.012047 0.034745 -0.037760
v -0.028518 0.009600 -0.024315
v -0.028794 0.010042 -0.023226
v -0.028720 0.009789 -0.023101
v -0.028518 0.009600 -0.024315
v -0.028720 0.009789 -0.023101
v -0.028584 0.009516 -0.022865
v -0.028518 0.009600 -0.024315
v -0.028584 0.009516 -0.022865
v -0.027686 0.009200 -0.023713
v -0.032682 0.007782 0.034559
v -0.033195 0.007614 0.037200
v -0.031948 0.007324 0.037322
v -0.028415 0.009683 -0.025664
v -0.028764 0.010240 -0.024746
v -0.028663 0.009874 -0.024568
v -0.028663 0.009874 -0.024568
v -0.028518 0.009600 -0.024315
v -0.028415 0.009683 -0.025664
v -0.016720 0.035104 -0.039491
v -0.014786 0.035278 -0.039939
v -0.015706 0.035175 -0.040554
v -0.027686 0.009200 -0.023713
v -0.027691 0.009293 -0.024709
v -0.028518 0.009600 -0.024315
v -0.027996 0.009473 -0.025303
v -0.028518 0.009600 -0.024315
v -0.027691 0.009293 -0.024709
v -0.039298 0.018438 -0.028679
v -0.040860 0.015817 -0.029173
v -0.039644 0.018264 -0.027657
v -0.013806 0.035341 -0.040689
v -0.014786 0.035278 -0.039939
v -0.012917 0.035319 -0.039356
v -0.040516 0.015943 -0.030092
v -0.040860 0.015817 -0.029173
v -0.039298 0.018438 -0.028679
v -0.012979 0.034923 -0.038111
v -0.012917 0.035319 -0.039356
v -0.014786 0.035278 -0.039939
v -0.039298 0.018438 -0.028679
v -0.039082 0.017729 -0.031000
v -0.040516 0.015943 -0.030092
v -0.012979 0.034923 -0.038111
v -0.014786 0.035278 -0.039939
v -0.014929 0.034621 -0.037579
v -0.014786 0.035278 -0.039939
v -0.015873 0.034770 -0.037913
v -0.014929 0.034621 -0.037579
v -0.028416 0.033211 -0.037906
v -0.028195 0.032966 -0.038617
v -0.029147 0.032559 -0.038355
v -0.016720 0.035104 -0.039491
v -0.015873 0.034770 -0.037913
v -0.014786 0.035278 -0.039939
v 0.028615 0.020788 -0.027664
v 0.028853 0.019107 -0.022585
v 0.028688 0.022129 -0.026241
v -0.016720 0.035104 -0.039491
v -0.017762 0.034827 -0.038364
v -0.015873 0.034770 -0.037913
v -0.040300 0.017268 -0.027214
v -0.039644 0.018264 -0.027657
v -0.040860 0.015817 -0.029173
v -0.044522 0.014019 0.026297
v -0.043915 0.014575 0.027847
v -0.043933 0.015684 0.024958
v -0.017762 0.034827 -0.038364
v -0.017615 0.034980 -0.040382
v -0.018614 0.034919 -0.039591
v -0.043906 0.012464 -0.029242
v -0.044379 0.012142 -0.028353
v -0.043315 0.013358 -0.028492
v -0.017615 0.034980 -0.040382
v -0.018543 0.034780 -0.040654
v -0.018614 0.034919 -0.039591
v -0.017762 0.034827 -0.038364
v -0.016720 0.035104 -0.039491
v -0.017615 0.034980 -0.040382
v -0.014786 0.035278 -0.039939
v -0.015213 0.035099 -0.041058
v -0.015706 0.035175 -0.040554
v -0.045856 0.012472 0.024736
v -0.043933 0.015684 0.024958
v -0.044329 0.015639 0.022229
v -0.014929 0.034621 -0.037579
v -0.015873 0.034770 -0.037913
v -0.015931 0.034247 -0.037134
v 0.011026 0.004118 0.051054
v 0.012501 0.004550 0.050626
v 0.010947 0.004971 0.050071
v 0.009359 0.005365 0.049258
v 0.007862 0.005168 0.049832
v 0.009448 0.004851 0.050410
v -0.045289 0.014207 0.020539
v -0.044329 0.015639 0.022229
v -0.044505 0.015784 0.020242
v 0.009359 0.005365 0.049258
v 0.009448 0.004851 0.050410
v 0.010947 0.004971 0.050071
v -0.045289 0.014207 0.020539
v -0.046583 0.011947 0.022835
v -0.044329 0.015639 0.022229
v -0.047538 0.011049 0.020833
v -0.045289 0.014207 0.020539
v -0.045818 0.013763 0.018521
v 0.009448 0.004851 0.050410
v 0.007932 0.004345 0.051007
v 0.009480 0.004477 0.050872
v 0.007862 0.005168 0.049832
v 0.007932 0.004345 0.051007
v 0.009448 0.004851 0.050410
v -0.045856 0.012472 0.024736
v -0.044329 0.015639 0.022229
v -0.046583 0.011947 0.022835
v -0.028682 0.033451 -0.036184
v -0.028986 0.033307 -0.036791
v -0.030374 0.032988 -0.035912
v 0.011026 0.004118 0.051054
v 0.010947 0.004971 0.050071
v 0.009480 0.004477 0.050872
v -0.046792 0.011167 0.024842
v -0.046583 0.011947 0.022835
v -0.047756 0.009894 0.022946
v -0.046583 0.011947 0.022835
v -0.047538 0.011049 0.020833
v -0.047756 0.009894 0.022946
v -0.030042 0.032403 -0.037665
v -0.030457 0.032791 -0.036500
v -0.028986 0.033307 -0.036791
v -0.046583 0.011947 0.022835
v -0.045289 0.014207 0.020539
v -0.047538 0.011049 0.020833
v 0.016824 0.004265 0.050468
v 0.015454 0.003179 0.051016
v 0.017574 0.000000 0.051611
v -0.030457 0.032791 -0.036500
v -0.030374 0.032988 -0.035912
v -0.028986 0.033307 -0.036791
v 0.015417 0.004325 0.050529
v 0.014011 0.003569 0.051041
v 0.015454 0.003179 0.051016
v 0.012501 0.004550 0.050626
v 0.011026 0.004118 0.051054
v 0.012544 0.003123 0.051307
v -0.047851 0.007725 0.025075
v -0.047756 0.009894 0.022946
v -0.048128 0.009743 0.020889
v -0.030042 0.032403 -0.037665
v -0.028986 0.033307 -0.036791
v -0.029147 0.032559 -0.038355
v -0.048128 0.009743 0.020889
v -0.048569 0.009025 0.018776
v -0.047851 0.007725 0.025075
v -0.047538 0.011049 0.020833
v -0.048064 0.010585 0.018722
v -0.048128 0.009743 0.020889
v 0.009480 0.004477 0.050872
v 0.007932 0.004345 0.051007
v 0.007954 0.003457 0.051526
v -0.047756 0.009894 0.022946
v -0.047538 0.011049 0.020833
v -0.048128 0.009743 0.020889
v -0.048064 0.010585 0.018722
v -0.048569 0.009025 0.018776
v -0.048128 0.009743 0.020889
v -0.030042 0.032403 -0.037665
v -0.030873 0.032241 -0.036939
v -0.030457 0.032791 -0.036500
v -0.045120 0.012474 0.028314
v -0.043915 0.014575 0.027847
v -0.044522 0.014019 0.026297
v 0.030136 0.008701 0.013282
v 0.030758 0.009401 0.015868
v 0.030842 0.009954 0.015614
v -0.045120 0.012474 0.028314
v -0.043452 0.014863 0.029315
v -0.043915 0.014575 0.027847
v -0.044906 0.012197 0.029957
v -0.043452 0.014863 0.029315
v -0.045120 0.012474 0.028314
v 0.030136 0.008701 0.013282
v 0.030842 0.009954 0.015614
v 0.030221 0.008883 0.013186
v 0.027471 0.020412 -0.031999
v 0.027906 0.018903 -0.031139
v 0.028226 0.019337 -0.030104
v 0.012544 0.003123 0.051307
v 0.011026 0.004118 0.051054
v 0.009511 0.003074 0.051551
v 0.009480 0.004477 0.050872
v 0.007954 0.003457 0.051526
v 0.009511 0.003074 0.051551
v 0.028170 0.021961 -0.029992
v 0.027471 0.020412 -0.031999
v 0.028226 0.019337 -0.030104
v 0.030758 0.009401 0.015868
v 0.030136 0.008701 0.013282
v 0.030063 0.008578 0.013347
v 0.027471 0.020412 -0.031999
v 0.028170 0.021961 -0.029992
v 0.027424 0.022841 -0.031901
v 0.011026 0.004118 0.051054
v 0.009480 0.004477 0.050872
v 0.009511 0.003074 0.051551
v 0.027906 0.018903 -0.031139
v 0.027471 0.020412 -0.031999
v 0.026987 0.019928 -0.032819
v 0.007954 0.003457 0.051526
v 0.009699 0.000000 0.052341
v 0.009511 0.003074 0.051551
v 0.026987 0.019928 -0.032819
v 0.026952 0.019793 -0.032867
v 0.027906 0.018903 -0.031139
v 0.014011 0.003569 0.051041
v 0.012501 0.004550 0.050626
v 0.012544 0.003123 0.051307
v 0.038698 0.024681 -0.023045
v 0.037110 0.028573 -0.025418
v 0.038230 0.027044 -0.022153
v 0.007954 0.003457 0.051526
v 0.006383 0.003033 0.051736
v 0.009699 0.000000 0.052341
v 0.016824 0.004265 0.050468
v 0.015417 0.004325 0.050529
v 0.015454 0.003179 0.051016
v 0.039820 0.022408 -0.020817
v 0.040090 0.020789 -0.021761
v 0.038698 0.024681 -0.023045
v 0.017574 0.000000 0.051611
v 0.015454 0.003179 0.051016
v 0.014011 0.003569 0.051041
v 0.012544 0.003123 0.051307
v 0.017574 0.000000 0.051611
v 0.014011 0.003569 0.051041
v 0.013202 0.004854 0.050210
v 0.012501 0.004550 0.050626
v 0.014011 0.003569 0.051041
v 0.015417 0.004325 0.050529
v 0.013202 0.004854 0.050210
v 0.014011 0.003569 0.051041
v 0.012544 0.003123 0.051307
v 0.009699 0.000000 0.052341
v 0.017574 0.000000 0.051611
v 0.009511 0.003074 0.051551
v 0.009699 0.000000 0.052341
v 0.012544 0.003123 0.051307
v 0.039155 0.025822 -0.019049
v 0.039820 0.022408 -0.020817
v 0.038698 0.024681 -0.023045
v 0.038698 0.024681 -0.023045
v 0.038230 0.027044 -0.022153
v 0.039155 0.025822 -0.019049
v 0.039155 0.025822 -0.019049
v 0.038376 0.027567 -0.020042
v 0.038634 0.027188 -0.019210
v 0.038230 0.027044 -0.022153
v 0.038376 0.027567 -0.020042
v 0.039155 0.025822 -0.019049
v -0.040516 0.015943 -0.030092
v -0.042470 0.012811 -0.033116
v -0.043034 0.012546 -0.031988
v 0.039425 0.026268 -0.015919
v 0.040056 0.024829 -0.015445
v 0.039155 0.025822 -0.019049
v -0.040516 0.015943 -0.030092
v -0.039593 0.015746 -0.033738
v -0.042470 0.012811 -0.033116
v -0.040516 0.015943 -0.030092
v -0.043034 0.012546 -0.031988
v -0.042884 0.013472 -0.029732
v -0.042884 0.013472 -0.029732
v -0.043315 0.013358 -0.028492
v -0.040860 0.015817 -0.029173
v 0.030502 0.011417 0.012445
v 0.030110 0.012181 0.009438
v 0.030302 0.010240 0.011180
v -0.040860 0.015817 -0.029173
v -0.040516 0.015943 -0.030092
v -0.042884 0.013472 -0.029732
v -0.040532 0.018140 -0.024495
v -0.040436 0.017800 -0.025459
v -0.042471 0.014790 -0.026298
v 0.040056 0.024829 -0.015445
v 0.039820 0.022408 -0.020817
v 0.039155 0.025822 -0.019049
v 0.030221 0.008883 0.013186
v 0.030842 0.009954 0.015614
v 0.030342 0.009266 0.012993
v 0.040056 0.024829 -0.015445
v 0.039425 0.026268 -0.015919
v 0.039579 0.026418 -0.013890
v 0.029901 0.008959 0.010270
v 0.030447 0.009876 0.012713
v 0.030302 0.010240 0.011180
v 0.030447 0.009876 0.012713
v 0.029831 0.008797 0.010358
v 0.029704 0.008576 0.010479
v 0.039820 0.022408 -0.020817
v 0.040056 0.024829 -0.015445
v 0.041175 0.020352 -0.017652
v 0.041255 0.019229 -0.019224
v 0.039820 0.022408 -0.020817
v 0.041175 0.020352 -0.017652
v 0.030447 0.009876 0.012713
v 0.029704 0.008576 0.010479
v 0.030342 0.009266 0.012993
v -0.040300 0.017268 -0.027214
v -0.042471 0.014790 -0.026298
v -0.040436 0.017800 -0.025459
v 0.041255 0.019229 -0.019224
v 0.041175 0.020352 -0.017652
v 0.042206 0.017601 -0.018310
v -0.042471 0.014790 -0.026298
v -0.040300 0.017268 -0.027214
v -0.040860 0.015817 -0.029173
v 0.040056 0.024829 -0.015445
v 0.041484 0.021053 -0.014730
v 0.041175 0.020352 -0.017652
v 0.042769 0.017333 -0.016235
v 0.042206 0.017601 -0.018310
v 0.041175 0.020352 -0.017652
v -0.029147 0.032559 -0.038355
v -0.028986 0.033307 -0.036791
v -0.028416 0.033211 -0.037906
v 0.042389 0.018481 -0.015259
v 0.042769 0.017333 -0.016235
v 0.041175 0.020352 -0.017652
v -0.043315 0.013358 -0.028492
v -0.042471 0.014790 -0.026298
v -0.040860 0.015817 -0.029173
v 0.041255 0.019229 -0.019224
v 0.041537 0.017959 -0.020493
v 0.040090 0.020789 -0.021761
v 0.039820 0.022408 -0.020817
v 0.041255 0.019229 -0.019224
v 0.040090 0.020789 -0.021761
v -0.028416 0.033211 -0.037906
v -0.028986 0.033307 -0.036791
v -0.027961 0.033510 -0.037364
v -0.028986 0.033307 -0.036791
v -0.028682 0.033451 -0.036184
v -0.027961 0.033510 -0.037364
v -0.027961 0.033510 -0.037364
v -0.027225 0.033612 -0.037955
v -0.028416 0.033211 -0.037906
v 0.040090 0.020789 -0.021761
v 0.039522 0.020068 -0.024966
v 0.038698 0.024681 -0.023045
v -0.042471 0.014790 -0.026298
v -0.044323 0.012829 -0.026483
v -0.043435 0.014211 -0.024662
v 0.040056 0.024829 -0.015445
v 0.040415 0.024353 -0.014140
v 0.041484 0.021053 -0.014730
v 0.029901 0.008959 0.010270
v 0.029831 0.008797 0.010358
v 0.030447 0.009876 0.012713
v 0.040415 0.024353 -0.014140
v 0.041212 0.023173 -0.011365
v 0.041484 0.021053 -0.014730
v 0.030842 0.009954 0.015614
v 0.030502 0.011417 0.012445
v 0.030447 0.009876 0.012713
v 0.030447 0.009876 0.012713
v 0.030502 0.011417 0.012445
v 0.030302 0.010240 0.011180
v 0.030342 0.009266 0.012993
v 0.030842 0.009954 0.015614
v 0.030447 0.009876 0.012713
v 0.042206 0.017601 -0.018310
v 0.042797 0.016369 -0.019112
v 0.041537 0.017959 -0.020493
v -0.044668 0.012110 -0.027290
v -0.043315 0.013358 -0.028492
v -0.044379 0.012142 -0.028353
v 0.030210 0.016584 0.010838
v 0.030110 0.012181 0.009438
v 0.030502 0.011417 0.012445
v -0.043034 0.012546 -0.031988
v -0.043883 0.011749 -0.030924
v -0.042884 0.013472 -0.029732
v -0.043034 0.012546 -0.031988
v -0.044054 0.010697 -0.031737
v -0.043883 0.011749 -0.030924
v 0.030809 0.008498 0.019301
v 0.031563 0.009203 0.022003
v 0.031634 0.009516 0.021857
v -0.043906 0.012464 -0.029242
v -0.042884 0.013472 -0.029732
v -0.043883 0.011749 -0.030924
v -0.043315 0.013358 -0.028492
v -0.042884 0.013472 -0.029732
v -0.043906 0.012464 -0.029242
v 0.006386 0.034886 -0.037989
v 0.005469 0.034544 -0.037651
v 0.007325 0.033883 -0.037330
v -0.042471 0.014790 -0.026298
v -0.043315 0.013358 -0.028492
v -0.044323 0.012829 -0.026483
v -0.030980 0.031132 -0.037729
v -0.029961 0.031859 -0.038275
v -0.029900 0.030255 -0.039221
v -0.029961 0.031859 -0.038275
v -0.029083 0.032101 -0.038872
v -0.029900 0.030255 -0.039221
v 0.008256 0.033869 -0.037297
v 0.010137 0.032791 -0.037084
v 0.009183 0.034484 -0.037530
v -0.029083 0.032101 -0.038872
v -0.028410 0.031649 -0.039673
v -0.029900 0.030255 -0.039221
v -0.029147 0.032559 -0.038355
v -0.029083 0.032101 -0.038872
v -0.029961 0.031859 -0.038275
v -0.043883 0.011749 -0.030924
v -0.044054 0.010697 -0.031737
v -0.044750 0.010209 -0.029712
v -0.029147 0.032559 -0.038355
v -0.028195 0.032966 -0.038617
v -0.029083 0.032101 -0.038872
v -0.019552 0.034826 -0.039572
v -0.020574 0.034641 -0.038387
v -0.019731 0.034489 -0.037469
v -0.029961 0.031859 -0.038275
v -0.030042 0.032403 -0.037665
v -0.029147 0.032559 -0.038355
v -0.044944 0.010499 -0.028860
v -0.044379 0.012142 -0.028353
v -0.044570 0.011409 -0.029109
v -0.029961 0.031859 -0.038275
v -0.030980 0.031132 -0.037729
v -0.030042 0.032403 -0.037665
v -0.030042 0.032403 -0.037665
v -0.030980 0.031132 -0.037729
v -0.030873 0.032241 -0.036939
v -0.046227 0.011467 0.026683
v -0.046394 0.010682 0.028056
v -0.045120 0.012474 0.028314
v -0.045120 0.012474 0.028314
v -0.044522 0.014019 0.026297
v -0.046227 0.011467 0.026683
v -0.018614 0.034919 -0.039591
v -0.019552 0.034826 -0.039572
v -0.019731 0.034489 -0.037469
v -0.030980 0.031132 -0.037729
v -0.031556 0.031786 -0.036567
v -0.030873 0.032241 -0.036939
v -0.029004 0.014466 -0.021953
v -0.028740 0.017647 -0.014376
v -0.028916 0.010764 -0.020555
v -0.045856 0.012472 0.024736
v -0.044522 0.014019 0.026297
v -0.043933 0.015684 0.024958
v -0.028740 0.017647 -0.014376
v -0.028921 0.010675 -0.020145
v -0.028916 0.010764 -0.020555
v -0.045856 0.012472 0.024736
v -0.046227 0.011467 0.026683
v -0.044522 0.014019 0.026297
v -0.029004 0.014466 -0.021953
v -0.028873 0.012674 -0.026500
v -0.028891 0.014830 -0.026531
v -0.046792 0.011167 0.024842
v -0.046227 0.011467 0.026683
v -0.045856 0.012472 0.024736
v -0.045856 0.012472 0.024736
v -0.046583 0.011947 0.022835
v -0.046792 0.011167 0.024842
v -0.028740 0.017647 -0.014376
v -0.028818 0.009918 -0.018236
v -0.028921 0.010675 -0.020145
v -0.017762 0.034827 -0.038364
v -0.018614 0.034919 -0.039591
v -0.019731 0.034489 -0.037469
v -0.027435 0.032643 -0.039567
v -0.028410 0.031649 -0.039673
v -0.028195 0.032966 -0.038617
v -0.021335 0.034408 -0.040252
v -0.022282 0.034429 -0.039500
v -0.020574 0.034641 -0.038387
v -0.028195 0.032966 -0.038617
v -0.028410 0.031649 -0.039673
v -0.029083 0.032101 -0.038872
v -0.020574 0.034641 -0.038387
v -0.019552 0.034826 -0.039572
v -0.021335 0.034408 -0.040252
v -0.028410 0.031649 -0.039673
v -0.027037 0.030346 -0.041042
v -0.027762 0.029700 -0.040872
v -0.047071 0.009776 0.026814
v -0.046792 0.011167 0.024842
v -0.047298 0.010212 0.024903
v -0.026280 0.031643 -0.040875
v -0.027037 0.030346 -0.041042
v -0.028410 0.031649 -0.039673
v -0.020373 0.034179 -0.041117
v -0.021335 0.034408 -0.040252
v -0.019552 0.034826 -0.039572
v -0.028914 0.010601 -0.021810
v -0.029004 0.014466 -0.021953
v -0.028916 0.010764 -0.020555
v -0.046394 0.010682 0.028056
v -0.046227 0.011467 0.026683
v -0.047071 0.009776 0.026814
v 0.006330 0.017026 -0.049295
v 0.001895 0.017043 -0.049466
v 0.003798 0.019302 -0.048558
v -0.046227 0.011467 0.026683
v -0.046792 0.011167 0.024842
v -0.047071 0.009776 0.026814
v -0.029004 0.014466 -0.021953
v -0.028914 0.010601 -0.021810
v -0.028880 0.010531 -0.023372
v -0.047071 0.009776 0.026814
v -0.047324 0.008713 0.026906
v -0.046651 0.009779 0.028582
v -0.028880 0.010531 -0.023372
v -0.028873 0.012674 -0.026500
v -0.029004 0.014466 -0.021953
v -0.046394 0.010682 0.028056
v -0.047071 0.009776 0.026814
v -0.046651 0.009779 0.028582
v -0.032319 0.030841 -0.036281
v -0.030980 0.031132 -0.037729
v -0.031869 0.029606 -0.037494
v -0.030980 0.031132 -0.037729
v -0.032319 0.030841 -0.036281
v -0.031556 0.031786 -0.036567
v -0.028645 0.009481 -0.021362
v -0.027588 0.008982 -0.021413
v -0.028584 0.009516 -0.022865
v -0.047324 0.008713 0.026906
v -0.047071 0.009776 0.026814
v -0.047298 0.010212 0.024903
v -0.027588 0.008982 -0.021413
v -0.026418 0.008856 -0.022192
v -0.027686 0.009200 -0.023713
v -0.008034 0.018787 -0.048458
v -0.004346 0.014498 -0.050475
v -0.007227 0.013999 -0.050546
v -0.047756 0.009894 0.022946
v -0.047298 0.010212 0.024903
v -0.046792 0.011167 0.024842
v -0.028914 0.010601 -0.021810
v -0.028720 0.009789 -0.023101
v -0.028794 0.010042 -0.023226
v -0.006229 0.019792 -0.048222
v -0.003403 0.018650 -0.048787
v -0.004346 0.014498 -0.050475
v -0.028914 0.010601 -0.021810
v -0.028584 0.009516 -0.022865
v -0.028720 0.009789 -0.023101
v -0.027800 0.033396 -0.033959
v -0.026413 0.033643 -0.034963
v -0.027550 0.033563 -0.035092
v -0.027550 0.033563 -0.035092
v -0.028947 0.033325 -0.034170
v -0.027800 0.033396 -0.033959
v -0.044906 0.012197 0.029957
v -0.046394 0.010682 0.028056
v -0.045870 0.010636 0.030131
v -0.028682 0.033451 -0.036184
v -0.028947 0.033325 -0.034170
v -0.027550 0.033563 -0.035092
v -0.045120 0.012474 0.028314
v -0.046394 0.010682 0.028056
v -0.044906 0.012197 0.029957
v 0.006171 0.032076 -0.044430
v 0.008285 0.030592 -0.044871
v 0.005922 0.026030 -0.046375
v -0.043085 0.012942 0.033839
v -0.044663 0.011075 0.032935
v -0.043530 0.011233 0.035268
v -0.043085 0.012942 0.033839
v -0.042984 0.014606 0.031473
v -0.044626 0.011957 0.031470
v 0.005922 0.026030 -0.046375
v 0.002042 0.031723 -0.044676
v 0.006171 0.032076 -0.044430
v -0.044626 0.011957 0.031470
v -0.044663 0.011075 0.032935
v -0.043085 0.012942 0.033839
v -0.028947 0.033325 -0.034170
v -0.028682 0.033451 -0.036184
v -0.029998 0.033201 -0.035019
v 0.006171 0.032076 -0.044430
v 0.002042 0.031723 -0.044676
v 0.003626 0.033503 -0.043836
v -0.029998 0.033189 -0.034024
v -0.028947 0.033325 -0.034170
v -0.029998 0.033201 -0.035019
v -0.044508 0.010163 0.034320
v -0.044663 0.011075 0.032935
v -0.045698 0.009798 0.031737
v -0.029998 0.033201 -0.035019
v -0.028682 0.033451 -0.036184
v -0.030374 0.032988 -0.035912
v -0.044663 0.011075 0.032935
v -0.044508 0.010163 0.034320
v -0.043530 0.011233 0.035268
v -0.044663 0.011075 0.032935
v -0.044626 0.011957 0.031470
v -0.045698 0.009798 0.031737
v -0.045870 0.010636 0.030131
v -0.045698 0.009798 0.031737
v -0.044626 0.011957 0.031470
v -0.044906 0.012197 0.029957
v -0.045870 0.010636 0.030131
v -0.044626 0.011957 0.031470
v -0.029998 0.033201 -0.035019
v -0.031182 0.032924 -0.034426
v -0.029998 0.033189 -0.034024
v -0.029998 0.033201 -0.035019
v -0.030374 0.032988 -0.035912
v -0.031182 0.032924 -0.034426
v -0.044626 0.011957 0.031470
v -0.042984 0.014606 0.031473
v -0.044906 0.012197 0.029957
v -0.028914 0.010601 -0.021810
v -0.028916 0.010764 -0.020555
v -0.028817 0.009957 -0.021650
v -0.028914 0.010601 -0.021810
v -0.028817 0.009957 -0.021650
v -0.028584 0.009516 -0.022865
v -0.028584 0.009516 -0.022865
v -0.028817 0.009957 -0.021650
v -0.028748 0.009707 -0.021533
v -0.028645 0.009481 -0.021362
v -0.028584 0.009516 -0.022865
v -0.028748 0.009707 -0.021533
v -0.027686 0.009200 -0.023713
v -0.028584 0.009516 -0.022865
v -0.027588 0.008982 -0.021413
v -0.031857 0.032556 -0.034744
v -0.030457 0.032791 -0.036500
v -0.030873 0.032241 -0.036939
v -0.027588 0.008982 -0.021413
v -0.028645 0.009481 -0.021362
v -0.028562 0.009370 -0.021224
v -0.044508 0.010163 0.034320
v -0.044793 0.008941 0.034546
v -0.043806 0.009330 0.036167
v -0.028562 0.009370 -0.021224
v -0.028645 0.009481 -0.021362
v -0.028816 0.009880 -0.019977
v -0.044508 0.010163 0.034320
v -0.045698 0.009798 0.031737
v -0.044793 0.008941 0.034546
v 0.008285 0.030592 -0.044871
v 0.006171 0.032076 -0.044430
v 0.007288 0.033412 -0.043757
v -0.046394 0.010682 0.028056
v -0.046651 0.009779 0.028582
v -0.045870 0.010636 0.030131
v -0.027444 0.032422 -0.031718
v -0.026250 0.031683 -0.033127
v -0.025620 0.032784 -0.033928
v 0.005436 0.034470 -0.043158
v 0.007288 0.033412 -0.043757
v 0.006171 0.032076 -0.044430
v 0.017429 0.024977 -0.036651
v 0.013968 0.031381 -0.036833
v 0.012999 0.030706 -0.036892
v 0.005436 0.034470 -0.043158
v 0.007265 0.034415 -0.043117
v 0.007288 0.033412 -0.043757
v -0.027800 0.033396 -0.033959
v -0.028187 0.032878 -0.031633
v -0.026921 0.033096 -0.033102
v -0.027800 0.033396 -0.033959
v -0.028947 0.033325 -0.034170
v -0.028187 0.032878 -0.031633
v 0.005436 0.034470 -0.043158
v 0.006341 0.034896 -0.042714
v 0.007265 0.034415 -0.043117
v -0.028187 0.032878 -0.031633
v -0.029908 0.033065 -0.032466
v -0.028960 0.032872 -0.031122
v 0.003626 0.033503 -0.043836
v 0.005436 0.034470 -0.043158
v 0.006171 0.032076 -0.044430
v 0.005436 0.034470 -0.043158
v 0.003626 0.033503 -0.043836
v 0.004067 0.034604 -0.043094
v 0.004067 0.034604 -0.043094
v 0.005424 0.035296 -0.042295
v 0.005436 0.034470 -0.043158
v 0.021537 0.024999 -0.044323
v 0.021439 0.026888 -0.043917
v 0.024152 0.024829 -0.043572
v 0.006341 0.034896 -0.042714
v 0.005436 0.034470 -0.043158
v 0.005424 0.035296 -0.042295
v 0.003626 0.033503 -0.043836
v 0.002702 0.034727 -0.043022
v 0.004067 0.034604 -0.043094
v -0.025002 0.007707 0.005744
v -0.027043 0.007838 0.005524
v -0.026036 0.007707 0.008440
v -0.026036 0.007707 0.008440
v -0.027043 0.007838 0.005524
v -0.028370 0.007975 0.008086
v 0.020114 0.021622 -0.045533
v 0.021537 0.024999 -0.044323
v 0.022746 0.024048 -0.044201
v 0.002042 0.031723 -0.044676
v 0.000553 0.030532 -0.045144
v 0.000889 0.033236 -0.044017
v -0.015176 0.007591 -0.000794
v -0.006880 0.007330 0.005642
v 0.000042 0.007400 -0.000061
v -0.000936 0.033236 -0.044017
v 0.000889 0.033236 -0.044017
v 0.000553 0.030532 -0.045144
v 0.041537 0.017959 -0.020493
v 0.041255 0.019229 -0.019224
v 0.042206 0.017601 -0.018310
v -0.025002 0.007707 0.005744
v -0.026036 0.007707 0.008440
v -0.006880 0.007330 0.005642
v 0.041175 0.020352 -0.017652
v 0.041484 0.021053 -0.014730
v 0.042389 0.018481 -0.015259
v 0.002042 0.031723 -0.044676
v 0.000889 0.033236 -0.044017
v 0.002253 0.033789 -0.043688
v 0.041484 0.021053 -0.014730
v 0.042819 0.019280 -0.010360
v 0.042768 0.018232 -0.013785
v 0.041484 0.021053 -0.014730
v 0.042768 0.018232 -0.013785
v 0.042389 0.018481 -0.015259
v -0.026036 0.007707 0.008440
v -0.026306 0.007620 0.014286
v -0.006880 0.007330 0.005642
v 0.042582 0.015989 -0.021349
v 0.041537 0.017959 -0.020493
v 0.042797 0.016369 -0.019112
v 0.041585 0.017156 -0.022231
v 0.040090 0.020789 -0.021761
v 0.041537 0.017959 -0.020493
v -0.026036 0.007707 0.008440
v -0.027567 0.007768 0.011112
v -0.026306 0.007620 0.014286
v 0.040090 0.020789 -0.021761
v 0.041585 0.017156 -0.022231
v 0.040928 0.017888 -0.023144
v 0.000889 0.033236 -0.044017
v -0.000936 0.033236 -0.044017
v -0.000024 0.034029 -0.043528
v 0.041537 0.017959 -0.020493
v 0.042582 0.015989 -0.021349
v 0.041585 0.017156 -0.022231
v -0.029143 0.007836 0.016796
v -0.028091 0.007659 0.018581
v -0.026306 0.007620 0.014286
v 0.028575 0.020516 -0.013955
v 0.028919 0.014904 -0.020632
v 0.028784 0.013380 -0.012993
v 0.028575 0.020516 -0.013955
v 0.028438 0.027493 -0.017660
v 0.028651 0.023996 -0.020599
v -0.006880 0.007330 0.005642
v -0.015176 0.007591 -0.000794
v -0.025002 0.007707 0.005744
v 0.028853 0.019107 -0.022585
v 0.028919 0.014904 -0.020632
v 0.028575 0.020516 -0.013955
v -0.006880 0.007330 0.005642
v 0.006473 0.007220 0.010977
v 0.000042 0.007400 -0.000061
v -0.006880 0.007330 0.005642
v -0.026306 0.007620 0.014286
v -0.008390 0.007006 0.024196
v -0.000630 0.006927 0.022757
v 0.006473 0.007220 0.010977
v -0.006880 0.007330 0.005642
v 0.030758 0.009401 0.015868
v 0.030642 0.008980 0.016075
v 0.031277 0.010150 0.018524
v 0.028853 0.019107 -0.022585
v 0.028925 0.014095 -0.025111
v 0.028919 0.014904 -0.020632
v -0.006880 0.007330 0.005642
v -0.008390 0.007006 0.024196
v -0.000630 0.006927 0.022757
v 0.002253 0.033789 -0.043688
v 0.000889 0.033236 -0.044017
v 0.001794 0.034524 -0.043196
v 0.031277 0.010150 0.018524
v 0.030642 0.008980 0.016075
v 0.030560 0.008779 0.016175
v -0.000630 0.006927 0.022757
v 0.011388 0.007113 0.022738
v 0.006473 0.007220 0.010977
v 0.012377 0.005885 -0.004781
v 0.023913 0.004880 0.025851
v 0.008376 0.005885 -0.004781
v -0.008693 0.005891 -0.004943
v 0.008376 0.005885 -0.004781
v -0.023876 0.004880 0.025851
v -0.023876 0.000000 -0.024778
v -0.023876 0.006533 -0.024535
v -0.023876 0.000000 0.025670
v 0.030642 0.008980 0.016075
v 0.030758 0.009401 0.015868
v 0.029914 0.008397 0.013447
v 0.030560 0.008779 0.016175
v 0.030642 0.008980 0.016075
v 0.029706 0.008223 0.013551
v -0.004537 0.006639 0.035879
v -0.008390 0.007006 0.024196
v -0.009457 0.006678 0.037485
v 0.028452 0.026148 -0.027355
v 0.028688 0.022129 -0.026241
v 0.028651 0.023996 -0.020599
v 0.028516 0.027296 -0.025917
v 0.028452 0.026148 -0.027355
v 0.028651 0.023996 -0.020599
v 0.028688 0.022129 -0.026241
v 0.028853 0.019107 -0.022585
v 0.028651 0.023996 -0.020599
v 0.028651 0.023996 -0.020599
v 0.028438 0.027493 -0.017660
v 0.028534 0.027972 -0.021190
v -0.009057 0.006444 0.040649
v -0.009457 0.006678 0.037485
v -0.011759 0.006511 0.040656
v 0.028534 0.027972 -0.021190
v 0.028516 0.027296 -0.025917
v 0.028651 0.023996 -0.020599
v -0.009457 0.006678 0.037485
v -0.009057 0.006444 0.040649
v -0.006939 0.006447 0.040649
v 0.028925 0.014095 -0.025111
v 0.028853 0.019107 -0.022585
v 0.028845 0.015017 -0.026532
v -0.028187 0.032878 -0.031633
v -0.028947 0.033325 -0.034170
v -0.029908 0.033065 -0.032466
v -0.029998 0.033189 -0.034024
v -0.031253 0.032937 -0.033085
v -0.029908 0.033065 -0.032466
v 0.016466 0.024744 -0.045495
v 0.017643 0.029813 -0.043983
v 0.019504 0.029564 -0.043689
v 0.016466 0.024744 -0.045495
v 0.016738 0.029148 -0.044337
v 0.017643 0.029813 -0.043983
v 0.019504 0.029564 -0.043689
v 0.021439 0.026888 -0.043917
v 0.016466 0.024744 -0.045495
v -0.031182 0.032924 -0.034426
v -0.031253 0.032937 -0.033085
v -0.029998 0.033189 -0.034024
v 0.024152 0.024829 -0.043572
v 0.026862 0.025896 -0.042258
v 0.027426 0.023312 -0.042578
v 0.024152 0.024829 -0.043572
v 0.024427 0.027220 -0.042936
v 0.026862 0.025896 -0.042258
v -0.028187 0.032878 -0.031633
v -0.028960 0.032872 -0.031122
v -0.028054 0.032378 -0.030664
v 0.025963 0.022183 -0.043524
v 0.024152 0.024829 -0.043572
v 0.027426 0.023312 -0.042578
v 0.003007 0.006718 0.032749
v -0.000630 0.006927 0.022757
v -0.004537 0.006639 0.035879
v -0.029908 0.033065 -0.032466
v -0.028947 0.033325 -0.034170
v -0.029998 0.033189 -0.034024
v 0.025963 0.022183 -0.043524
v 0.022746 0.024048 -0.044201
v 0.024152 0.024829 -0.043572
v -0.032325 0.032631 -0.031087
v -0.028960 0.032872 -0.031122
v -0.029908 0.033065 -0.032466
v -0.004537 0.006639 0.035879
v -0.000630 0.006927 0.022757
v -0.008390 0.007006 0.024196
v 0.016466 0.024744 -0.045495
v 0.021439 0.026888 -0.043917
v 0.021537 0.024999 -0.044323
v -0.028187 0.032878 -0.031633
v -0.028054 0.032378 -0.030664
v -0.027444 0.032422 -0.031718
v 0.016466 0.024744 -0.045495
v 0.021537 0.024999 -0.044323
v 0.020114 0.021622 -0.045533
v -0.028187 0.032878 -0.031633
v -0.027444 0.032422 -0.031718
v -0.026921 0.033096 -0.033102
v -0.027444 0.032422 -0.031718
v -0.025620 0.032784 -0.033928
v -0.026921 0.033096 -0.033102
v 0.021537 0.024999 -0.044323
v 0.024152 0.024829 -0.043572
v 0.022746 0.024048 -0.044201
v 0.003007 0.006718 0.032749
v 0.011388 0.007113 0.022738
v -0.000630 0.006927 0.022757
v 0.016466 0.024744 -0.045495
v 0.014854 0.029348 -0.044576
v 0.016738 0.029148 -0.044337
v 0.003007 0.006718 0.032749
v 0.014758 0.006968 0.033486
v 0.011388 0.007113 0.022738
v -0.027327 0.028817 -0.031597
v -0.026816 0.031558 -0.032396
v -0.027777 0.031364 -0.030568
v -0.027444 0.032422 -0.031718
v -0.027777 0.031364 -0.030568
v -0.026816 0.031558 -0.032396
v 0.020988 0.016885 -0.047217
v 0.016277 0.016345 -0.048472
v 0.018935 0.019175 -0.046652
v 0.003007 0.006718 0.032749
v 0.004625 0.006519 0.038862
v 0.014758 0.006968 0.033486
v -0.027444 0.032422 -0.031718
v -0.026816 0.031558 -0.032396
v -0.026250 0.031683 -0.033127
v 0.023913 0.000000 0.025670
v -0.023876 0.000000 0.025670
v 0.023913 0.004880 0.025851
v -0.023876 0.004880 0.025851
v 0.023913 0.004880 0.025851
v -0.023876 0.000000 0.025670
v -0.030780 0.007524 0.032051
v -0.024859 0.007354 0.030515
v -0.030446 0.007612 0.029079
v -0.030374 0.032988 -0.035912
v -0.031857 0.032556 -0.034744
v -0.031182 0.032924 -0.034426
v -0.029908 0.033065 -0.032466
v -0.032389 0.032643 -0.032136
v -0.032325 0.032631 -0.031087
v -0.008390 0.007006 0.024196
v -0.014292 0.006853 0.036697
v -0.009457 0.006678 0.037485
v -0.031253 0.032937 -0.033085
v -0.032389 0.032643 -0.032136
v -0.029908 0.033065 -0.032466
v -0.030780 0.007524 0.032051
v -0.029394 0.007298 0.035384
v -0.024859 0.007354 0.030515
v -0.032735 0.032430 -0.033029
v -0.032389 0.032643 -0.032136
v -0.031253 0.032937 -0.033085
v -0.014292 0.006853 0.036697
v -0.024859 0.007354 0.030515
v -0.019741 0.006860 0.040243
v -0.024859 0.007354 0.030515
v -0.014292 0.006853 0.036697
v -0.008390 0.007006 0.024196
v -0.032169 0.032546 -0.034097
v -0.032735 0.032430 -0.033029
v -0.031253 0.032937 -0.033085
v -0.032984 0.032453 -0.030906
v -0.032325 0.032631 -0.031087
v -0.033221 0.032322 -0.031675
v -0.011759 0.006511 0.040656
v -0.014292 0.006853 0.036697
v -0.016398 0.006714 0.040677
v -0.032389 0.032643 -0.032136
v -0.033221 0.032322 -0.031675
v -0.032325 0.032631 -0.031087
v 0.003626 0.033503 -0.043836
v 0.002042 0.031723 -0.044676
v 0.002253 0.033789 -0.043688
v -0.028091 0.007659 0.018581
v -0.028235 0.007634 0.020124
v -0.008390 0.007006 0.024196
v -0.008390 0.007006 0.024196
v -0.026306 0.007620 0.014286
v -0.028091 0.007659 0.018581
v -0.000936 0.033236 -0.044017
v -0.000934 0.034066 -0.043531
v -0.000024 0.034029 -0.043528
v -0.032169 0.032546 -0.034097
v -0.031253 0.032937 -0.033085
v -0.031182 0.032924 -0.034426
v -0.000934 0.034066 -0.043531
v -0.001839 0.035079 -0.042679
v -0.000932 0.034739 -0.043029
v -0.031857 0.032556 -0.034744
v -0.032169 0.032546 -0.034097
v -0.031182 0.032924 -0.034426
v 0.039425 0.026268 -0.015919
v 0.037891 0.028935 -0.016569
v 0.038918 0.027632 -0.013828
v -0.000024 0.034029 -0.043528
v -0.000932 0.034739 -0.043029
v -0.000024 0.035083 -0.042681
v -0.027777 0.007573 0.021816
v -0.008390 0.007006 0.024196
v -0.028235 0.007634 0.020124
v -0.030374 0.032988 -0.035912
v -0.030457 0.032791 -0.036500
v -0.031857 0.032556 -0.034744
v -0.000024 0.034029 -0.043528
v -0.000934 0.034066 -0.043531
v -0.000932 0.034739 -0.043029
v -0.026641 0.007455 0.026916
v -0.008390 0.007006 0.024196
v -0.027777 0.007573 0.021816
v -0.000024 0.035083 -0.042681
v 0.000884 0.034739 -0.043029
v -0.000024 0.034029 -0.043528
v 0.038918 0.027632 -0.013828
v 0.038271 0.028492 -0.012440
v 0.039523 0.026814 -0.011696
v -0.027777 0.007573 0.021816
v -0.028783 0.007614 0.023181
v -0.026641 0.007455 0.026916
v 0.038271 0.028492 -0.012440
v 0.037867 0.028706 -0.010217
v 0.039237 0.027308 -0.010932
v -0.026641 0.007455 0.026916
v -0.028783 0.007614 0.023181
v -0.030321 0.007720 0.025951
v 0.037867 0.028706 -0.010217
v 0.038535 0.028106 -0.009389
v 0.039237 0.027308 -0.010932
v -0.030321 0.007720 0.025951
v -0.031163 0.007866 0.027278
v -0.026641 0.007455 0.026916
v 0.031309 0.013015 0.018040
v 0.031277 0.010150 0.018524
v 0.031769 0.011056 0.021253
v 0.002253 0.033789 -0.043688
v 0.001794 0.034524 -0.043196
v 0.002702 0.034727 -0.043022
v -0.008390 0.007006 0.024196
v -0.026641 0.007455 0.026916
v -0.024859 0.007354 0.030515
v 0.031277 0.010150 0.018524
v 0.031309 0.013015 0.018040
v 0.030842 0.009954 0.015614
v -0.028260 0.009075 -0.019082
v -0.027948 0.008928 -0.018792
v -0.027106 0.008824 -0.020366
v 0.002253 0.033789 -0.043688
v 0.002702 0.034727 -0.043022
v 0.003626 0.033503 -0.043836
v -0.000024 0.034029 -0.043528
v 0.000884 0.034739 -0.043029
v 0.000889 0.033236 -0.044017
v 0.038918 0.027632 -0.013828
v 0.039523 0.026814 -0.011696
v 0.039579 0.026418 -0.013890
v -0.027106 0.008824 -0.020366
v -0.028602 0.009328 -0.019629
v -0.028260 0.009075 -0.019082
v -0.027588 0.008982 -0.021413
v -0.028602 0.009328 -0.019629
v -0.027106 0.008824 -0.020366
v 0.001794 0.034524 -0.043196
v 0.000889 0.033236 -0.044017
v 0.000884 0.034739 -0.043029
v 0.039579 0.026418 -0.013890
v 0.039425 0.026268 -0.015919
v 0.038918 0.027632 -0.013828
v 0.031090 0.009087 0.019016
v 0.031012 0.008866 0.019121
v 0.031634 0.009516 0.021857
v -0.045870 0.010636 0.030131
v -0.046651 0.009779 0.028582
v -0.046376 0.009073 0.030315
v -0.045870 0.010636 0.030131
v -0.046376 0.009073 0.030315
v -0.045698 0.009798 0.031737
v 0.000553 0.030532 -0.045144
v 0.002042 0.031723 -0.044676
v 0.003437 0.025668 -0.046589
v -0.028748 0.009707 -0.021533
v -0.028817 0.009957 -0.021650
v -0.028916 0.010764 -0.020555
v -0.047851 0.007725 0.025075
v -0.048569 0.009025 0.018776
v -0.049131 0.000000 0.022227
v -0.030446 0.007612 0.029079
v -0.024859 0.007354 0.030515
v -0.026641 0.007455 0.026916
v 0.031277 0.010150 0.018524
v 0.030560 0.008779 0.016175
v 0.031167 0.009374 0.018878
v -0.001877 0.029274 -0.045555
v 0.000553 0.030532 -0.045144
v 0.003437 0.025668 -0.046589
v 0.030347 0.008443 0.016348
v 0.031090 0.009087 0.019016
v 0.031167 0.009374 0.018878
v -0.026641 0.007455 0.026916
v -0.031163 0.007866 0.027278
v -0.030446 0.007612 0.029079
v 0.030560 0.008779 0.016175
v 0.030347 0.008443 0.016348
v 0.031167 0.009374 0.018878
v -0.048521 0.000000 0.026354
v -0.047851 0.007725 0.025075
v -0.049131 0.000000 0.022227
v 0.031277 0.010150 0.018524
v 0.031167 0.009374 0.018878
v 0.031769 0.011056 0.021253
v 0.005629 0.006711 0.040676
v 0.005637 0.006388 0.040950
v 0.005629 0.006603 0.041808
v 0.031634 0.009516 0.021857
v 0.031769 0.011056 0.021253
v 0.031167 0.009374 0.018878
v -0.048521 0.000000 0.026354
v -0.047259 0.006050 0.028906
v -0.047851 0.007725 0.025075
v -0.047259 0.006050 0.028906
v -0.047324 0.008713 0.026906
v -0.047851 0.007725 0.025075
v 0.031090 0.009087 0.019016
v 0.031634 0.009516 0.021857
v 0.031167 0.009374 0.018878
v -0.047851 0.007725 0.025075
v -0.047298 0.010212 0.024903
v -0.047756 0.009894 0.022946
v 0.031309 0.013015 0.018040
v 0.031769 0.011056 0.021253
v 0.033057 0.019871 0.027645
v 0.030502 0.011417 0.012445
v 0.030842 0.009954 0.015614
v 0.031309 0.013015 0.018040
v -0.009632 0.033577 -0.043511
v -0.008264 0.033087 -0.043877
v -0.009657 0.030882 -0.044665
v -0.047324 0.008713 0.026906
v -0.047298 0.010212 0.024903
v -0.047851 0.007725 0.025075
v 0.005629 0.006603 0.041808
v 0.028942 0.007346 0.040743
v 0.005629 0.006711 0.040676
v -0.046651 0.009779 0.028582
v -0.047324 0.008713 0.026906
v -0.047259 0.006050 0.028906
v 0.031277 0.010150 0.018524
v 0.030842 0.009954 0.015614
v 0.030758 0.009401 0.015868
v 0.030502 0.011417 0.012445
v 0.031309 0.013015 0.018040
v 0.030210 0.016584 0.010838
v 0.003007 0.006718 0.032749
v -0.004537 0.006639 0.035879
v 0.001799 0.006411 0.040304
v -0.003139 0.030256 -0.045205
v -0.005327 0.030583 -0.045030
v -0.004602 0.032554 -0.044288
v -0.044948 0.007873 0.034734
v -0.045628 0.007079 0.033524
v -0.044737 0.004778 0.036369
v 0.003007 0.006718 0.032749
v 0.001799 0.006411 0.040304
v 0.004625 0.006519 0.038862
v 0.018935 0.019175 -0.046652
v 0.014310 0.019050 -0.047570
v 0.016495 0.021305 -0.046403
v 0.005638 0.006412 0.040645
v 0.005637 0.006388 0.040950
v 0.005629 0.006711 0.040676
v 0.007519 0.006462 0.040650
v 0.007174 0.006455 0.040650
v 0.005629 0.006711 0.040676
v 0.029341 0.008522 0.007710
v 0.029473 0.008721 0.007595
v 0.028586 0.008176 0.005217
v 0.020931 0.018716 -0.046338
v 0.020988 0.016885 -0.047217
v 0.018935 0.019175 -0.046652
v -0.031857 0.032556 -0.034744
v -0.032453 0.032123 -0.034710
v -0.032169 0.032546 -0.034097
v 0.029676 0.009286 0.007287
v 0.028811 0.008303 0.005128
v 0.029606 0.009036 0.007420
v -0.028916 0.010764 -0.020555
v -0.028645 0.009481 -0.021362
v -0.028748 0.009707 -0.021533
v -0.008264 0.033087 -0.043877
v -0.005484 0.034470 -0.043158
v -0.004582 0.033776 -0.043665
v -0.004582 0.033776 -0.043665
v -0.003673 0.033503 -0.043836
v -0.004602 0.032554 -0.044288
v 0.023205 0.018416 -0.045820
v 0.023315 0.015083 -0.047645
v 0.020988 0.016885 -0.047217
v -0.003673 0.033503 -0.043836
v -0.002763 0.033226 -0.044005
v -0.003139 0.030256 -0.045205
v -0.002763 0.033226 -0.044005
v -0.000936 0.033236 -0.044017
v -0.003139 0.030256 -0.045205
v -0.002763 0.033226 -0.044005
v -0.000934 0.034066 -0.043531
v -0.000936 0.033236 -0.044017
v 0.023205 0.018416 -0.045820
v 0.022248 0.019803 -0.045542
v 0.022746 0.024048 -0.044201
v -0.028602 0.009328 -0.019629
v -0.027588 0.008982 -0.021413
v -0.028562 0.009370 -0.021224
v -0.001839 0.035079 -0.042679
v -0.000934 0.034066 -0.043531
v -0.002763 0.033226 -0.044005
v -0.001839 0.035079 -0.042679
v -0.002763 0.033226 -0.044005
v -0.002747 0.034966 -0.042759
v 0.022248 0.019803 -0.045542
v 0.023205 0.018416 -0.045820
v 0.020931 0.018716 -0.046338
v -0.028645 0.009481 -0.021362
v -0.028921 0.010675 -0.020145
v -0.028816 0.009880 -0.019977
v -0.003673 0.033503 -0.043836
v -0.003139 0.030256 -0.045205
v -0.004602 0.032554 -0.044288
v 0.020988 0.016885 -0.047217
v 0.020931 0.018716 -0.046338
v 0.023205 0.018416 -0.045820
v -0.003673 0.033503 -0.043836
v -0.002747 0.034966 -0.042759
v -0.002763 0.033226 -0.044005
v -0.004582 0.033776 -0.043665
v -0.002747 0.034966 -0.042759
v -0.003673 0.033503 -0.043836
v 0.022248 0.019803 -0.045542
v 0.020931 0.018716 -0.046338
v 0.020114 0.021622 -0.045533
v 0.008529 0.006393 0.041786
v 0.005629 0.006603 0.041808
v 0.007860 0.006378 0.041785
v -0.004582 0.033776 -0.043665
v -0.004568 0.034701 -0.043005
v -0.002747 0.034966 -0.042759
v 0.016495 0.021305 -0.046403
v 0.020114 0.021622 -0.045533
v 0.018935 0.019175 -0.046652
v -0.004104 0.035630 -0.041671
v -0.004568 0.034701 -0.043005
v -0.005484 0.034470 -0.043158
v 0.020931 0.018716 -0.046338
v 0.018935 0.019175 -0.046652
v 0.020114 0.021622 -0.045533
v 0.022746 0.024048 -0.044201
v 0.022248 0.019803 -0.045542
v 0.020114 0.021622 -0.045533
v -0.006390 0.034896 -0.042714
v -0.004104 0.035630 -0.041671
v -0.005484 0.034470 -0.043158
v -0.005484 0.034470 -0.043158
v -0.004568 0.034701 -0.043005
v -0.004582 0.033776 -0.043665
v 0.004625 0.006519 0.038862
v 0.007357 0.006502 0.040109
v 0.014758 0.006968 0.033486
v 0.016466 0.024744 -0.045495
v 0.020114 0.021622 -0.045533
v 0.016495 0.021305 -0.046403
v 0.005637 0.006325 0.041779
v 0.005629 0.006603 0.041808
v 0.005637 0.006388 0.040950
v -0.008063 0.032013 -0.044361
v -0.005327 0.030583 -0.045030
v -0.007832 0.027658 -0.045802
v -0.004602 0.032554 -0.044288
v -0.005327 0.030583 -0.045030
v -0.008063 0.032013 -0.044361
v 0.022746 0.024048 -0.044201
v 0.024927 0.018840 -0.045040
v 0.023205 0.018416 -0.045820
v 0.005638 0.006412 0.040645
v 0.005629 0.006711 0.040676
v 0.007174 0.006455 0.040650
v -0.008063 0.032013 -0.044361
v -0.007832 0.027658 -0.045802
v -0.009657 0.030882 -0.044665
v 0.022746 0.024048 -0.044201
v 0.026141 0.019530 -0.044279
v 0.024927 0.018840 -0.045040
v 0.007860 0.006378 0.041785
v 0.005629 0.006603 0.041808
v 0.006791 0.006358 0.041783
v 0.005637 0.006325 0.041779
v 0.006791 0.006358 0.041783
v 0.005629 0.006603 0.041808
v -0.009657 0.030882 -0.044665
v -0.008264 0.033087 -0.043877
v -0.008063 0.032013 -0.044361
v 0.005637 0.006388 0.040950
v 0.004625 0.006519 0.038862
v 0.005637 0.006325 0.041779
v 0.005638 0.006412 0.040645
v 0.004625 0.006519 0.038862
v 0.005637 0.006388 0.040950
v 0.005339 0.005988 0.046076
v 0.005637 0.006325 0.041779
v 0.004625 0.006519 0.038862
v 0.005922 0.026030 -0.046375
v 0.012605 0.026986 -0.045512
v 0.009243 0.021469 -0.047409
v 0.007357 0.006502 0.040109
v 0.004625 0.006519 0.038862
v 0.005638 0.006412 0.040645
v 0.005638 0.006412 0.040645
v 0.007174 0.006455 0.040650
v 0.007357 0.006502 0.040109
v -0.004582 0.033776 -0.043665
v -0.004602 0.032554 -0.044288
v -0.008264 0.033087 -0.043877
v 0.014854 0.029348 -0.044576
v 0.016466 0.024744 -0.045495
v 0.012605 0.026986 -0.045512
v 0.005339 0.005988 0.046076
v 0.006791 0.006358 0.041783
v 0.005637 0.006325 0.041779
v 0.013241 0.022702 -0.046542
v 0.014310 0.019050 -0.047570
v 0.011943 0.020587 -0.047363
v 0.004625 0.006519 0.038862
v 0.001799 0.006411 0.040304
v 0.005339 0.005988 0.046076
v 0.005637 0.006024 0.045703
v 0.005637 0.005995 0.046060
v 0.005632 0.006410 0.045421
v 0.013241 0.022702 -0.046542
v 0.012605 0.026986 -0.045512
v 0.016466 0.024744 -0.045495
v 0.010497 0.018777 -0.048204
v 0.011943 0.020587 -0.047363
v 0.014310 0.019050 -0.047570
v 0.039523 0.026814 -0.011696
v 0.038271 0.028492 -0.012440
v 0.039237 0.027308 -0.010932
v 0.013241 0.022702 -0.046542
v 0.009243 0.021469 -0.047409
v 0.012605 0.026986 -0.045512
v 0.036816 0.029587 -0.012689
v 0.036161 0.029796 -0.012071
v 0.037867 0.028706 -0.010217
v 0.029676 0.009286 0.007287
v 0.029151 0.008660 0.004903
v 0.029015 0.008480 0.005014
v 0.029015 0.008480 0.005014
v 0.028811 0.008303 0.005128
v 0.029676 0.009286 0.007287
v -0.028728 0.009561 -0.019833
v -0.028602 0.009328 -0.019629
v -0.028562 0.009370 -0.021224
v 0.037333 0.029276 -0.012580
v 0.037237 0.029452 -0.014045
v 0.036816 0.029587 -0.012689
v 0.037237 0.029452 -0.014045
v 0.037891 0.028935 -0.016569
v 0.036903 0.029774 -0.015524
v 0.037237 0.029452 -0.014045
v 0.038918 0.027632 -0.013828
v 0.037891 0.028935 -0.016569
v 0.038918 0.027632 -0.013828
v 0.037237 0.029452 -0.014045
v 0.038271 0.028492 -0.012440
v 0.037237 0.029452 -0.014045
v 0.037333 0.029276 -0.012580
v 0.038271 0.028492 -0.012440
v -0.028645 0.009481 -0.021362
v -0.028916 0.010764 -0.020555
v -0.028921 0.010675 -0.020145
v 0.038271 0.028492 -0.012440
v 0.037333 0.029276 -0.012580
v 0.037867 0.028706 -0.010217
v 0.037333 0.029276 -0.012580
v 0.036816 0.029587 -0.012689
v 0.037867 0.028706 -0.010217
v 0.036903 0.029774 -0.015524
v 0.035067 0.030444 -0.014704
v 0.037237 0.029452 -0.014045
v 0.028128 0.008021 0.005337
v 0.029341 0.008522 0.007710
v 0.028586 0.008176 0.005217
v 0.011694 0.006182 0.045380
v 0.011039 0.006161 0.045376
v 0.005632 0.006410 0.045421
v 0.008934 0.006112 0.045368
v 0.005638 0.006051 0.045357
v 0.005632 0.006410 0.045421
v 0.037867 0.028706 -0.010217
v 0.036161 0.029796 -0.012071
v 0.036427 0.029411 -0.009629
v 0.036816 0.029587 -0.012689
v 0.035700 0.030065 -0.012975
v 0.036161 0.029796 -0.012071
v 0.001799 0.006411 0.040304
v 0.000732 0.006152 0.044124
v 0.005339 0.005988 0.046076
v 0.037237 0.029452 -0.014045
v 0.035067 0.030444 -0.014704
v 0.035700 0.030065 -0.012975
v 0.037237 0.029452 -0.014045
v 0.035700 0.030065 -0.012975
v 0.036816 0.029587 -0.012689
v 0.005637 0.006024 0.045703
v 0.005632 0.006410 0.045421
v 0.005638 0.006051 0.045357
v 0.005339 0.005988 0.046076
v 0.005637 0.005995 0.046060
v 0.005637 0.006024 0.045703
v 0.005637 0.006024 0.045703
v 0.005638 0.006051 0.045357
v 0.005339 0.005988 0.046076
v -0.045971 0.000000 0.035623
v -0.045380 0.000000 0.036945
v -0.044242 0.003726 0.037659
v 0.006791 0.006358 0.041783
v 0.005339 0.005988 0.046076
v 0.005638 0.006051 0.045357
v 0.007860 0.006378 0.041785
v 0.006791 0.006358 0.041783
v 0.008934 0.006112 0.045368
v -0.044737 0.004778 0.036369
v -0.045971 0.000000 0.035623
v -0.044242 0.003726 0.037659
v 0.005638 0.006051 0.045357
v 0.008934 0.006112 0.045368
v 0.006791 0.006358 0.041783
v 0.027661 0.007963 0.004079
v 0.028586 0.008176 0.005217
v 0.028811 0.008303 0.005128
v -0.044793 0.008941 0.034546
v -0.045698 0.009798 0.031737
v -0.044948 0.007873 0.034734
v 0.029228 0.008794 0.004824
v 0.028286 0.008177 0.002591
v 0.029151 0.008660 0.004903
v -0.044948 0.007873 0.034734
v -0.045698 0.009798 0.031737
v -0.045628 0.007079 0.033524
v -0.046077 0.003554 0.033877
v -0.045971 0.000000 0.035623
v -0.044737 0.004778 0.036369
v 0.028286 0.008177 0.002591
v 0.029228 0.008794 0.004824
v 0.028517 0.008292 0.002507
v 0.028286 0.008177 0.002591
v 0.029015 0.008480 0.005014
v 0.029151 0.008660 0.004903
v -0.044737 0.004778 0.036369
v -0.045628 0.007079 0.033524
v -0.046077 0.003554 0.033877
v 0.029315 0.009007 0.004698
v 0.028517 0.008292 0.002507
v 0.029228 0.008794 0.004824
v -0.045698 0.009798 0.031737
v -0.046376 0.009073 0.030315
v -0.045628 0.007079 0.033524
v 0.029315 0.009007 0.004698
v 0.028727 0.008452 0.002396
v 0.028517 0.008292 0.002507
v 0.005637 0.005970 0.046218
v 0.005632 0.006221 0.046543
v 0.005637 0.005995 0.046060
v -0.045628 0.007079 0.033524
v -0.047082 0.003715 0.030765
v -0.046077 0.003554 0.033877
v 0.005637 0.005970 0.046218
v 0.005637 0.005995 0.046060
v 0.005339 0.005988 0.046076
v -0.046077 0.003554 0.033877
v -0.046530 0.000000 0.034194
v -0.045971 0.000000 0.035623
v -0.047082 0.003715 0.030765
v -0.047287 0.000000 0.031829
v -0.046077 0.003554 0.033877
v 0.005632 0.006410 0.045421
v 0.005637 0.005995 0.046060
v 0.005632 0.006221 0.046543
v 0.006212 0.005936 0.046491
v 0.008857 0.005973 0.046498
v 0.005632 0.006221 0.046543
v 0.005632 0.006410 0.045421
v 0.005632 0.006221 0.046543
v 0.028953 0.006753 0.045483
v -0.046376 0.009073 0.030315
v -0.046651 0.009779 0.028582
v -0.047259 0.006050 0.028906
v -0.046077 0.003554 0.033877
v -0.047287 0.000000 0.031829
v -0.046530 0.000000 0.034194
v 0.008857 0.005973 0.046498
v 0.009473 0.005962 0.046496
v 0.005632 0.006221 0.046543
v 0.009243 0.021469 -0.047409
v 0.013241 0.022702 -0.046542
v 0.011943 0.020587 -0.047363
v 0.008468 0.005801 0.047563
v 0.008857 0.005973 0.046498
v 0.006212 0.005936 0.046491
v -0.045628 0.007079 0.033524
v -0.047259 0.006050 0.028906
v -0.047082 0.003715 0.030765
v 0.009243 0.021469 -0.047409
v 0.011943 0.020587 -0.047363
v 0.010497 0.018777 -0.048204
v 0.016495 0.021305 -0.046403
v 0.014310 0.019050 -0.047570
v 0.013241 0.022702 -0.046542
v -0.047259 0.006050 0.028906
v -0.045628 0.007079 0.033524
v -0.046376 0.009073 0.030315
v -0.047082 0.003715 0.030765
v -0.047959 0.000000 0.029229
v -0.047287 0.000000 0.031829
v 0.013241 0.022702 -0.046542
v 0.016466 0.024744 -0.045495
v 0.016495 0.021305 -0.046403
v -0.047082 0.003715 0.030765
v -0.047259 0.006050 0.028906
v -0.048521 0.000000 0.026354
v -0.047959 0.000000 0.029229
v -0.047082 0.003715 0.030765
v -0.048521 0.000000 0.026354
v 0.006342 0.004789 0.050596
v 0.004756 0.004846 0.050440
v 0.006363 0.004419 0.051058
v -0.043806 0.009330 0.036167
v -0.044793 0.008941 0.034546
v -0.044948 0.007873 0.034734
v 0.014310 0.019050 -0.047570
v 0.014372 0.015367 -0.049251
v 0.010497 0.018777 -0.048204
v 0.006283 0.005298 0.049440
v 0.004756 0.004846 0.050440
v 0.006342 0.004789 0.050596
v 0.016277 0.016345 -0.048472
v 0.014372 0.015367 -0.049251
v 0.014310 0.019050 -0.047570
v 0.013416 0.015002 -0.049554
v 0.010497 0.018777 -0.048204
v 0.014372 0.015367 -0.049251
v 0.006330 0.017026 -0.049295
v 0.009243 0.021469 -0.047409
v 0.009202 0.017289 -0.048952
v 0.009243 0.021469 -0.047409
v 0.010497 0.018777 -0.048204
v 0.009202 0.017289 -0.048952
v 0.007932 0.004345 0.051007
v 0.007862 0.005168 0.049832
v 0.006342 0.004789 0.050596
v 0.010497 0.018777 -0.048204
v 0.013416 0.015002 -0.049554
v 0.009202 0.017289 -0.048952
v 0.004756 0.004846 0.050440
v 0.006283 0.005298 0.049440
v 0.003097 0.005702 0.047807
v 0.016277 0.016345 -0.048472
v 0.014310 0.019050 -0.047570
v 0.018935 0.019175 -0.046652
v 0.005637 0.005912 0.046487
v 0.005632 0.006221 0.046543
v 0.005637 0.005970 0.046218
v -0.036021 0.017187 0.039488
v -0.035917 0.018247 0.038386
v -0.036485 0.017999 0.038598
v 0.005637 0.005912 0.046487
v 0.006212 0.005936 0.046491
v 0.005632 0.006221 0.046543
v -0.035917 0.018247 0.038386
v -0.036422 0.018432 0.038054
v -0.036485 0.017999 0.038598
v 0.005339 0.005988 0.046076
v 0.003097 0.005702 0.047807
v 0.006283 0.005298 0.049440
v 0.005637 0.005970 0.046218
v 0.005339 0.005988 0.046076
v 0.005637 0.005912 0.046487
v 0.006283 0.005298 0.049440
v 0.005637 0.005912 0.046487
v 0.005339 0.005988 0.046076
v -0.035752 0.019140 0.037131
v -0.036422 0.018432 0.038054
v -0.035917 0.018247 0.038386
v -0.035752 0.019140 0.037131
v -0.036869 0.018852 0.037069
v -0.036422 0.018432 0.038054
v 0.006212 0.005936 0.046491
v 0.005637 0.005912 0.046487
v 0.006283 0.005298 0.049440
v 0.006283 0.005298 0.049440
v 0.008468 0.005801 0.047563
v 0.006212 0.005936 0.046491
v -0.036869 0.018852 0.037069
v -0.037474 0.018390 0.037234
v -0.036422 0.018432 0.038054
v -0.038081 0.017725 0.037496
v -0.037066 0.017549 0.038718
v -0.036485 0.017999 0.038598
v -0.036422 0.018432 0.038054
v -0.038081 0.017725 0.037496
v -0.036485 0.017999 0.038598
v -0.037114 0.016939 0.039274
v -0.037066 0.017549 0.038718
v -0.038081 0.017725 0.037496
v -0.038081 0.017725 0.037496
v -0.038638 0.017292 0.037370
v -0.037114 0.016939 0.039274
v 0.007954 0.003457 0.051526
v 0.007932 0.004345 0.051007
v 0.006363 0.004419 0.051058
v 0.004789 0.004013 0.051426
v 0.006383 0.003033 0.051736
v 0.006363 0.004419 0.051058
v -0.035752 0.019140 0.037131
v -0.035917 0.018247 0.038386
v -0.035384 0.018184 0.037850
v 0.028811 0.008303 0.005128
v 0.028286 0.008177 0.002591
v 0.027661 0.007963 0.004079
v -0.035483 0.016694 0.039145
v -0.034873 0.017464 0.036721
v -0.035384 0.018184 0.037850
v 0.028586 0.008176 0.005217
v 0.027661 0.007963 0.004079
v 0.028128 0.008021 0.005337
v 0.006342 0.004789 0.050596
v 0.006363 0.004419 0.051058
v 0.007932 0.004345 0.051007
v 0.029015 0.008480 0.005014
v 0.028286 0.008177 0.002591
v 0.028811 0.008303 0.005128
v -0.034905 0.013170 0.038687
v -0.034873 0.017464 0.036721
v -0.035483 0.016694 0.039145
v -0.035483 0.016694 0.039145
v -0.035483 0.015832 0.039631
v -0.034905 0.013170 0.038687
v 0.028128 0.008021 0.005337
v 0.027661 0.007963 0.004079
v 0.025109 0.007715 0.005729
v 0.025109 0.007715 0.005729
v 0.027661 0.007963 0.004079
v 0.025858 0.007809 0.002954
v 0.001527 0.005815 0.047010
v 0.000732 0.006152 0.044124
v -0.000804 0.005686 0.047840
v 0.025109 0.007715 0.005729
v 0.025858 0.007809 0.002954
v 0.020500 0.007593 0.005448
v 0.000732 0.006152 0.044124
v 0.001527 0.005815 0.047010
v 0.005339 0.005988 0.046076
v 0.001527 0.005815 0.047010
v 0.003097 0.005702 0.047807
v 0.005339 0.005988 0.046076
v 0.002351 0.005325 0.049334
v 0.001568 0.005080 0.050062
v 0.003175 0.004746 0.050714
v -0.034198 0.009564 0.037395
v -0.034284 0.010260 0.037118
v -0.035511 0.011009 0.041501
v -0.000024 0.005236 0.049598
v -0.000024 0.004731 0.050754
v 0.001568 0.005080 0.050062
v 0.029512 0.008357 0.010605
v 0.030342 0.009266 0.012993
v 0.029704 0.008576 0.010479
v -0.034905 0.013170 0.038687
v -0.033777 0.010558 0.033922
v -0.033822 0.011711 0.033431
v 0.004756 0.004846 0.050440
v 0.002351 0.005325 0.049334
v 0.003175 0.004746 0.050714
v 0.029831 0.008797 0.010358
v 0.029901 0.008959 0.010270
v 0.028824 0.008139 0.007955
v 0.003097 0.005702 0.047807
v 0.002351 0.005325 0.049334
v 0.004756 0.004846 0.050440
v -0.035464 0.013806 0.040403
v -0.034905 0.013170 0.038687
v -0.035483 0.015832 0.039631
v 0.028824 0.008139 0.007955
v 0.029704 0.008576 0.010479
v 0.029831 0.008797 0.010358
v -0.035511 0.011009 0.041501
v -0.034905 0.013170 0.038687
v -0.035464 0.013806 0.040403
v 0.001568 0.005080 0.050062
v 0.001527 0.005815 0.047010
v -0.000024 0.005236 0.049598
v -0.000804 0.005686 0.047840
v -0.000024 0.005236 0.049598
v 0.001527 0.005815 0.047010
v -0.035384 0.018184 0.037850
v -0.035917 0.018247 0.038386
v -0.035483 0.016694 0.039145
v -0.034284 0.010260 0.037118
v -0.034905 0.013170 0.038687
v -0.035511 0.011009 0.041501
v -0.034551 0.008407 0.040129
v -0.035511 0.011009 0.041501
v -0.035378 0.009293 0.042116
v 0.001527 0.005815 0.047010
v 0.002351 0.005325 0.049334
v 0.003097 0.005702 0.047807
v 0.029901 0.008959 0.010270
v 0.029143 0.008325 0.007830
v 0.028824 0.008139 0.007955
v 0.001568 0.005080 0.050062
v 0.002351 0.005325 0.049334
v 0.001527 0.005815 0.047010
v -0.008063 0.032013 -0.044361
v -0.008264 0.033087 -0.043877
v -0.004602 0.032554 -0.044288
v 0.003175 0.004746 0.050714
v 0.001568 0.005080 0.050062
v 0.001586 0.003987 0.051508
v 0.021265 0.025077 -0.035994
v 0.021237 0.025077 -0.036000
v 0.021243 0.025073 -0.035975
v 0.021243 0.025073 -0.035975
v 0.021237 0.025077 -0.036000
v 0.020747 0.025082 -0.036113
v -0.009632 0.033577 -0.043511
v -0.009151 0.034335 -0.043057
v -0.008264 0.033087 -0.043877
v -0.006390 0.034896 -0.042714
v -0.005484 0.034470 -0.043158
v -0.008264 0.033087 -0.043877
v 0.001586 0.003987 0.051508
v 0.001568 0.005080 0.050062
v -0.000024 0.004731 0.050754
v -0.006390 0.034896 -0.042714
v -0.008264 0.033087 -0.043877
v -0.008226 0.034588 -0.042925
v -0.008226 0.034588 -0.042925
v -0.008264 0.033087 -0.043877
v -0.009151 0.034335 -0.043057
v 0.006383 0.003033 0.051736
v 0.004798 0.000000 0.052612
v 0.009699 0.000000 0.052341
v 0.020747 0.025082 -0.036113
v 0.021237 0.025077 -0.036000
v 0.020795 0.027578 -0.036128
v 0.020795 0.027578 -0.036128
v 0.020288 0.025080 -0.036219
v 0.020747 0.025082 -0.036113
v 0.021265 0.025077 -0.035994
v 0.022180 0.025046 -0.035783
v 0.020795 0.027578 -0.036128
v -0.009151 0.034335 -0.043057
v -0.009632 0.033577 -0.043511
v -0.010063 0.034738 -0.042600
v 0.004789 0.004013 0.051426
v 0.003194 0.003604 0.051666
v 0.004798 0.000000 0.052612
v 0.021265 0.025077 -0.035994
v 0.020795 0.027578 -0.036128
v 0.021237 0.025077 -0.036000
v 0.020795 0.027578 -0.036128
v 0.022180 0.025046 -0.035783
v 0.022279 0.025046 -0.035760
v 0.020288 0.025080 -0.036219
v 0.019665 0.024353 -0.034696
v 0.020747 0.025082 -0.036113
v -0.014075 0.026668 -0.045405
v -0.007832 0.027658 -0.045802
v -0.011600 0.023565 -0.046540
v -0.000024 0.004731 0.050754
v -0.000024 0.004174 0.051368
v 0.001586 0.003987 0.051508
v 0.019870 0.025041 -0.036315
v 0.019561 0.025018 -0.036399
v 0.019665 0.024353 -0.034696
v 0.019561 0.025018 -0.036399
v 0.019462 0.025008 -0.036419
v 0.019665 0.024353 -0.034696
v 0.019371 0.024995 -0.036429
v 0.019665 0.024353 -0.034696
v 0.019462 0.025008 -0.036419
v -0.000936 0.033236 -0.044017
v -0.001877 0.029274 -0.045555
v -0.003139 0.030256 -0.045205
v 0.018070 0.024944 -0.036578
v 0.018833 0.025012 -0.036491
v 0.019386 0.025242 -0.036429
v 0.018833 0.025012 -0.036491
v 0.019371 0.024995 -0.036429
v 0.019386 0.025242 -0.036429
v -0.000024 0.004174 0.051368
v 0.000781 0.003197 0.051832
v 0.001586 0.003987 0.051508
v 0.019386 0.025242 -0.036429
v 0.019371 0.024995 -0.036429
v 0.019462 0.025008 -0.036419
v 0.019386 0.025242 -0.036429
v 0.019561 0.025018 -0.036399
v 0.019870 0.025041 -0.036315
v -0.003139 0.030256 -0.045205
v -0.001877 0.029274 -0.045555
v -0.004141 0.024717 -0.046835
v -0.000024 0.004731 0.050754
v -0.001633 0.004178 0.051358
v -0.000024 0.004174 0.051368
v -0.003139 0.030256 -0.045205
v -0.004141 0.024717 -0.046835
v -0.005327 0.030583 -0.045030
v 0.006383 0.003033 0.051736
v 0.004789 0.004013 0.051426
v 0.004798 0.000000 0.052612
v 0.000553 0.030532 -0.045144
v -0.001877 0.029274 -0.045555
v -0.000936 0.033236 -0.044017
v 0.004789 0.004013 0.051426
v 0.004756 0.004846 0.050440
v 0.003175 0.004746 0.050714
v 0.020795 0.027578 -0.036128
v 0.019870 0.025041 -0.036315
v 0.020288 0.025080 -0.036219
v 0.005473 0.033905 -0.037384
v 0.005469 0.034544 -0.037651
v 0.004544 0.034908 -0.038029
v 0.005473 0.033905 -0.037384
v 0.007325 0.033883 -0.037330
v 0.005469 0.034544 -0.037651
v 0.019462 0.025008 -0.036419
v 0.019561 0.025018 -0.036399
v 0.019386 0.025242 -0.036429
v 0.020795 0.027578 -0.036128
v 0.018874 0.030488 -0.036404
v 0.019386 0.025242 -0.036429
v 0.019386 0.025242 -0.036429
v 0.019870 0.025041 -0.036315
v 0.020795 0.027578 -0.036128
v 0.004544 0.034908 -0.038029
v 0.003632 0.034560 -0.037686
v 0.005473 0.033905 -0.037384
v 0.017654 0.024725 -0.035752
v 0.018833 0.025012 -0.036491
v 0.018070 0.024944 -0.036578
v 0.005473 0.033905 -0.037384
v 0.003632 0.034560 -0.037686
v 0.004554 0.032867 -0.037274
v 0.017555 0.024976 -0.036637
v 0.017654 0.024725 -0.035752
v 0.018070 0.024944 -0.036578
v 0.007954 0.003457 0.051526
v 0.006363 0.004419 0.051058
v 0.006383 0.003033 0.051736
v 0.003194 0.003604 0.051666
v 0.001588 0.002050 0.052153
v 0.004798 0.000000 0.052612
v 0.017555 0.024976 -0.036637
v 0.017439 0.024965 -0.036650
v 0.017654 0.024725 -0.035752
v 0.017439 0.024965 -0.036650
v 0.017424 0.024963 -0.036651
v 0.017654 0.024725 -0.035752
v 0.017424 0.024963 -0.036651
v 0.017391 0.024960 -0.036653
v 0.017654 0.024725 -0.035752
v 0.017333 0.024953 -0.036656
v 0.017654 0.024725 -0.035752
v 0.017391 0.024960 -0.036653
v 0.003194 0.003604 0.051666
v 0.001586 0.003987 0.051508
v 0.001588 0.002050 0.052153
v 0.035700 0.030065 -0.012975
v 0.032846 0.030325 -0.012157
v 0.036161 0.029796 -0.012071
v 0.035700 0.030065 -0.012975
v 0.033510 0.030515 -0.013656
v 0.032846 0.030325 -0.012157
v 0.000781 0.003197 0.051832
v 0.001588 0.002050 0.052153
v 0.001586 0.003987 0.051508
v 0.035700 0.030065 -0.012975
v 0.035067 0.030444 -0.014704
v 0.033510 0.030515 -0.013656
v 0.001588 0.002050 0.052153
v 0.000781 0.003197 0.051832
v -0.001636 0.001900 0.052196
v 0.016423 0.030596 -0.036663
v 0.013968 0.031381 -0.036833
v 0.017429 0.024977 -0.036651
v 0.004798 0.000000 0.052612
v 0.001588 0.002050 0.052153
v -0.001636 0.001900 0.052196
v 0.000781 0.003197 0.051832
v -0.000024 0.004174 0.051368
v -0.001636 0.001900 0.052196
v 0.017429 0.024977 -0.036651
v 0.017391 0.024960 -0.036653
v 0.017424 0.024963 -0.036651
v 0.003175 0.004746 0.050714
v 0.001586 0.003987 0.051508
v 0.003194 0.003604 0.051666
v 0.003194 0.003604 0.051666
v 0.004789 0.004013 0.051426
v 0.003175 0.004746 0.050714
v 0.004756 0.004846 0.050440
v 0.004789 0.004013 0.051426
v 0.006363 0.004419 0.051058
v 0.016966 0.024946 -0.036675
v 0.017333 0.024953 -0.036656
v 0.012999 0.030706 -0.036892
v 0.017333 0.024953 -0.036656
v 0.017391 0.024960 -0.036653
v 0.012999 0.030706 -0.036892
v 0.017429 0.024977 -0.036651
v 0.012999 0.030706 -0.036892
v 0.017391 0.024960 -0.036653
v 0.018874 0.030488 -0.036404
v 0.016423 0.030596 -0.036663
v 0.017429 0.024977 -0.036651
v 0.038535 0.028106 -0.009389
v 0.038976 0.027531 -0.006929
v 0.039560 0.026909 -0.007787
v -0.028818 0.009918 -0.018236
v -0.028602 0.009328 -0.019629
v -0.028728 0.009561 -0.019833
v 0.038976 0.027531 -0.006929
v 0.037381 0.028774 -0.007849
v 0.038052 0.028201 -0.006104
v 0.029958 0.009144 0.010175
v 0.030072 0.009703 0.009910
v 0.029341 0.008522 0.007710
v -0.028816 0.009880 -0.019977
v -0.028728 0.009561 -0.019833
v -0.028562 0.009370 -0.021224
v 0.030072 0.009703 0.009910
v 0.029473 0.008721 0.007595
v 0.029341 0.008522 0.007710
v 0.029341 0.008522 0.007710
v 0.029143 0.008325 0.007830
v 0.029958 0.009144 0.010175
v 0.038976 0.027531 -0.006929
v 0.038052 0.028201 -0.006104
v 0.039504 0.026932 -0.006106
v -0.032453 0.032123 -0.034710
v -0.031857 0.032556 -0.034744
v -0.031556 0.031786 -0.036567
v 0.002487 0.029417 -0.037273
v 0.005816 0.029128 -0.037209
v 0.004554 0.032867 -0.037274
v -0.032453 0.032123 -0.034710
v -0.032979 0.032058 -0.033743
v -0.032169 0.032546 -0.034097
v 0.029704 0.008576 0.010479
v 0.028824 0.008139 0.007955
v 0.029512 0.008357 0.010605
v -0.028740 0.017647 -0.014376
v -0.028844 0.010314 -0.016449
v -0.028818 0.009918 -0.018236
v 0.004554 0.032867 -0.037274
v 0.005816 0.029128 -0.037209
v 0.005473 0.033905 -0.037384
v -0.028728 0.009561 -0.019833
v -0.028816 0.009880 -0.019977
v -0.028818 0.009918 -0.018236
v 0.001803 0.033927 -0.037443
v 0.002718 0.033924 -0.037434
v 0.001802 0.034568 -0.037707
v 0.002714 0.034922 -0.038055
v 0.001802 0.034568 -0.037707
v 0.002718 0.033924 -0.037434
v 0.029143 0.008325 0.007830
v 0.029341 0.008522 0.007710
v 0.028128 0.008021 0.005337
v 0.002718 0.033924 -0.037434
v 0.003632 0.034560 -0.037686
v 0.002714 0.034922 -0.038055
v 0.002718 0.033924 -0.037434
v 0.004554 0.032867 -0.037274
v 0.003632 0.034560 -0.037686
v -0.028816 0.009880 -0.019977
v -0.028921 0.010675 -0.020145
v -0.028818 0.009918 -0.018236
v 0.028824 0.008139 0.007955
v 0.029143 0.008325 0.007830
v 0.028128 0.008021 0.005337
v 0.030136 0.008701 0.013282
v 0.030221 0.008883 0.013186
v 0.029103 0.008102 0.010773
v 0.030221 0.008883 0.013186
v 0.029512 0.008357 0.010605
v 0.029103 0.008102 0.010773
v -0.000024 0.034570 -0.037712
v -0.000937 0.034569 -0.037711
v -0.000024 0.033930 -0.037449
v -0.028844 0.010314 -0.016449
v -0.028573 0.009228 -0.017852
v -0.028624 0.009296 -0.017931
v 0.001803 0.033927 -0.037443
v -0.000024 0.034570 -0.037712
v -0.000024 0.033930 -0.037449
v 0.029103 0.008102 0.010773
v 0.027253 0.007793 0.008991
v 0.026718 0.007697 0.011237
v 0.029133 0.007970 0.013741
v 0.029517 0.008115 0.013624
v 0.029103 0.008102 0.010773
v -0.027948 0.008928 -0.018792
v -0.025336 0.008488 -0.017547
v -0.027106 0.008824 -0.020366
v -0.027948 0.008928 -0.018792
v -0.027209 0.008668 -0.017370
v -0.025336 0.008488 -0.017547
v 0.039523 0.026814 -0.011696
v 0.039237 0.027308 -0.010932
v 0.040163 0.025903 -0.009251
v 0.028323 0.007975 0.008086
v 0.029512 0.008357 0.010605
v 0.028824 0.008139 0.007955
v 0.028128 0.008021 0.005337
v 0.028323 0.007975 0.008086
v 0.028824 0.008139 0.007955
v 0.039560 0.026909 -0.007787
v 0.039504 0.026932 -0.006106
v 0.040319 0.025825 -0.006172
v 0.029103 0.008102 0.010773
v 0.028323 0.007975 0.008086
v 0.027253 0.007793 0.008991
v 0.039560 0.026909 -0.007787
v 0.038976 0.027531 -0.006929
v 0.039504 0.026932 -0.006106
v -0.027370 0.008660 -0.016630
v -0.028014 0.008780 -0.015281
v -0.027824 0.008698 -0.015120
v 0.038535 0.028106 -0.009389
v 0.039560 0.026909 -0.007787
v 0.040163 0.025903 -0.009251
v 0.040163 0.025903 -0.009251
v 0.039237 0.027308 -0.010932
v 0.038535 0.028106 -0.009389
v 0.029103 0.008102 0.010773
v 0.029512 0.008357 0.010605
v 0.028323 0.007975 0.008086
v -0.027738 0.008750 -0.016816
v -0.027209 0.008668 -0.017370
v -0.027898 0.008809 -0.016949
v -0.027370 0.008660 -0.016630
v -0.027209 0.008668 -0.017370
v -0.027738 0.008750 -0.016816
v 0.027253 0.007793 0.008991
v 0.028323 0.007975 0.008086
v 0.025109 0.007715 0.005729
v -0.027370 0.008660 -0.016630
v -0.025336 0.008488 -0.017547
v -0.027209 0.008668 -0.017370
v 0.028128 0.008021 0.005337
v 0.025109 0.007715 0.005729
v 0.028323 0.007975 0.008086
v -0.000024 0.033930 -0.037449
v -0.000937 0.034569 -0.037711
v -0.000937 0.032881 -0.037320
v 0.030642 0.008980 0.016075
v 0.029914 0.008397 0.013447
v 0.029706 0.008223 0.013551
v 0.010137 0.032791 -0.037084
v 0.005816 0.029128 -0.037209
v 0.012999 0.030706 -0.036892
v 0.010137 0.032791 -0.037084
v 0.008256 0.033869 -0.037297
v 0.005816 0.029128 -0.037209
v 0.002487 0.029417 -0.037273
v -0.000024 0.033930 -0.037449
v -0.000937 0.032881 -0.037320
v 0.018874 0.030488 -0.036404
v 0.017429 0.024977 -0.036651
v 0.019386 0.025242 -0.036429
v -0.002506 0.028856 -0.037277
v 0.002487 0.029417 -0.037273
v -0.000937 0.032881 -0.037320
v -0.000024 0.033930 -0.037449
v 0.002487 0.029417 -0.037273
v 0.001803 0.033927 -0.037443
v -0.027948 0.008928 -0.018792
v -0.028443 0.009117 -0.017645
v -0.027209 0.008668 -0.017370
v 0.018070 0.024944 -0.036578
v 0.019386 0.025242 -0.036429
v 0.017555 0.024976 -0.036637
v 0.017429 0.024977 -0.036651
v 0.017555 0.024976 -0.036637
v 0.019386 0.025242 -0.036429
v 0.002718 0.033924 -0.037434
v 0.002487 0.029417 -0.037273
v 0.004554 0.032867 -0.037274
v -0.028443 0.009117 -0.017645
v -0.028612 0.009239 -0.016096
v -0.027898 0.008809 -0.016949
v 0.017439 0.024965 -0.036650
v 0.017555 0.024976 -0.036637
v 0.017429 0.024977 -0.036651
v -0.028443 0.009117 -0.017645
v -0.027898 0.008809 -0.016949
v -0.027209 0.008668 -0.017370
v 0.017424 0.024963 -0.036651
v 0.017439 0.024965 -0.036650
v 0.017429 0.024977 -0.036651
v 0.002718 0.033924 -0.037434
v 0.001803 0.033927 -0.037443
v 0.002487 0.029417 -0.037273
v -0.032453 0.032123 -0.034710
v -0.033718 0.031181 -0.033538
v -0.032979 0.032058 -0.033743
v 0.008256 0.033869 -0.037297
v 0.007325 0.033883 -0.037330
v 0.005816 0.029128 -0.037209
v 0.005473 0.033905 -0.037384
v 0.005816 0.029128 -0.037209
v 0.007325 0.033883 -0.037330
v -0.031556 0.031786 -0.036567
v -0.031857 0.032556 -0.034744
v -0.030873 0.032241 -0.036939
v 0.022497 0.024548 -0.034554
v 0.023650 0.023839 -0.033723
v 0.024458 0.024516 -0.034182
v 0.023650 0.023839 -0.033723
v 0.024625 0.023674 -0.033607
v 0.024458 0.024516 -0.034182
v -0.031556 0.031786 -0.036567
v -0.032565 0.031489 -0.035363
v -0.032453 0.032123 -0.034710
v 0.024625 0.023674 -0.033607
v 0.025416 0.024549 -0.034080
v 0.024458 0.024516 -0.034182
v -0.032319 0.030841 -0.036281
v -0.032565 0.031489 -0.035363
v -0.031556 0.031786 -0.036567
v 0.025416 0.024549 -0.034080
v 0.025367 0.024602 -0.034221
v 0.024458 0.024516 -0.034182
v 0.022497 0.024548 -0.034554
v 0.024458 0.024516 -0.034182
v 0.023259 0.024905 -0.035120
v 0.024550 0.024756 -0.034759
v 0.024086 0.024852 -0.034991
v 0.024458 0.024516 -0.034182
v 0.025020 0.024697 -0.034523
v 0.024550 0.024756 -0.034759
v 0.024458 0.024516 -0.034182
v 0.022240 0.025000 -0.035552
v 0.022497 0.024548 -0.034554
v 0.023259 0.024905 -0.035120
v -0.032984 0.032453 -0.030906
v -0.033221 0.032322 -0.031675
v -0.033842 0.032062 -0.030758
v 0.023158 0.025012 -0.035470
v 0.022916 0.025036 -0.035578
v 0.023259 0.024905 -0.035120
v 0.023259 0.024905 -0.035120
v 0.022916 0.025036 -0.035578
v 0.022240 0.025000 -0.035552
v -0.033241 0.032139 -0.032764
v -0.033613 0.032006 -0.032123
v -0.033221 0.032322 -0.031675
v -0.033613 0.032006 -0.032123
v -0.034007 0.031756 -0.031691
v -0.033221 0.032322 -0.031675
v 0.023259 0.024905 -0.035120
v 0.024458 0.024516 -0.034182
v 0.024086 0.024852 -0.034991
v 0.037381 0.028774 -0.007849
v 0.037867 0.028706 -0.010217
v 0.036427 0.029411 -0.009629
v 0.023259 0.024905 -0.035120
v 0.023555 0.024977 -0.035294
v 0.023158 0.025012 -0.035470
v 0.036427 0.029411 -0.009629
v 0.036013 0.029080 -0.006244
v 0.037381 0.028774 -0.007849
v -0.033221 0.032322 -0.031675
v -0.034007 0.031756 -0.031691
v -0.033842 0.032062 -0.030758
v 0.023259 0.024905 -0.035120
v 0.023569 0.024974 -0.035287
v 0.023555 0.024977 -0.035294
v -0.032389 0.032643 -0.032136
v -0.033241 0.032139 -0.032764
v -0.033221 0.032322 -0.031675
v 0.023569 0.024974 -0.035287
v 0.023259 0.024905 -0.035120
v 0.024086 0.024852 -0.034991
v 0.038052 0.028201 -0.006104
v 0.037381 0.028774 -0.007849
v 0.036926 0.028771 -0.006167
v 0.024242 0.026617 -0.034920
v 0.022584 0.028150 -0.035603
v 0.023555 0.024977 -0.035294
v 0.024242 0.026617 -0.034920
v 0.023555 0.024977 -0.035294
v 0.023569 0.024974 -0.035287
v 0.038976 0.027531 -0.006929
v 0.038535 0.028106 -0.009389
v 0.037381 0.028774 -0.007849
v 0.025001 0.025857 -0.034480
v 0.024242 0.026617 -0.034920
v 0.024086 0.024852 -0.034991
v 0.037381 0.028774 -0.007849
v 0.038535 0.028106 -0.009389
v 0.037867 0.028706 -0.010217
v -0.032735 0.032430 -0.033029
v -0.033241 0.032139 -0.032764
v -0.032389 0.032643 -0.032136
v 0.023569 0.024974 -0.035287
v 0.024086 0.024852 -0.034991
v 0.024242 0.026617 -0.034920
v 0.034288 0.029668 -0.008271
v 0.035041 0.029283 -0.006345
v 0.036427 0.029411 -0.009629
v 0.025020 0.024697 -0.034523
v 0.025001 0.025857 -0.034480
v 0.024550 0.024756 -0.034759
v 0.024086 0.024852 -0.034991
v 0.024550 0.024756 -0.034759
v 0.025001 0.025857 -0.034480
v -0.032979 0.032058 -0.033743
v -0.033241 0.032139 -0.032764
v -0.032735 0.032430 -0.033029
v -0.032979 0.032058 -0.033743
v -0.033718 0.031181 -0.033538
v -0.033241 0.032139 -0.032764
v -0.033241 0.032139 -0.032764
v -0.033718 0.031181 -0.033538
v -0.033952 0.031307 -0.032817
v 0.022916 0.025036 -0.035578
v 0.023158 0.025012 -0.035470
v 0.022584 0.028150 -0.035603
v 0.023158 0.025012 -0.035470
v 0.023555 0.024977 -0.035294
v 0.022584 0.028150 -0.035603
v -0.032169 0.032546 -0.034097
v -0.032979 0.032058 -0.033743
v -0.032735 0.032430 -0.033029
v 0.022916 0.025036 -0.035578
v 0.022584 0.028150 -0.035603
v 0.022466 0.025059 -0.035706
v -0.032453 0.032123 -0.034710
v -0.032565 0.031489 -0.035363
v -0.033718 0.031181 -0.033538
v 0.022466 0.025059 -0.035706
v 0.022584 0.028150 -0.035603
v 0.022362 0.025046 -0.035736
v 0.022279 0.025046 -0.035760
v 0.022362 0.025046 -0.035736
v 0.022584 0.028150 -0.035603
v -0.034386 0.031362 -0.031486
v -0.034682 0.031364 -0.030429
v -0.033842 0.032062 -0.030758
v -0.034007 0.031756 -0.031691
v -0.034386 0.031362 -0.031486
v -0.033842 0.032062 -0.030758
v -0.037720 0.015583 0.039653
v -0.038214 0.013657 0.040220
v -0.037158 0.015820 0.040012
v -0.033952 0.031307 -0.032817
v -0.034007 0.031756 -0.031691
v -0.033613 0.032006 -0.032123
v -0.033613 0.032006 -0.032123
v -0.033241 0.032139 -0.032764
v -0.033952 0.031307 -0.032817
v 0.019665 0.024353 -0.034696
v 0.019748 0.023709 -0.034121
v 0.020703 0.023935 -0.034149
v -0.037158 0.015820 0.040012
v -0.038214 0.013657 0.040220
v -0.036607 0.015177 0.040660
v -0.033952 0.031307 -0.032817
v -0.034386 0.031362 -0.031486
v -0.034007 0.031756 -0.031691
v -0.037389 0.013120 0.041124
v -0.036607 0.015177 0.040660
v -0.038214 0.013657 0.040220
v 0.020703 0.023935 -0.034149
v 0.021650 0.024163 -0.034176
v 0.019665 0.024353 -0.034696
v -0.034386 0.031362 -0.031486
v -0.034855 0.030310 -0.031722
v -0.034682 0.031364 -0.030429
v 0.021243 0.025073 -0.035975
v 0.021650 0.024163 -0.034176
v 0.022240 0.025000 -0.035552
v -0.034386 0.031362 -0.031486
v -0.033952 0.031307 -0.032817
v -0.034855 0.030310 -0.031722
v 0.021243 0.025073 -0.035975
v 0.022240 0.025000 -0.035552
v 0.021265 0.025077 -0.035994
v 0.021650 0.024163 -0.034176
v 0.022497 0.024548 -0.034554
v 0.022240 0.025000 -0.035552
v 0.021650 0.024163 -0.034176
v 0.023650 0.023839 -0.033723
v 0.022497 0.024548 -0.034554
v -0.037720 0.015583 0.039653
v -0.038811 0.015436 0.038653
v -0.038214 0.013657 0.040220
v 0.022466 0.025059 -0.035706
v 0.022240 0.025000 -0.035552
v 0.022916 0.025036 -0.035578
v 0.022466 0.025059 -0.035706
v 0.022362 0.025046 -0.035736
v 0.022240 0.025000 -0.035552
v 0.022180 0.025046 -0.035783
v 0.021265 0.025077 -0.035994
v 0.022240 0.025000 -0.035552
v 0.022362 0.025046 -0.035736
v 0.022279 0.025046 -0.035760
v 0.022240 0.025000 -0.035552
v -0.032802 0.027493 -0.037124
v -0.033679 0.028724 -0.035278
v -0.031869 0.029606 -0.037494
v -0.035464 0.013806 0.040403
v -0.035483 0.015832 0.039631
v -0.036039 0.015523 0.040515
v -0.031869 0.029606 -0.037494
v -0.033679 0.028724 -0.035278
v -0.032319 0.030841 -0.036281
v 0.022180 0.025046 -0.035783
v 0.022240 0.025000 -0.035552
v 0.022279 0.025046 -0.035760
v -0.036039 0.015523 0.040515
v -0.036021 0.017187 0.039488
v -0.036590 0.016574 0.039904
v 0.022584 0.028150 -0.035603
v 0.020795 0.027578 -0.036128
v 0.022279 0.025046 -0.035760
v -0.037158 0.015820 0.040012
v -0.036607 0.015177 0.040660
v -0.036039 0.015523 0.040515
v -0.032802 0.027493 -0.037124
v -0.031981 0.027780 -0.038048
v -0.032137 0.026369 -0.038324
v -0.031869 0.029606 -0.037494
v -0.031981 0.027780 -0.038048
v -0.032802 0.027493 -0.037124
v -0.036039 0.015523 0.040515
v -0.036590 0.016574 0.039904
v -0.037158 0.015820 0.040012
v -0.037114 0.016939 0.039274
v -0.037158 0.015820 0.040012
v -0.036590 0.016574 0.039904
v -0.037114 0.016939 0.039274
v -0.036021 0.017187 0.039488
v -0.037066 0.017549 0.038718
v -0.030893 0.029677 -0.038543
v -0.030436 0.027694 -0.039595
v -0.031981 0.027780 -0.038048
v -0.036590 0.016574 0.039904
v -0.036021 0.017187 0.039488
v -0.037114 0.016939 0.039274
v 0.021650 0.024163 -0.034176
v 0.020703 0.023935 -0.034149
v 0.021223 0.023236 -0.033837
v -0.031981 0.027780 -0.038048
v -0.030436 0.027694 -0.039595
v -0.032137 0.026369 -0.038324
v -0.031981 0.027780 -0.038048
v -0.031869 0.029606 -0.037494
v -0.030893 0.029677 -0.038543
v 0.021650 0.024163 -0.034176
v 0.021223 0.023236 -0.033837
v 0.022698 0.023224 -0.033663
v -0.036021 0.017187 0.039488
v -0.036485 0.017999 0.038598
v -0.037066 0.017549 0.038718
v -0.031869 0.029606 -0.037494
v -0.030980 0.031132 -0.037729
v -0.030893 0.029677 -0.038543
v -0.030436 0.027694 -0.039595
v -0.029956 0.025404 -0.040589
v -0.032137 0.026369 -0.038324
v -0.037158 0.015820 0.040012
v -0.037114 0.016939 0.039274
v -0.037720 0.015583 0.039653
v -0.029369 0.029169 -0.040019
v -0.029154 0.027837 -0.040554
v -0.030436 0.027694 -0.039595
v -0.028672 0.009381 -0.018005
v -0.028844 0.010314 -0.016449
v -0.028624 0.009296 -0.017931
v -0.030436 0.027694 -0.039595
v -0.030893 0.029677 -0.038543
v -0.029369 0.029169 -0.040019
v -0.029900 0.030255 -0.039221
v -0.029369 0.029169 -0.040019
v -0.030893 0.029677 -0.038543
v 0.019748 0.023709 -0.034121
v 0.019247 0.022048 -0.033853
v 0.021223 0.023236 -0.033837
v -0.038811 0.015436 0.038653
v -0.037720 0.015583 0.039653
v -0.037114 0.016939 0.039274
v -0.028612 0.009239 -0.016096
v -0.028443 0.009117 -0.017645
v -0.028573 0.009228 -0.017852
v -0.029154 0.027837 -0.040554
v -0.029956 0.025404 -0.040589
v -0.030436 0.027694 -0.039595
v -0.029900 0.030255 -0.039221
v -0.028410 0.031649 -0.039673
v -0.029369 0.029169 -0.040019
v 0.023650 0.023839 -0.033723
v 0.021650 0.024163 -0.034176
v 0.022698 0.023224 -0.033663
v -0.028818 0.009918 -0.018236
v -0.028844 0.010314 -0.016449
v -0.028672 0.009381 -0.018005
v -0.030893 0.029677 -0.038543
v -0.030980 0.031132 -0.037729
v -0.029900 0.030255 -0.039221
v -0.036039 0.015523 0.040515
v -0.035483 0.015832 0.039631
v -0.036021 0.017187 0.039488
v 0.022658 0.019289 -0.033193
v 0.025652 0.022388 -0.033264
v 0.024625 0.023674 -0.033607
v -0.035483 0.016694 0.039145
v -0.036021 0.017187 0.039488
v -0.035483 0.015832 0.039631
v -0.028410 0.031649 -0.039673
v -0.027762 0.029700 -0.040872
v -0.029369 0.029169 -0.040019
v -0.035483 0.016694 0.039145
v -0.035917 0.018247 0.038386
v -0.036021 0.017187 0.039488
v -0.027762 0.029700 -0.040872
v -0.029154 0.027837 -0.040554
v -0.029369 0.029169 -0.040019
v -0.028672 0.009381 -0.018005
v -0.028602 0.009328 -0.019629
v -0.028818 0.009918 -0.018236
v -0.041955 0.010474 0.038244
v -0.040421 0.013931 0.037662
v -0.042487 0.010903 0.037285
v -0.040421 0.013931 0.037662
v -0.042255 0.012647 0.035993
v -0.042487 0.010903 0.037285
v -0.028260 0.009075 -0.019082
v -0.028624 0.009296 -0.017931
v -0.028573 0.009228 -0.017852
v -0.038811 0.015436 0.038653
v -0.040421 0.013931 0.037662
v -0.038214 0.013657 0.040220
v -0.028672 0.009381 -0.018005
v -0.028624 0.009296 -0.017931
v -0.028602 0.009328 -0.019629
v -0.027327 0.028817 -0.031597
v -0.028038 0.028511 -0.029623
v -0.027798 0.025958 -0.030819
v -0.040421 0.013931 0.037662
v -0.038811 0.015436 0.038653
v -0.039818 0.015618 0.037298
v -0.041409 0.014864 0.035243
v -0.042255 0.012647 0.035993
v -0.040421 0.013931 0.037662
v -0.027948 0.008928 -0.018792
v -0.028573 0.009228 -0.017852
v -0.028443 0.009117 -0.017645
v -0.027948 0.008928 -0.018792
v -0.028260 0.009075 -0.019082
v -0.028573 0.009228 -0.017852
v 0.019247 0.022048 -0.033853
v 0.016920 0.018965 -0.033634
v 0.020691 0.020386 -0.033516
v 0.021223 0.023236 -0.033837
v 0.020703 0.023935 -0.034149
v 0.019748 0.023709 -0.034121
v -0.028602 0.009328 -0.019629
v -0.028624 0.009296 -0.017931
v -0.028260 0.009075 -0.019082
v 0.019247 0.022048 -0.033853
v 0.019748 0.023709 -0.034121
v 0.018760 0.023870 -0.034350
v -0.036607 0.015177 0.040660
v -0.036184 0.011937 0.041892
v -0.036039 0.015523 0.040515
v -0.009057 0.006444 0.040649
v -0.005676 0.006711 0.040676
v -0.006939 0.006447 0.040649
v -0.036928 0.011049 0.042233
v -0.038188 0.012330 0.040923
v -0.038411 0.010847 0.041440
v 0.019247 0.022048 -0.033853
v 0.018760 0.023870 -0.034350
v 0.017796 0.023644 -0.034320
v -0.005676 0.006603 0.041808
v -0.008914 0.006361 0.041783
v -0.006036 0.006364 0.041783
v -0.014292 0.006853 0.036697
v -0.011759 0.006511 0.040656
v -0.009457 0.006678 0.037485
v -0.028240 0.008910 -0.015541
v -0.027370 0.008660 -0.016630
v -0.027738 0.008750 -0.016816
v -0.038188 0.012330 0.040923
v -0.036928 0.011049 0.042233
v -0.036184 0.011937 0.041892
v -0.005685 0.006400 0.040940
v -0.005685 0.006416 0.040645
v -0.005676 0.006711 0.040676
v -0.005683 0.006356 0.041782
v -0.005685 0.006400 0.040940
v -0.005676 0.006603 0.041808
v -0.005676 0.006711 0.040676
v -0.005676 0.006603 0.041808
v -0.005685 0.006400 0.040940
v -0.005685 0.006416 0.040645
v -0.006939 0.006447 0.040649
v -0.005676 0.006711 0.040676
v -0.005676 0.006603 0.041808
v -0.006036 0.006364 0.041783
v -0.005683 0.006356 0.041782
v -0.028515 0.009072 -0.014035
v -0.027466 0.008595 -0.014929
v -0.027824 0.008698 -0.015120
v -0.005225 0.006290 0.042802
v -0.004537 0.006639 0.035879
v -0.005685 0.006416 0.040645
v -0.005225 0.006290 0.042802
v -0.005685 0.006416 0.040645
v -0.005685 0.006400 0.040940
v -0.005685 0.006400 0.040940
v -0.005683 0.006356 0.041782
v -0.005225 0.006290 0.042802
v -0.009457 0.006678 0.037485
v -0.006939 0.006447 0.040649
v -0.004537 0.006639 0.035879
v -0.005685 0.006416 0.040645
v -0.004537 0.006639 0.035879
v -0.006939 0.006447 0.040649
v 0.030221 0.008883 0.013186
v 0.030342 0.009266 0.012993
v 0.029512 0.008357 0.010605
v -0.008744 0.006103 0.045366
v -0.005681 0.006410 0.045421
v -0.008461 0.006096 0.045365
v -0.009367 0.006131 0.045371
v -0.005681 0.006410 0.045421
v -0.008744 0.006103 0.045366
v -0.007829 0.006097 0.045365
v -0.008461 0.006096 0.045365
v -0.005681 0.006410 0.045421
v -0.008914 0.006361 0.041783
v -0.008744 0.006103 0.045366
v -0.008461 0.006096 0.045365
v -0.013633 0.006156 0.045376
v -0.018614 0.006601 0.045456
v -0.009367 0.006131 0.045371
v -0.036184 0.011937 0.041892
v -0.037389 0.013120 0.041124
v -0.038188 0.012330 0.040923
v -0.037389 0.013120 0.041124
v -0.038214 0.013657 0.040220
v -0.038188 0.012330 0.040923
v 0.030758 0.009401 0.015868
v 0.030063 0.008578 0.013347
v 0.029914 0.008397 0.013447
v -0.040006 0.012167 0.039414
v -0.038188 0.012330 0.040923
v -0.038214 0.013657 0.040220
v -0.008914 0.006361 0.041783
v -0.008461 0.006096 0.045365
v -0.007829 0.006097 0.045365
v -0.005225 0.006290 0.042802
v -0.006036 0.006364 0.041783
v -0.007829 0.006097 0.045365
v -0.008914 0.006361 0.041783
v -0.007829 0.006097 0.045365
v -0.006036 0.006364 0.041783
v -0.002288 0.006161 0.044106
v 0.001799 0.006411 0.040304
v -0.004537 0.006639 0.035879
v 0.000732 0.006152 0.044124
v 0.001799 0.006411 0.040304
v -0.002288 0.006161 0.044106
v 0.029103 0.008102 0.010773
v 0.030063 0.008578 0.013347
v 0.030136 0.008701 0.013282
v -0.005225 0.006290 0.042802
v -0.002288 0.006161 0.044106
v -0.004537 0.006639 0.035879
v -0.039231 0.009220 0.041417
v -0.038411 0.010847 0.041440
v -0.039965 0.009723 0.040640
v 0.029103 0.008102 0.010773
v 0.029914 0.008397 0.013447
v 0.030063 0.008578 0.013347
v -0.038411 0.010847 0.041440
v -0.040006 0.012167 0.039414
v -0.039965 0.009723 0.040640
v 0.030347 0.008443 0.016348
v 0.029517 0.008115 0.013624
v 0.029133 0.007970 0.013741
v 0.029706 0.008223 0.013551
v 0.029914 0.008397 0.013447
v 0.029103 0.008102 0.010773
v -0.040006 0.012167 0.039414
v -0.038411 0.010847 0.041440
v -0.038188 0.012330 0.040923
v -0.006036 0.006364 0.041783
v -0.005225 0.006290 0.042802
v -0.005683 0.006356 0.041782
v -0.038214 0.013657 0.040220
v -0.040421 0.013931 0.037662
v -0.040006 0.012167 0.039414
v 0.029706 0.008223 0.013551
v 0.029103 0.008102 0.010773
v 0.029517 0.008115 0.013624
v -0.035464 0.013806 0.040403
v -0.036039 0.015523 0.040515
v -0.036184 0.011937 0.041892
v -0.036184 0.011937 0.041892
v -0.035511 0.011009 0.041501
v -0.035464 0.013806 0.040403
v 0.029133 0.007970 0.013741
v 0.028418 0.007810 0.013909
v 0.029731 0.008022 0.016618
v -0.036607 0.015177 0.040660
v -0.037389 0.013120 0.041124
v -0.036184 0.011937 0.041892
v 0.026718 0.007697 0.011237
v 0.025594 0.007591 0.014385
v 0.028418 0.007810 0.013909
v -0.005687 0.006009 0.045349
v -0.005681 0.006410 0.045421
v -0.005686 0.005965 0.045745
v -0.005681 0.006410 0.045421
v -0.005681 0.006221 0.046543
v -0.005686 0.005965 0.045745
v -0.007829 0.006097 0.045365
v -0.005681 0.006410 0.045421
v -0.005751 0.006009 0.045349
v -0.005687 0.006009 0.045349
v -0.005751 0.006009 0.045349
v -0.005681 0.006410 0.045421
v -0.040006 0.012167 0.039414
v -0.040421 0.013931 0.037662
v -0.041280 0.010572 0.038998
v -0.005751 0.006009 0.045349
v -0.005687 0.006009 0.045349
v -0.005225 0.006290 0.042802
v -0.002288 0.006161 0.044106
v -0.005225 0.006290 0.042802
v -0.005687 0.006009 0.045349
v -0.002288 0.006161 0.044106
v -0.005687 0.006009 0.045349
v -0.005686 0.005965 0.045745
v 0.028418 0.007810 0.013909
v 0.029133 0.007970 0.013741
v 0.029103 0.008102 0.010773
v -0.040421 0.013931 0.037662
v -0.041955 0.010474 0.038244
v -0.041280 0.010572 0.038998
v -0.007829 0.006097 0.045365
v -0.005751 0.006009 0.045349
v -0.005225 0.006290 0.042802
v 0.028418 0.007810 0.013909
v 0.029103 0.008102 0.010773
v 0.026718 0.007697 0.011237
v -0.041280 0.010572 0.038998
v -0.039965 0.009723 0.040640
v -0.040006 0.012167 0.039414
v -0.002288 0.006161 0.044106
v -0.000804 0.005686 0.047840
v 0.000732 0.006152 0.044124
v 0.006473 0.007220 0.010977
v 0.025594 0.007591 0.014385
v 0.020500 0.007593 0.005448
v -0.003192 0.005252 0.049557
v -0.001616 0.005080 0.050062
v -0.000804 0.005686 0.047840
v -0.000804 0.005686 0.047840
v -0.001616 0.005080 0.050062
v -0.000024 0.005236 0.049598
v 0.036427 0.029411 -0.009629
v 0.035041 0.029283 -0.006345
v 0.036013 0.029080 -0.006244
v -0.028612 0.009239 -0.016096
v -0.028844 0.010314 -0.016449
v -0.028664 0.009336 -0.014257
v -0.002288 0.006161 0.044106
v -0.003192 0.005252 0.049557
v -0.000804 0.005686 0.047840
v 0.031348 0.008636 0.022262
v 0.030526 0.008221 0.019457
v 0.030210 0.008034 0.019585
v 0.036427 0.029411 -0.009629
v 0.033231 0.029893 -0.009362
v 0.034288 0.029668 -0.008271
v 0.037381 0.028774 -0.007849
v 0.036013 0.029080 -0.006244
v 0.036926 0.028771 -0.006167
v 0.036427 0.029411 -0.009629
v 0.036161 0.029796 -0.012071
v 0.033231 0.029893 -0.009362
v 0.031489 0.008961 0.022114
v 0.030526 0.008221 0.019457
v 0.031348 0.008636 0.022262
v 0.031634 0.009516 0.021857
v 0.030946 0.008717 0.019192
v 0.030809 0.008498 0.019301
v -0.006236 0.005749 0.047693
v -0.003192 0.005252 0.049557
v -0.002288 0.006161 0.044106
v -0.003682 0.033920 -0.037420
v -0.004602 0.032867 -0.037274
v -0.002767 0.032876 -0.037306
v -0.000024 0.004731 0.050754
v -0.001616 0.005080 0.050062
v -0.001633 0.004178 0.051358
v 0.030368 0.030331 -0.012905
v 0.029669 0.030254 -0.013127
v 0.029004 0.029761 -0.011353
v -0.000024 0.004731 0.050754
v -0.000024 0.005236 0.049598
v -0.001616 0.005080 0.050062
v 0.030946 0.008717 0.019192
v 0.031012 0.008866 0.019121
v 0.030146 0.008253 0.016457
v -0.003192 0.005252 0.049557
v -0.003228 0.004563 0.050945
v -0.001616 0.005080 0.050062
v -0.003228 0.004563 0.050945
v -0.003192 0.005252 0.049557
v -0.004786 0.005111 0.049983
v -0.003192 0.005252 0.049557
v -0.006236 0.005749 0.047693
v -0.004786 0.005111 0.049983
v -0.004786 0.005111 0.049983
v -0.006236 0.005749 0.047693
v -0.006331 0.005298 0.049440
v -0.005686 0.005965 0.045745
v -0.005681 0.006221 0.046543
v -0.005686 0.005885 0.046482
v -0.004602 0.032867 -0.037274
v -0.002506 0.028856 -0.037277
v -0.002767 0.032876 -0.037306
v -0.005141 0.026529 -0.037236
v -0.002506 0.028856 -0.037277
v -0.004602 0.032867 -0.037274
v -0.029000 0.006564 0.046605
v -0.018899 0.006149 0.046530
v -0.005681 0.006221 0.046543
v -0.005686 0.005885 0.046482
v -0.005681 0.006221 0.046543
v -0.005986 0.005883 0.046482
v -0.005681 0.006410 0.045421
v -0.018614 0.006601 0.045456
v -0.005681 0.006221 0.046543
v -0.002767 0.032876 -0.037306
v -0.002506 0.028856 -0.037277
v -0.000937 0.032881 -0.037320
v 0.031489 0.008961 0.022114
v 0.031563 0.009203 0.022003
v 0.030526 0.008221 0.019457
v -0.000937 0.034569 -0.037711
v -0.001851 0.033927 -0.037443
v -0.000937 0.032881 -0.037320
v -0.005986 0.005883 0.046482
v -0.005681 0.006221 0.046543
v -0.007691 0.005956 0.046495
v 0.031563 0.009203 0.022003
v 0.030809 0.008498 0.019301
v 0.030526 0.008221 0.019457
v -0.001851 0.033927 -0.037443
v -0.001850 0.034568 -0.037707
v -0.002762 0.034922 -0.038055
v -0.005686 0.005965 0.045745
v -0.005686 0.005885 0.046482
v -0.002288 0.006161 0.044106
v -0.006236 0.005749 0.047693
v -0.002288 0.006161 0.044106
v -0.005686 0.005885 0.046482
v -0.005686 0.005885 0.046482
v -0.005986 0.005883 0.046482
v -0.006236 0.005749 0.047693
v -0.001851 0.033927 -0.037443
v -0.000937 0.034569 -0.037711
v -0.001850 0.034568 -0.037707
v -0.002762 0.034922 -0.038055
v -0.003680 0.034560 -0.037686
v -0.001851 0.033927 -0.037443
v -0.005986 0.005883 0.046482
v -0.007691 0.005956 0.046495
v -0.006236 0.005749 0.047693
v 0.030210 0.008034 0.019585
v 0.030526 0.008221 0.019457
v 0.029095 0.007836 0.016796
v -0.003680 0.034560 -0.037686
v -0.004593 0.034908 -0.038029
v -0.003682 0.033920 -0.037420
v -0.003682 0.033920 -0.037420
v -0.001851 0.033927 -0.037443
v -0.003680 0.034560 -0.037686
v 0.030946 0.008717 0.019192
v 0.029731 0.008022 0.016618
v 0.030809 0.008498 0.019301
v 0.030809 0.008498 0.019301
v 0.029731 0.008022 0.016618
v 0.030526 0.008221 0.019457
v -0.005517 0.034544 -0.037651
v -0.003682 0.033920 -0.037420
v -0.004593 0.034908 -0.038029
v 0.031090 0.009087 0.019016
v 0.030146 0.008253 0.016457
v 0.031012 0.008866 0.019121
v -0.001851 0.033927 -0.037443
v -0.003682 0.033920 -0.037420
v -0.002767 0.032876 -0.037306
v 0.030146 0.008253 0.016457
v 0.031090 0.009087 0.019016
v 0.030347 0.008443 0.016348
v -0.002767 0.032876 -0.037306
v -0.000937 0.032881 -0.037320
v -0.001851 0.033927 -0.037443
v 0.029731 0.008022 0.016618
v 0.030946 0.008717 0.019192
v 0.030146 0.008253 0.016457
v -0.004602 0.032867 -0.037274
v -0.003682 0.033920 -0.037420
v -0.005517 0.034544 -0.037651
v 0.029133 0.007970 0.013741
v 0.030146 0.008253 0.016457
v 0.030347 0.008443 0.016348
v 0.029706 0.008223 0.013551
v 0.029517 0.008115 0.013624
v 0.030347 0.008443 0.016348
v 0.030347 0.008443 0.016348
v 0.030560 0.008779 0.016175
v 0.029706 0.008223 0.013551
v -0.006433 0.034886 -0.037989
v -0.007366 0.034519 -0.037600
v -0.007374 0.033883 -0.037330
v 0.029731 0.008022 0.016618
v 0.029095 0.007836 0.016796
v 0.030526 0.008221 0.019457
v 0.030146 0.008253 0.016457
v 0.029133 0.007970 0.013741
v 0.029731 0.008022 0.016618
v -0.006331 0.005298 0.049440
v -0.006236 0.005749 0.047693
v -0.007910 0.005168 0.049832
v 0.030210 0.008034 0.019585
v 0.029915 0.007780 0.022860
v 0.030584 0.007987 0.022643
v 0.030210 0.008034 0.019585
v 0.030584 0.007987 0.022643
v 0.031025 0.008252 0.022461
v -0.009239 0.033852 -0.037259
v -0.008296 0.034503 -0.037568
v -0.009231 0.034484 -0.037530
v 0.030210 0.008034 0.019585
v 0.028451 0.007659 0.020062
v 0.029915 0.007780 0.022860
v -0.006400 0.004604 0.050827
v -0.004786 0.005111 0.049983
v -0.006331 0.005298 0.049440
v 0.029731 0.008022 0.016618
v 0.028418 0.007810 0.013909
v 0.029095 0.007836 0.016796
v -0.006447 0.032850 -0.037229
v -0.006433 0.034886 -0.037989
v -0.007374 0.033883 -0.037330
v -0.026250 0.031683 -0.033127
v -0.026816 0.031558 -0.032396
v -0.027327 0.028817 -0.031597
v 0.030210 0.008034 0.019585
v 0.028442 0.007732 0.016945
v 0.028451 0.007659 0.020062
v 0.029095 0.007836 0.016796
v 0.028418 0.007810 0.013909
v 0.028442 0.007732 0.016945
v -0.006447 0.032850 -0.037229
v -0.005517 0.034544 -0.037651
v -0.006433 0.034886 -0.037989
v 0.030210 0.008034 0.019585
v 0.029095 0.007836 0.016796
v 0.028442 0.007732 0.016945
v -0.026927 0.025552 -0.032592
v -0.025714 0.027121 -0.033879
v -0.027327 0.028817 -0.031597
v -0.004602 0.032867 -0.037274
v -0.005517 0.034544 -0.037651
v -0.006447 0.032850 -0.037229
v 0.028442 0.007732 0.016945
v 0.025594 0.007591 0.014385
v 0.024777 0.007492 0.020769
v 0.028442 0.007732 0.016945
v 0.024777 0.007492 0.020769
v 0.028451 0.007659 0.020062
v -0.006447 0.032850 -0.037229
v -0.007374 0.033883 -0.037330
v -0.008307 0.032826 -0.037165
v -0.033851 0.029847 -0.034385
v -0.033679 0.028724 -0.035278
v -0.034447 0.028924 -0.033715
v 0.025594 0.007591 0.014385
v 0.028442 0.007732 0.016945
v 0.028418 0.007810 0.013909
v -0.007374 0.033883 -0.037330
v -0.008296 0.034503 -0.037568
v -0.008307 0.032826 -0.037165
v -0.033679 0.028724 -0.035278
v -0.034710 0.027701 -0.033810
v -0.034447 0.028924 -0.033715
v 0.029669 0.030254 -0.013127
v 0.030368 0.030331 -0.012905
v 0.030752 0.030617 -0.014624
v 0.020500 0.007593 0.005448
v 0.026718 0.007697 0.011237
v 0.027253 0.007793 0.008991
v 0.030752 0.030617 -0.014624
v 0.030368 0.030331 -0.012905
v 0.032502 0.030597 -0.014000
v 0.020500 0.007593 0.005448
v 0.027253 0.007793 0.008991
v 0.025109 0.007715 0.005729
v 0.032846 0.030325 -0.012157
v 0.032502 0.030597 -0.014000
v 0.030368 0.030331 -0.012905
v 0.020500 0.007593 0.005448
v 0.025594 0.007591 0.014385
v 0.026718 0.007697 0.011237
v 0.032502 0.030597 -0.014000
v 0.033423 0.030902 -0.016489
v 0.031831 0.030867 -0.015952
v -0.032319 0.030841 -0.036281
v -0.033679 0.028724 -0.035278
v -0.033851 0.029847 -0.034385
v 0.030356 0.030039 -0.010990
v 0.032846 0.030325 -0.012157
v 0.030368 0.030331 -0.012905
v -0.034333 0.027375 -0.034712
v -0.034710 0.027701 -0.033810
v -0.033679 0.028724 -0.035278
v 0.033510 0.030515 -0.013656
v 0.032502 0.030597 -0.014000
v 0.032846 0.030325 -0.012157
v -0.032802 0.027493 -0.037124
v -0.034333 0.027375 -0.034712
v -0.033679 0.028724 -0.035278
v 0.029076 0.030352 -0.015255
v 0.029669 0.030254 -0.013127
v 0.030752 0.030617 -0.014624
v 0.033423 0.030902 -0.016489
v 0.032502 0.030597 -0.014000
v 0.033510 0.030515 -0.013656
v -0.035558 0.025926 -0.032919
v -0.035970 0.027759 -0.030720
v -0.035377 0.027760 -0.032289
v 0.016816 0.023804 -0.034551
v 0.017748 0.024288 -0.034900
v 0.016748 0.024539 -0.035516
v -0.035377 0.027760 -0.032289
v -0.035254 0.026103 -0.033497
v -0.035558 0.025926 -0.032919
v 0.029669 0.030254 -0.013127
v 0.029076 0.030352 -0.015255
v 0.029004 0.029761 -0.011353
v 0.017748 0.024288 -0.034900
v 0.018760 0.023870 -0.034350
v 0.019665 0.024353 -0.034696
v 0.032846 0.030325 -0.012157
v 0.030356 0.030039 -0.010990
v 0.033231 0.029893 -0.009362
v 0.019665 0.024353 -0.034696
v 0.021650 0.024163 -0.034176
v 0.021243 0.025073 -0.035975
v 0.033231 0.029893 -0.009362
v 0.036161 0.029796 -0.012071
v 0.032846 0.030325 -0.012157
v -0.035189 0.030086 -0.030978
v -0.034936 0.028646 -0.032807
v -0.035377 0.027760 -0.032289
v 0.030366 0.029732 -0.009008
v 0.033231 0.029893 -0.009362
v 0.030356 0.030039 -0.010990
v 0.019665 0.024353 -0.034696
v 0.018760 0.023870 -0.034350
v 0.019748 0.023709 -0.034121
v 0.030356 0.030039 -0.010990
v 0.030368 0.030331 -0.012905
v 0.029004 0.029761 -0.011353
v 0.019665 0.024353 -0.034696
v 0.017654 0.024725 -0.035752
v 0.017748 0.024288 -0.034900
v -0.035970 0.027759 -0.030720
v -0.035189 0.030086 -0.030978
v -0.035377 0.027760 -0.032289
v 0.021243 0.025073 -0.035975
v 0.020747 0.025082 -0.036113
v 0.019665 0.024353 -0.034696
v -0.034936 0.028646 -0.032807
v -0.034447 0.028924 -0.033715
v -0.034710 0.027701 -0.033810
v 0.019371 0.024995 -0.036429
v 0.018833 0.025012 -0.036491
v 0.019665 0.024353 -0.034696
v -0.034710 0.027701 -0.033810
v -0.035377 0.027760 -0.032289
v -0.034936 0.028646 -0.032807
v 0.020288 0.025080 -0.036219
v 0.019870 0.025041 -0.036315
v 0.019665 0.024353 -0.034696
v 0.017654 0.024725 -0.035752
v 0.016748 0.024539 -0.035516
v 0.017748 0.024288 -0.034900
v 0.028566 0.029595 -0.013521
v 0.028532 0.029296 -0.011508
v 0.029004 0.029761 -0.011353
v -0.034710 0.027701 -0.033810
v -0.035254 0.026103 -0.033497
v -0.035377 0.027760 -0.032289
v 0.017654 0.024725 -0.035752
v 0.017333 0.024953 -0.036656
v 0.016748 0.024539 -0.035516
v 0.017333 0.024953 -0.036656
v 0.016966 0.024946 -0.036675
v 0.016748 0.024539 -0.035516
v -0.034936 0.028646 -0.032807
v -0.033952 0.031307 -0.032817
v -0.034447 0.028924 -0.033715
v 0.029004 0.029761 -0.011353
v 0.029076 0.030352 -0.015255
v 0.028566 0.029595 -0.013521
v -0.008307 0.032826 -0.037165
v -0.008296 0.034503 -0.037568
v -0.009239 0.033852 -0.037259
v -0.034710 0.027701 -0.033810
v -0.034333 0.027375 -0.034712
v -0.035254 0.026103 -0.033497
v -0.032319 0.030841 -0.036281
v -0.033851 0.029847 -0.034385
v -0.032565 0.031489 -0.035363
v -0.033718 0.031181 -0.033538
v -0.034447 0.028924 -0.033715
v -0.033952 0.031307 -0.032817
v -0.008307 0.032826 -0.037165
v -0.009239 0.033852 -0.037259
v -0.009241 0.030788 -0.037086
v -0.033718 0.031181 -0.033538
v -0.033851 0.029847 -0.034385
v -0.034447 0.028924 -0.033715
v -0.005141 0.026529 -0.037236
v -0.004602 0.032867 -0.037274
v -0.006447 0.032850 -0.037229
v -0.009239 0.033852 -0.037259
v -0.011127 0.033809 -0.037171
v -0.009241 0.030788 -0.037086
v -0.033718 0.031181 -0.033538
v -0.032565 0.031489 -0.035363
v -0.033851 0.029847 -0.034385
v -0.006447 0.032850 -0.037229
v -0.008307 0.032826 -0.037165
v -0.005141 0.026529 -0.037236
v -0.034936 0.028646 -0.032807
v -0.034855 0.030310 -0.031722
v -0.033952 0.031307 -0.032817
v -0.009241 0.030788 -0.037086
v -0.005141 0.026529 -0.037236
v -0.008307 0.032826 -0.037165
v -0.028078 0.024791 -0.041923
v -0.029956 0.025404 -0.040589
v -0.029154 0.027837 -0.040554
v 0.028313 0.027598 -0.013760
v 0.028566 0.029595 -0.013521
v 0.028380 0.028870 -0.014636
v 0.028532 0.029296 -0.011508
v 0.028566 0.029595 -0.013521
v 0.028313 0.027598 -0.013760
v -0.028078 0.024791 -0.041923
v -0.029147 0.024103 -0.041451
v -0.029956 0.025404 -0.040589
v 0.028309 0.028291 -0.010577
v 0.028532 0.029296 -0.011508
v 0.028313 0.027598 -0.013760
v 0.028309 0.028291 -0.010577
v 0.028322 0.027831 -0.007363
v 0.028532 0.029296 -0.011508
v 0.003437 0.025668 -0.046589
v 0.005922 0.026030 -0.046375
v 0.004727 0.021620 -0.047704
v 0.028998 0.029447 -0.009300
v 0.029027 0.029119 -0.007180
v 0.030366 0.029732 -0.009008
v 0.030778 0.029433 -0.006908
v 0.030366 0.029732 -0.009008
v 0.029027 0.029119 -0.007180
v 0.002042 0.031723 -0.044676
v 0.005922 0.026030 -0.046375
v 0.003437 0.025668 -0.046589
v 0.030366 0.029732 -0.009008
v 0.030356 0.030039 -0.010990
v 0.028998 0.029447 -0.009300
v 0.029004 0.029761 -0.011353
v 0.028998 0.029447 -0.009300
v 0.030356 0.030039 -0.010990
v 0.029004 0.029761 -0.011353
v 0.028532 0.029296 -0.011508
v 0.028998 0.029447 -0.009300
v 0.003437 0.025668 -0.046589
v 0.001346 0.020398 -0.048210
v -0.001543 0.020449 -0.048200
v 0.034288 0.029668 -0.008271
v 0.033231 0.029893 -0.009362
v 0.030778 0.029433 -0.006908
v 0.003437 0.025668 -0.046589
v 0.004727 0.021620 -0.047704
v 0.001346 0.020398 -0.048210
v 0.035041 0.029283 -0.006345
v 0.034288 0.029668 -0.008271
v 0.030778 0.029433 -0.006908
v 0.005922 0.026030 -0.046375
v 0.009243 0.021469 -0.047409
v 0.004727 0.021620 -0.047704
v -0.027105 0.023174 -0.042785
v -0.028078 0.024791 -0.041923
v -0.025835 0.024775 -0.042977
v 0.030778 0.029433 -0.006908
v 0.033231 0.029893 -0.009362
v 0.030366 0.029732 -0.009008
v 0.004727 0.021620 -0.047704
v 0.003798 0.019302 -0.048558
v 0.001346 0.020398 -0.048210
v -0.029147 0.024103 -0.041451
v -0.028078 0.024791 -0.041923
v -0.027105 0.023174 -0.042785
v 0.029027 0.029119 -0.007180
v 0.028998 0.029447 -0.009300
v 0.028532 0.029296 -0.011508
v 0.001895 0.017043 -0.049466
v 0.001346 0.020398 -0.048210
v 0.003798 0.019302 -0.048558
v 0.003798 0.019302 -0.048558
v 0.004727 0.021620 -0.047704
v 0.009243 0.021469 -0.047409
v 0.003798 0.019302 -0.048558
v 0.009243 0.021469 -0.047409
v 0.006330 0.017026 -0.049295
v -0.028014 0.008780 -0.015281
v -0.027370 0.008660 -0.016630
v -0.028240 0.008910 -0.015541
v -0.028240 0.008910 -0.015541
v -0.027738 0.008750 -0.016816
v -0.028493 0.009098 -0.015911
v 0.001346 0.020398 -0.048210
v 0.001895 0.017043 -0.049466
v -0.001613 0.017011 -0.049481
v 0.017654 0.024725 -0.035752
v 0.019665 0.024353 -0.034696
v 0.018833 0.025012 -0.036491
v -0.027738 0.008750 -0.016816
v -0.027898 0.008809 -0.016949
v -0.028493 0.009098 -0.015911
v -0.004141 0.024717 -0.046835
v -0.001543 0.020449 -0.048200
v -0.003403 0.018650 -0.048787
v -0.001543 0.020449 -0.048200
v -0.001613 0.017011 -0.049481
v -0.003403 0.018650 -0.048787
v -0.030287 0.022270 -0.041155
v -0.029874 0.020186 -0.042105
v -0.031174 0.020006 -0.041244
v 0.003437 0.025668 -0.046589
v -0.004141 0.024717 -0.046835
v -0.001877 0.029274 -0.045555
v -0.028664 0.009336 -0.014257
v -0.028493 0.009098 -0.015911
v -0.028612 0.009239 -0.016096
v 0.017796 0.023644 -0.034320
v 0.018760 0.023870 -0.034350
v 0.017748 0.024288 -0.034900
v 0.016816 0.023804 -0.034551
v 0.017796 0.023644 -0.034320
v 0.017748 0.024288 -0.034900
v -0.004141 0.024717 -0.046835
v 0.003437 0.025668 -0.046589
v -0.001543 0.020449 -0.048200
v 0.025652 0.022388 -0.033264
v 0.022658 0.019289 -0.033193
v 0.024645 0.018566 -0.032913
v -0.027898 0.008809 -0.016949
v -0.028612 0.009239 -0.016096
v -0.028493 0.009098 -0.015911
v 0.022658 0.019289 -0.033193
v 0.022698 0.023224 -0.033663
v 0.020691 0.020386 -0.033516
v -0.028612 0.009239 -0.016096
v -0.028573 0.009228 -0.017852
v -0.028844 0.010314 -0.016449
v 0.022698 0.023224 -0.033663
v 0.021223 0.023236 -0.033837
v 0.020691 0.020386 -0.033516
v 0.023650 0.023839 -0.033723
v 0.022698 0.023224 -0.033663
v 0.022658 0.019289 -0.033193
v 0.001346 0.020398 -0.048210
v -0.001613 0.017011 -0.049481
v -0.001543 0.020449 -0.048200
v 0.023650 0.023839 -0.033723
v 0.022658 0.019289 -0.033193
v 0.024625 0.023674 -0.033607
v -0.028515 0.009072 -0.014035
v -0.027824 0.008698 -0.015120
v -0.028014 0.008780 -0.015281
v -0.004141 0.024717 -0.046835
v -0.006484 0.023775 -0.046972
v -0.007832 0.027658 -0.045802
v -0.007832 0.027658 -0.045802
v -0.005327 0.030583 -0.045030
v -0.004141 0.024717 -0.046835
v -0.029147 0.024103 -0.041451
v -0.028406 0.020918 -0.042741
v -0.030287 0.022270 -0.041155
v -0.027105 0.023174 -0.042785
v -0.028406 0.020918 -0.042741
v -0.029147 0.024103 -0.041451
v 0.022658 0.019289 -0.033193
v 0.023382 0.017489 -0.032808
v 0.024645 0.018566 -0.032913
v -0.029874 0.020186 -0.042105
v -0.030012 0.018907 -0.042545
v -0.031174 0.020006 -0.041244
v -0.006484 0.023775 -0.046972
v -0.011600 0.023565 -0.046540
v -0.007832 0.027658 -0.045802
v -0.006484 0.023775 -0.046972
v -0.008155 0.021825 -0.047402
v -0.011600 0.023565 -0.046540
v -0.029874 0.020186 -0.042105
v -0.030287 0.022270 -0.041155
v -0.028406 0.020918 -0.042741
v -0.029257 0.019465 -0.042776
v -0.029874 0.020186 -0.042105
v -0.028406 0.020918 -0.042741
v 0.021033 0.014314 -0.031893
v 0.023382 0.017489 -0.032808
v 0.019511 0.014477 -0.032063
v -0.008034 0.018787 -0.048458
v -0.012170 0.020576 -0.047351
v -0.008155 0.021825 -0.047402
v -0.012170 0.020576 -0.047351
v -0.011600 0.023565 -0.046540
v -0.008155 0.021825 -0.047402
v 0.025387 0.017045 -0.032563
v 0.023382 0.017489 -0.032808
v 0.022821 0.014505 -0.031884
v -0.028406 0.020918 -0.042741
v -0.027105 0.023174 -0.042785
v -0.026904 0.020768 -0.043534
v 0.022821 0.014505 -0.031884
v 0.023382 0.017489 -0.032808
v 0.021033 0.014314 -0.031893
v 0.018547 0.015681 -0.032647
v 0.019511 0.014477 -0.032063
v 0.023382 0.017489 -0.032808
v 0.022658 0.019289 -0.033193
v 0.018547 0.015681 -0.032647
v 0.023382 0.017489 -0.032808
v -0.006229 0.019792 -0.048222
v -0.006484 0.023775 -0.046972
v -0.004141 0.024717 -0.046835
v -0.008155 0.021825 -0.047402
v -0.006484 0.023775 -0.046972
v -0.006229 0.019792 -0.048222
v 0.021223 0.023236 -0.033837
v 0.019247 0.022048 -0.033853
v 0.020691 0.020386 -0.033516
v 0.017882 0.018003 -0.033357
v 0.020691 0.020386 -0.033516
v 0.016920 0.018965 -0.033634
v 0.017882 0.018003 -0.033357
v 0.022658 0.019289 -0.033193
v 0.020691 0.020386 -0.033516
v -0.046613 0.012810 -0.014759
v -0.044657 0.015224 -0.013526
v -0.043736 0.015853 -0.016363
v -0.008034 0.018787 -0.048458
v -0.008155 0.021825 -0.047402
v -0.006229 0.019792 -0.048222
v -0.004346 0.014498 -0.050475
v -0.008034 0.018787 -0.048458
v -0.006229 0.019792 -0.048222
v 0.015669 0.018870 -0.033718
v 0.016920 0.018965 -0.033634
v 0.015797 0.021965 -0.034182
v -0.006229 0.019792 -0.048222
v -0.004141 0.024717 -0.046835
v -0.003403 0.018650 -0.048787
v 0.022658 0.019289 -0.033193
v 0.017882 0.018003 -0.033357
v 0.018547 0.015681 -0.032647
v -0.000932 0.016106 -0.037132
v 0.002249 0.017195 -0.037156
v 0.000658 0.022696 -0.037301
v -0.040793 0.019044 -0.021689
v -0.041702 0.017018 -0.022271
v -0.042170 0.016693 -0.021154
v -0.042170 0.016693 -0.021154
v -0.043010 0.015966 -0.019720
v -0.041684 0.018073 -0.019832
v -0.030824 0.017706 -0.042639
v -0.030012 0.018907 -0.042545
v -0.029457 0.017360 -0.043722
v 0.017882 0.018003 -0.033357
v 0.016748 0.015165 -0.032555
v 0.018547 0.015681 -0.032647
v -0.005141 0.026529 -0.037236
v -0.009241 0.030788 -0.037086
v -0.007928 0.022539 -0.037136
v 0.017882 0.018003 -0.033357
v 0.015573 0.016822 -0.033229
v 0.016748 0.015165 -0.032555
v 0.015573 0.016822 -0.033229
v 0.016920 0.018965 -0.033634
v 0.015669 0.018870 -0.033718
v -0.042334 0.017907 -0.017189
v -0.043141 0.016066 -0.018680
v -0.043736 0.015853 -0.016363
v -0.015742 0.019748 -0.036748
v -0.010513 0.017355 -0.036933
v -0.007928 0.022539 -0.037136
v -0.042334 0.017907 -0.017189
v -0.041684 0.018073 -0.019832
v -0.043141 0.016066 -0.018680
v -0.006680 0.017360 -0.037073
v -0.007928 0.022539 -0.037136
v -0.010513 0.017355 -0.036933
v -0.041684 0.018073 -0.019832
v -0.043010 0.015966 -0.019720
v -0.043141 0.016066 -0.018680
v 0.017882 0.018003 -0.033357
v 0.016920 0.018965 -0.033634
v 0.015573 0.016822 -0.033229
v -0.031982 0.018530 -0.041302
v -0.031174 0.020006 -0.041244
v -0.030012 0.018907 -0.042545
v -0.008500 0.013434 -0.036708
v -0.006680 0.017360 -0.037073
v -0.010513 0.017355 -0.036933
v 0.015785 0.024655 -0.035957
v 0.016748 0.024539 -0.035516
v 0.016966 0.024946 -0.036675
v -0.006680 0.017360 -0.037073
v -0.000932 0.016106 -0.037132
v 0.000658 0.022696 -0.037301
v -0.001272 0.013657 -0.036917
v -0.006680 0.017360 -0.037073
v -0.005951 0.013373 -0.036782
v -0.029257 0.019465 -0.042776
v -0.029457 0.017360 -0.043722
v -0.030012 0.018907 -0.042545
v -0.006680 0.017360 -0.037073
v -0.001272 0.013657 -0.036917
v -0.000932 0.016106 -0.037132
v -0.007928 0.022539 -0.037136
v -0.006680 0.017360 -0.037073
v 0.000658 0.022696 -0.037301
v 0.000658 0.022696 -0.037301
v -0.002506 0.028856 -0.037277
v -0.005141 0.026529 -0.037236
v -0.029874 0.020186 -0.042105
v -0.029257 0.019465 -0.042776
v -0.030012 0.018907 -0.042545
v -0.005951 0.013373 -0.036782
v -0.006680 0.017360 -0.037073
v -0.008500 0.013434 -0.036708
v 0.015690 0.021505 -0.036740
v 0.015785 0.024655 -0.035957
v 0.015732 0.024201 -0.036738
v -0.041684 0.018073 -0.019832
v -0.040793 0.019044 -0.021689
v -0.042170 0.016693 -0.021154
v 0.005816 0.029128 -0.037209
v 0.002487 0.029417 -0.037273
v 0.000658 0.022696 -0.037301
v 0.015677 0.020693 -0.036741
v 0.015836 0.024093 -0.034944
v 0.015690 0.021505 -0.036740
v 0.000658 0.022696 -0.037301
v 0.002249 0.017195 -0.037156
v 0.009118 0.021174 -0.037078
v 0.002487 0.029417 -0.037273
v -0.002506 0.028856 -0.037277
v 0.000658 0.022696 -0.037301
v 0.000658 0.022696 -0.037301
v -0.005141 0.026529 -0.037236
v -0.007928 0.022539 -0.037136
v -0.040688 0.018428 -0.023245
v -0.040532 0.018140 -0.024495
v -0.041702 0.017018 -0.022271
v -0.030012 0.018907 -0.042545
v -0.030824 0.017706 -0.042639
v -0.031982 0.018530 -0.041302
v 0.015785 0.024655 -0.035957
v 0.016966 0.024946 -0.036675
v 0.015744 0.024923 -0.036739
v -0.027053 0.018690 -0.044260
v -0.029457 0.017360 -0.043722
v -0.029257 0.019465 -0.042776
v 0.005816 0.029128 -0.037209
v 0.000658 0.022696 -0.037301
v 0.009118 0.021174 -0.037078
v 0.015732 0.024201 -0.036738
v 0.015785 0.024655 -0.035957
v 0.015744 0.024923 -0.036739
v -0.041702 0.017018 -0.022271
v -0.040532 0.018140 -0.024495
v -0.042471 0.014790 -0.026298
v 0.012999 0.030706 -0.036892
v 0.005816 0.029128 -0.037209
v 0.009118 0.021174 -0.037078
v 0.009118 0.021174 -0.037078
v 0.002249 0.017195 -0.037156
v 0.004870 0.013830 -0.036871
v -0.028406 0.020918 -0.042741
v -0.027053 0.018690 -0.044260
v -0.029257 0.019465 -0.042776
v -0.026904 0.020768 -0.043534
v -0.027053 0.018690 -0.044260
v -0.028406 0.020918 -0.042741
v 0.015732 0.024201 -0.036738
v 0.015744 0.024923 -0.036739
v 0.009118 0.021174 -0.037078
v 0.012999 0.030706 -0.036892
v 0.009118 0.021174 -0.037078
v 0.015744 0.024923 -0.036739
v -0.011525 0.017248 -0.048732
v -0.012208 0.013160 -0.050479
v -0.013451 0.016554 -0.048799
v -0.007227 0.013999 -0.050546
v -0.010588 0.013339 -0.050570
v -0.011525 0.017248 -0.048732
v -0.010588 0.013339 -0.050570
v -0.012208 0.013160 -0.050479
v -0.011525 0.017248 -0.048732
v 0.015744 0.024923 -0.036739
v 0.016966 0.024946 -0.036675
v 0.012999 0.030706 -0.036892
v -0.011525 0.017248 -0.048732
v -0.008034 0.018787 -0.048458
v -0.007227 0.013999 -0.050546
v -0.012170 0.020576 -0.047351
v -0.011525 0.017248 -0.048732
v -0.013451 0.016554 -0.048799
v -0.008034 0.018787 -0.048458
v -0.011525 0.017248 -0.048732
v -0.012170 0.020576 -0.047351
v -0.029457 0.017360 -0.043722
v -0.027053 0.018690 -0.044260
v -0.027995 0.016559 -0.044982
v -0.011535 0.031911 -0.044128
v -0.009632 0.033577 -0.043511
v -0.009657 0.030882 -0.044665
v 0.028322 0.027831 -0.007363
v 0.028309 0.028291 -0.010577
v 0.028325 0.024984 -0.007539
v -0.014075 0.026668 -0.045405
v -0.009657 0.030882 -0.044665
v -0.007832 0.027658 -0.045802
v -0.031688 0.024464 -0.039366
v -0.029956 0.025404 -0.040589
v -0.029147 0.024103 -0.041451
v -0.043971 0.014314 -0.021814
v -0.043010 0.015966 -0.019720
v -0.042170 0.016693 -0.021154
v -0.041702 0.017018 -0.022271
v -0.043971 0.014314 -0.021814
v -0.042170 0.016693 -0.021154
v -0.041702 0.017018 -0.022271
v -0.043435 0.014211 -0.024662
v -0.043876 0.014113 -0.023136
v -0.043435 0.014211 -0.024662
v -0.041702 0.017018 -0.022271
v -0.042471 0.014790 -0.026298
v -0.011226 0.034403 -0.042796
v -0.009632 0.033577 -0.043511
v -0.011535 0.031911 -0.044128
v -0.012920 0.032156 -0.043889
v -0.012858 0.034087 -0.042863
v -0.011535 0.031911 -0.044128
v -0.043971 0.014314 -0.021814
v -0.041702 0.017018 -0.022271
v -0.043876 0.014113 -0.023136
v 0.038347 0.027622 -0.002504
v 0.039081 0.027246 -0.004347
v 0.037639 0.028229 -0.004346
v -0.034246 0.022990 -0.036833
v -0.033735 0.025540 -0.036526
v -0.032888 0.022731 -0.038669
v 0.038347 0.027622 -0.002504
v 0.039369 0.026863 -0.002536
v 0.039081 0.027246 -0.004347
v -0.033728 0.021673 -0.038094
v -0.034246 0.022990 -0.036833
v -0.032888 0.022731 -0.038669
v -0.011226 0.034403 -0.042796
v -0.011535 0.031911 -0.044128
v -0.012858 0.034087 -0.042863
v -0.035254 0.026103 -0.033497
v -0.034333 0.027375 -0.034712
v -0.033735 0.025540 -0.036526
v -0.043971 0.014314 -0.021814
v -0.045996 0.012823 -0.018680
v -0.043010 0.015966 -0.019720
v 0.039081 0.027246 -0.004347
v 0.038052 0.028201 -0.006104
v 0.037639 0.028229 -0.004346
v -0.033266 0.020543 -0.039122
v -0.032888 0.022731 -0.038669
v -0.032163 0.021960 -0.039690
v -0.012858 0.034087 -0.042863
v -0.013785 0.034463 -0.042391
v -0.012844 0.035033 -0.041856
v -0.013785 0.034463 -0.042391
v -0.014732 0.033913 -0.042725
v -0.014722 0.034760 -0.041905
v -0.027370 0.008660 -0.016630
v -0.027466 0.008595 -0.014929
v -0.025336 0.008488 -0.017547
v -0.014722 0.034760 -0.041905
v -0.013786 0.035140 -0.041438
v -0.013785 0.034463 -0.042391
v -0.013785 0.034463 -0.042391
v -0.013786 0.035140 -0.041438
v -0.012844 0.035033 -0.041856
v -0.012858 0.034087 -0.042863
v -0.014732 0.033913 -0.042725
v -0.013785 0.034463 -0.042391
v -0.027466 0.008595 -0.014929
v -0.027794 0.008608 -0.013244
v -0.023419 0.008081 -0.010840
v -0.025336 0.008488 -0.017547
v -0.027466 0.008595 -0.014929
v -0.023419 0.008081 -0.010840
v -0.032137 0.026369 -0.038324
v -0.033735 0.025540 -0.036526
v -0.032802 0.027493 -0.037124
v -0.010063 0.034738 -0.042600
v -0.011226 0.034403 -0.042796
v -0.010983 0.035061 -0.042132
v -0.033735 0.025540 -0.036526
v -0.034333 0.027375 -0.034712
v -0.032802 0.027493 -0.037124
v -0.031688 0.024464 -0.039366
v -0.032163 0.021960 -0.039690
v -0.032888 0.022731 -0.038669
v -0.011226 0.034403 -0.042796
v -0.012844 0.035033 -0.041856
v -0.011914 0.035284 -0.041546
v -0.011226 0.034403 -0.042796
v -0.012858 0.034087 -0.042863
v -0.012844 0.035033 -0.041856
v -0.027466 0.008595 -0.014929
v -0.027370 0.008660 -0.016630
v -0.027824 0.008698 -0.015120
v -0.031688 0.024464 -0.039366
v -0.032888 0.022731 -0.038669
v -0.033735 0.025540 -0.036526
v -0.030287 0.022270 -0.041155
v -0.032163 0.021960 -0.039690
v -0.031688 0.024464 -0.039366
v 0.038052 0.028201 -0.006104
v 0.039081 0.027246 -0.004347
v 0.039504 0.026932 -0.006106
v -0.011226 0.034403 -0.042796
v -0.011914 0.035284 -0.041546
v -0.010983 0.035061 -0.042132
v -0.009632 0.033577 -0.043511
v -0.011226 0.034403 -0.042796
v -0.010063 0.034738 -0.042600
v -0.038411 0.010847 0.041440
v -0.037683 0.010035 0.042255
v -0.036928 0.011049 0.042233
v 0.039081 0.027246 -0.004347
v 0.040264 0.025885 -0.002594
v 0.040319 0.025825 -0.006172
v -0.036077 0.008990 0.042937
v -0.036893 0.009525 0.042803
v -0.036860 0.008974 0.042913
v 0.039081 0.027246 -0.004347
v 0.039369 0.026863 -0.002536
v 0.040264 0.025885 -0.002594
v -0.036077 0.008990 0.042937
v -0.036178 0.010331 0.042568
v -0.036893 0.009525 0.042803
v 0.040319 0.025825 -0.006172
v 0.039504 0.026932 -0.006106
v 0.039081 0.027246 -0.004347
v -0.036893 0.009525 0.042803
v -0.036178 0.010331 0.042568
v -0.037683 0.010035 0.042255
v -0.016613 0.034414 -0.041912
v -0.015667 0.034520 -0.041997
v -0.016614 0.033916 -0.042398
v -0.036178 0.010331 0.042568
v -0.036928 0.011049 0.042233
v -0.037683 0.010035 0.042255
v -0.036178 0.010331 0.042568
v -0.036184 0.011937 0.041892
v -0.036928 0.011049 0.042233
v -0.014732 0.033913 -0.042725
v -0.015667 0.034520 -0.041997
v -0.014722 0.034760 -0.041905
v -0.037683 0.010035 0.042255
v -0.038452 0.008985 0.042047
v -0.036893 0.009525 0.042803
v -0.014732 0.033913 -0.042725
v -0.015916 0.033552 -0.042768
v -0.015667 0.034520 -0.041997
v -0.044944 0.010499 -0.028860
v -0.044570 0.011409 -0.029109
v -0.044750 0.010209 -0.029712
v 0.037639 0.028229 -0.004346
v 0.038052 0.028201 -0.006104
v 0.036926 0.028771 -0.006167
v -0.036860 0.008974 0.042913
v -0.036893 0.009525 0.042803
v -0.038452 0.008985 0.042047
v -0.043883 0.011749 -0.030924
v -0.044750 0.010209 -0.029712
v -0.044570 0.011409 -0.029109
v -0.016614 0.033916 -0.042398
v -0.015667 0.034520 -0.041997
v -0.015916 0.033552 -0.042768
v -0.044379 0.012142 -0.028353
v -0.043906 0.012464 -0.029242
v -0.044570 0.011409 -0.029109
v -0.038411 0.010847 0.041440
v -0.039231 0.009220 0.041417
v -0.038452 0.008985 0.042047
v 0.036926 0.028771 -0.006167
v 0.035966 0.028805 -0.004416
v 0.037639 0.028229 -0.004346
v -0.038452 0.008985 0.042047
v -0.037683 0.010035 0.042255
v -0.038411 0.010847 0.041440
v -0.044570 0.011409 -0.029109
v -0.043906 0.012464 -0.029242
v -0.043883 0.011749 -0.030924
v -0.036178 0.010331 0.042568
v -0.036077 0.008990 0.042937
v -0.035378 0.009293 0.042116
v -0.017562 0.033547 -0.042440
v -0.018511 0.032736 -0.042763
v -0.018496 0.033853 -0.042029
v -0.044379 0.012142 -0.028353
v -0.044944 0.010499 -0.028860
v -0.045285 0.010179 -0.027848
v 0.035292 0.028645 -0.002522
v 0.034371 0.028913 -0.003531
v 0.033559 0.028800 -0.002572
v -0.036184 0.011937 0.041892
v -0.036178 0.010331 0.042568
v -0.035511 0.011009 0.041501
v -0.017561 0.034443 -0.041649
v -0.016613 0.034414 -0.041912
v -0.016614 0.033916 -0.042398
v -0.035378 0.009293 0.042116
v -0.035511 0.011009 0.041501
v -0.036178 0.010331 0.042568
v -0.044379 0.012142 -0.028353
v -0.045285 0.010179 -0.027848
v -0.044668 0.012110 -0.027290
v -0.018496 0.033853 -0.042029
v -0.017561 0.034443 -0.041649
v -0.017562 0.033547 -0.042440
v -0.044944 0.010499 -0.028860
v -0.045303 0.009878 -0.027923
v -0.045285 0.010179 -0.027848
v -0.016614 0.033916 -0.042398
v -0.017562 0.033547 -0.042440
v -0.017561 0.034443 -0.041649
v 0.015797 0.021965 -0.034182
v 0.019247 0.022048 -0.033853
v 0.017796 0.023644 -0.034320
v 0.016816 0.023804 -0.034551
v 0.015845 0.023579 -0.034521
v 0.015797 0.021965 -0.034182
v -0.018543 0.034780 -0.040654
v -0.017561 0.034443 -0.041649
v -0.018496 0.033853 -0.042029
v -0.029002 0.006931 0.040700
v -0.028990 0.007346 0.040743
v -0.028863 0.006928 0.040700
v 0.016816 0.023804 -0.034551
v 0.015797 0.021965 -0.034182
v 0.017796 0.023644 -0.034320
v -0.044379 0.007598 -0.031464
v -0.044750 0.010209 -0.029712
v -0.044054 0.010697 -0.031737
v 0.016920 0.018965 -0.033634
v 0.019247 0.022048 -0.033853
v 0.015797 0.021965 -0.034182
v -0.029002 0.006825 0.041832
v -0.028990 0.007237 0.041874
v -0.029002 0.006889 0.041131
v -0.028990 0.007346 0.040743
v -0.029002 0.006889 0.041131
v -0.028990 0.007237 0.041874
v 0.033066 0.029148 -0.004623
v 0.034371 0.028913 -0.003531
v 0.035041 0.029283 -0.006345
v -0.007910 0.005168 0.049832
v -0.006400 0.004604 0.050827
v -0.006331 0.005298 0.049440
v -0.029002 0.006931 0.040700
v -0.029002 0.006898 0.041043
v -0.028990 0.007346 0.040743
v -0.029002 0.006889 0.041131
v -0.028990 0.007346 0.040743
v -0.029002 0.006898 0.041043
v 0.034371 0.028913 -0.003531
v 0.035292 0.028645 -0.002522
v 0.035966 0.028805 -0.004416
v 0.035292 0.028645 -0.002522
v 0.036277 0.028458 -0.002503
v 0.035966 0.028805 -0.004416
v -0.028863 0.006928 0.040700
v -0.026529 0.006910 0.040698
v -0.027982 0.007123 0.038523
v -0.029594 0.006767 0.042505
v -0.029002 0.006825 0.041832
v -0.029002 0.006889 0.041131
v -0.029594 0.006767 0.042505
v -0.029002 0.006889 0.041131
v -0.029002 0.006898 0.041043
v 0.035966 0.028805 -0.004416
v 0.035041 0.029283 -0.006345
v 0.034371 0.028913 -0.003531
v -0.028863 0.006928 0.040700
v -0.027982 0.007123 0.038523
v -0.029002 0.006931 0.040700
v -0.030389 0.007012 0.040161
v -0.029002 0.006931 0.040700
v -0.027982 0.007123 0.038523
v 0.035966 0.028805 -0.004416
v 0.036013 0.029080 -0.006244
v 0.035041 0.029283 -0.006345
v -0.029002 0.006898 0.041043
v -0.030389 0.007012 0.040161
v -0.029594 0.006767 0.042505
v -0.029002 0.006898 0.041043
v -0.029002 0.006931 0.040700
v -0.030389 0.007012 0.040161
v -0.031948 0.007324 0.037322
v -0.030389 0.007012 0.040161
v -0.027982 0.007123 0.038523
v -0.008566 0.005937 0.046491
v -0.005681 0.006221 0.046543
v -0.010027 0.005992 0.046501
v 0.038347 0.027622 -0.002504
v 0.036277 0.028458 -0.002503
v 0.037136 0.028053 -0.001530
v -0.024859 0.007354 0.030515
v -0.029394 0.007298 0.035384
v -0.027982 0.007123 0.038523
v 0.035966 0.028805 -0.004416
v 0.036926 0.028771 -0.006167
v 0.036013 0.029080 -0.006244
v -0.012211 0.005907 0.047281
v -0.009408 0.005365 0.049258
v -0.010027 0.005992 0.046501
v -0.008566 0.005937 0.046491
v -0.010027 0.005992 0.046501
v -0.009408 0.005365 0.049258
v 0.036277 0.028458 -0.002503
v 0.037639 0.028229 -0.004346
v 0.035966 0.028805 -0.004416
v -0.029394 0.007298 0.035384
v -0.031948 0.007324 0.037322
v -0.027982 0.007123 0.038523
v 0.037639 0.028229 -0.004346
v 0.036277 0.028458 -0.002503
v 0.038347 0.027622 -0.002504
v -0.008321 0.005926 0.046489
v -0.007691 0.005956 0.046495
v -0.008566 0.005937 0.046491
v -0.007691 0.005956 0.046495
v -0.005681 0.006221 0.046543
v -0.008566 0.005937 0.046491
v 0.033066 0.029148 -0.004623
v 0.033559 0.028800 -0.002572
v 0.034371 0.028913 -0.003531
v -0.008321 0.005926 0.046489
v -0.007910 0.005168 0.049832
v -0.007691 0.005956 0.046495
v -0.007691 0.005956 0.046495
v -0.007910 0.005168 0.049832
v -0.006236 0.005749 0.047693
v -0.007910 0.005168 0.049832
v -0.008321 0.005926 0.046489
v -0.008566 0.005937 0.046491
v -0.007910 0.005168 0.049832
v -0.008566 0.005937 0.046491
v -0.009408 0.005365 0.049258
v -0.034198 0.009564 0.037395
v -0.034551 0.008407 0.040129
v -0.034222 0.007723 0.039699
v 0.036118 0.028177 -0.000533
v 0.035292 0.028645 -0.002522
v 0.033930 0.028060 0.001636
v 0.036942 0.027658 0.001454
v 0.036118 0.028177 -0.000533
v 0.033930 0.028060 0.001636
v -0.034222 0.007723 0.039699
v -0.033712 0.008030 0.037371
v -0.034198 0.009564 0.037395
v 0.037136 0.028053 -0.001530
v 0.036277 0.028458 -0.002503
v 0.036118 0.028177 -0.000533
v -0.003244 0.002506 0.051999
v -0.004839 0.003815 0.051520
v -0.004846 0.000000 0.052612
v 0.036277 0.028458 -0.002503
v 0.035292 0.028645 -0.002522
v 0.036118 0.028177 -0.000533
v -0.001636 0.001900 0.052196
v -0.004846 0.000000 0.052612
v 0.004798 0.000000 0.052612
v 0.035292 0.028645 -0.002522
v 0.033559 0.028800 -0.002572
v 0.033930 0.028060 0.001636
v 0.035536 0.027573 0.003655
v 0.036942 0.027658 0.001454
v 0.033930 0.028060 0.001636
v -0.001636 0.001900 0.052196
v -0.003244 0.002506 0.051999
v -0.004846 0.000000 0.052612
v -0.033195 0.007614 0.037200
v -0.033971 0.007470 0.039719
v -0.033406 0.007311 0.039498
v 0.038515 0.027296 -0.000608
v 0.037136 0.028053 -0.001530
v 0.036118 0.028177 -0.000533
v -0.003244 0.002506 0.051999
v -0.003239 0.003997 0.051477
v -0.004839 0.003815 0.051520
v 0.038347 0.027622 -0.002504
v 0.037136 0.028053 -0.001530
v 0.038515 0.027296 -0.000608
v 0.036942 0.027658 0.001454
v 0.038137 0.027232 0.001376
v 0.038515 0.027296 -0.000608
v -0.003244 0.002506 0.051999
v -0.001636 0.001900 0.052196
v -0.001633 0.004178 0.051358
v -0.003239 0.003997 0.051477
v -0.003244 0.002506 0.051999
v -0.001633 0.004178 0.051358
v -0.001636 0.001900 0.052196
v -0.000024 0.004174 0.051368
v -0.001633 0.004178 0.051358
v 0.036118 0.028177 -0.000533
v 0.036942 0.027658 0.001454
v 0.038515 0.027296 -0.000608
v -0.033406 0.007311 0.039498
v -0.031948 0.007324 0.037322
v -0.033195 0.007614 0.037200
v 0.037749 0.027088 0.003429
v 0.036942 0.027658 0.001454
v 0.035536 0.027573 0.003655
v -0.004786 0.005111 0.049983
v -0.006400 0.004604 0.050827
v -0.004839 0.003815 0.051520
v 0.036942 0.027658 0.001454
v 0.037749 0.027088 0.003429
v 0.038137 0.027232 0.001376
v -0.004786 0.005111 0.049983
v -0.004839 0.003815 0.051520
v -0.003228 0.004563 0.050945
v -0.004839 0.003815 0.051520
v -0.003239 0.003997 0.051477
v -0.003228 0.004563 0.050945
v -0.031948 0.007324 0.037322
v -0.031857 0.007093 0.039701
v -0.030389 0.007012 0.040161
v -0.001633 0.004178 0.051358
v -0.003228 0.004563 0.050945
v -0.003239 0.003997 0.051477
v -0.031857 0.007093 0.039701
v -0.031948 0.007324 0.037322
v -0.033406 0.007311 0.039498
v 0.038137 0.027232 0.001376
v 0.039299 0.026766 -0.000646
v 0.038515 0.027296 -0.000608
v 0.039369 0.026863 -0.002536
v 0.038347 0.027622 -0.002504
v 0.038515 0.027296 -0.000608
v -0.034198 0.009564 0.037395
v -0.035511 0.011009 0.041501
v -0.034551 0.008407 0.040129
v 0.038515 0.027296 -0.000608
v 0.039299 0.026766 -0.000646
v 0.039369 0.026863 -0.002536
v -0.001633 0.004178 0.051358
v -0.001616 0.005080 0.050062
v -0.003228 0.004563 0.050945
v 0.015845 0.023579 -0.034521
v 0.016816 0.023804 -0.034551
v 0.015836 0.024093 -0.034944
v -0.004846 0.000000 0.052612
v -0.008004 0.003052 0.051651
v -0.015689 0.000000 0.051821
v 0.015836 0.024093 -0.034944
v 0.016816 0.023804 -0.034551
v 0.016748 0.024539 -0.035516
v 0.016748 0.024539 -0.035516
v 0.015785 0.024655 -0.035957
v 0.015836 0.024093 -0.034944
v -0.004839 0.003815 0.051520
v -0.006429 0.003637 0.051545
v -0.004846 0.000000 0.052612
v -0.004846 0.000000 0.052612
v -0.006429 0.003637 0.051545
v -0.008004 0.003052 0.051651
v -0.006429 0.003637 0.051545
v -0.007989 0.004152 0.051169
v -0.008004 0.003052 0.051651
v -0.004839 0.003815 0.051520
v -0.006400 0.004604 0.050827
v -0.006429 0.003637 0.051545
v -0.009554 0.003685 0.051360
v -0.008004 0.003052 0.051651
v -0.007989 0.004152 0.051169
v 0.040264 0.025885 -0.002594
v 0.039369 0.026863 -0.002536
v 0.040002 0.026097 -0.000690
v 0.039299 0.026766 -0.000646
v 0.038137 0.027232 0.001376
v 0.039949 0.026010 0.001250
v 0.039949 0.026010 0.001250
v 0.040002 0.026097 -0.000690
v 0.039299 0.026766 -0.000646
v -0.011014 0.004889 0.050294
v -0.009554 0.003685 0.051360
v -0.007989 0.004152 0.051169
v 0.039369 0.026863 -0.002536
v 0.039299 0.026766 -0.000646
v 0.040002 0.026097 -0.000690
v -0.006429 0.003637 0.051545
v -0.006400 0.004604 0.050827
v -0.007989 0.004152 0.051169
v -0.006400 0.004604 0.050827
v -0.007910 0.005168 0.049832
v -0.007989 0.004152 0.051169
v -0.009408 0.005365 0.049258
v -0.007989 0.004152 0.051169
v -0.007910 0.005168 0.049832
v -0.031636 0.006832 0.041784
v -0.030389 0.007012 0.040161
v -0.031857 0.007093 0.039701
v -0.007989 0.004152 0.051169
v -0.009408 0.005365 0.049258
v -0.011014 0.004889 0.050294
v -0.031857 0.007093 0.039701
v -0.033406 0.007311 0.039498
v -0.034036 0.007089 0.041401
v -0.031636 0.006832 0.041784
v -0.031857 0.007093 0.039701
v -0.034036 0.007089 0.041401
v 0.037749 0.027088 0.003429
v 0.039225 0.026229 0.004292
v 0.038137 0.027232 0.001376
v -0.019942 0.006824 0.040689
v -0.020321 0.006841 0.040690
v -0.018422 0.006787 0.040685
v -0.028990 0.007237 0.041874
v -0.021796 0.006795 0.041828
v -0.017569 0.006665 0.041815
v -0.017569 0.006665 0.041815
v -0.015724 0.006618 0.041810
v -0.028990 0.007237 0.041874
v -0.005676 0.006603 0.041808
v -0.028990 0.007237 0.041874
v -0.015724 0.006618 0.041810
v -0.005676 0.006603 0.041808
v -0.028990 0.007346 0.040743
v -0.028990 0.007237 0.041874
v -0.005676 0.006603 0.041808
v -0.005676 0.006711 0.040676
v -0.028990 0.007346 0.040743
v -0.005681 0.006410 0.045421
v -0.009367 0.006131 0.045371
v -0.018614 0.006601 0.045456
v 0.029757 0.028979 -0.004927
v 0.029027 0.029119 -0.007180
v 0.029095 0.028779 -0.004998
v -0.029000 0.006564 0.046605
v -0.005681 0.006221 0.046543
v -0.018614 0.006601 0.045456
v 0.029757 0.028979 -0.004927
v 0.030778 0.029433 -0.006908
v 0.029027 0.029119 -0.007180
v -0.034222 0.007723 0.039699
v -0.034813 0.007257 0.041655
v -0.033971 0.007470 0.039719
v -0.033735 0.025540 -0.036526
v -0.032137 0.026369 -0.038324
v -0.031688 0.024464 -0.039366
v -0.032137 0.026369 -0.038324
v -0.029956 0.025404 -0.040589
v -0.031688 0.024464 -0.039366
v -0.009057 0.006444 0.040649
v -0.011759 0.006511 0.040656
v -0.005676 0.006711 0.040676
v -0.005676 0.006711 0.040676
v -0.011759 0.006511 0.040656
v -0.016398 0.006714 0.040677
v 0.029213 0.028425 -0.002757
v 0.033066 0.029148 -0.004623
v 0.029757 0.028979 -0.004927
v -0.015724 0.006618 0.041810
v -0.011034 0.006413 0.041789
v -0.005676 0.006603 0.041808
v -0.008914 0.006361 0.041783
v -0.005676 0.006603 0.041808
v -0.011034 0.006413 0.041789
v 0.033066 0.029148 -0.004623
v 0.030778 0.029433 -0.006908
v 0.029757 0.028979 -0.004927
v -0.044958 0.008399 -0.029337
v -0.045303 0.009878 -0.027923
v -0.044944 0.010499 -0.028860
v -0.030287 0.022270 -0.041155
v -0.031688 0.024464 -0.039366
v -0.029147 0.024103 -0.041451
v 0.029213 0.028425 -0.002757
v 0.033559 0.028800 -0.002572
v 0.033066 0.029148 -0.004623
v -0.008744 0.006103 0.045366
v -0.008914 0.006361 0.041783
v -0.011034 0.006413 0.041789
v -0.008744 0.006103 0.045366
v -0.011034 0.006413 0.041789
v -0.009367 0.006131 0.045371
v -0.044958 0.008399 -0.029337
v -0.044944 0.010499 -0.028860
v -0.044750 0.010209 -0.029712
v -0.027327 0.028817 -0.031597
v -0.027798 0.025958 -0.030819
v -0.026927 0.025552 -0.032592
v -0.015724 0.006618 0.041810
v -0.009367 0.006131 0.045371
v -0.011034 0.006413 0.041789
v 0.033066 0.029148 -0.004623
v 0.035041 0.029283 -0.006345
v 0.030778 0.029433 -0.006908
v -0.026927 0.025552 -0.032592
v -0.027798 0.025958 -0.030819
v -0.027458 0.023470 -0.031873
v -0.027798 0.025958 -0.030819
v -0.028160 0.024181 -0.029875
v -0.027458 0.023470 -0.031873
v -0.018422 0.006787 0.040685
v -0.005676 0.006711 0.040676
v -0.016398 0.006714 0.040677
v -0.014292 0.006853 0.036697
v -0.018422 0.006787 0.040685
v -0.016398 0.006714 0.040677
v -0.016945 0.006637 0.041812
v -0.016545 0.006627 0.041811
v -0.017569 0.006665 0.041815
v -0.015724 0.006618 0.041810
v -0.017569 0.006665 0.041815
v -0.016545 0.006627 0.041811
v -0.016545 0.006627 0.041811
v -0.016295 0.006621 0.041810
v -0.015724 0.006618 0.041810
v 0.030996 0.027969 0.001803
v 0.033559 0.028800 -0.002572
v 0.029213 0.028425 -0.002757
v -0.013633 0.006156 0.045376
v -0.015503 0.006199 0.045383
v -0.018614 0.006601 0.045456
v -0.015503 0.006199 0.045383
v -0.016554 0.006172 0.045378
v -0.018614 0.006601 0.045456
v 0.030996 0.027969 0.001803
v 0.033930 0.028060 0.001636
v 0.033559 0.028800 -0.002572
v -0.026695 0.023321 -0.033052
v -0.027458 0.023470 -0.031873
v -0.027017 0.021101 -0.032783
v -0.013633 0.006156 0.045376
v -0.009367 0.006131 0.045371
v -0.015724 0.006618 0.041810
v -0.013633 0.006156 0.045376
v -0.015724 0.006618 0.041810
v -0.016295 0.006621 0.041810
v 0.028667 0.028154 -0.003934
v 0.029612 0.027679 0.001875
v 0.029213 0.028425 -0.002757
v -0.016295 0.006621 0.041810
v -0.016545 0.006627 0.041811
v -0.015503 0.006199 0.045383
v -0.016295 0.006621 0.041810
v -0.015503 0.006199 0.045383
v -0.013633 0.006156 0.045376
v -0.026695 0.023321 -0.033052
v -0.026927 0.025552 -0.032592
v -0.027458 0.023470 -0.031873
v 0.029612 0.027679 0.001875
v 0.030996 0.027969 0.001803
v 0.029213 0.028425 -0.002757
v 0.029757 0.028979 -0.004927
v 0.029095 0.028779 -0.004998
v 0.028667 0.028154 -0.003934
v 0.028532 0.029296 -0.011508
v 0.028667 0.028154 -0.003934
v 0.029027 0.029119 -0.007180
v 0.029095 0.028779 -0.004998
v 0.029027 0.029119 -0.007180
v 0.028667 0.028154 -0.003934
v -0.045126 0.012330 -0.024903
v -0.043435 0.014211 -0.024662
v -0.044323 0.012829 -0.026483
v 0.029757 0.028979 -0.004927
v 0.028667 0.028154 -0.003934
v 0.029213 0.028425 -0.002757
v -0.015916 0.033552 -0.042768
v -0.014534 0.032707 -0.043440
v -0.017604 0.031969 -0.043278
v -0.043876 0.014113 -0.023136
v -0.043435 0.014211 -0.024662
v -0.045126 0.012330 -0.024903
v -0.034767 0.023996 -0.035538
v -0.034246 0.022990 -0.036833
v -0.035508 0.021371 -0.035716
v 0.028384 0.027512 -0.005133
v 0.028322 0.027831 -0.007363
v 0.028325 0.024984 -0.007539
v -0.012920 0.032156 -0.043889
v -0.014534 0.032707 -0.043440
v -0.012858 0.034087 -0.042863
v 0.028384 0.027512 -0.005133
v 0.028667 0.028154 -0.003934
v 0.028322 0.027831 -0.007363
v -0.034767 0.023996 -0.035538
v -0.035254 0.026103 -0.033497
v -0.033735 0.025540 -0.036526
v -0.033735 0.025540 -0.036526
v -0.034246 0.022990 -0.036833
v -0.034767 0.023996 -0.035538
v 0.028667 0.028154 -0.003934
v 0.028532 0.029296 -0.011508
v 0.028322 0.027831 -0.007363
v -0.014534 0.032707 -0.043440
v -0.014732 0.033913 -0.042725
v -0.012858 0.034087 -0.042863
v -0.045126 0.012330 -0.024903
v -0.044861 0.013339 -0.022079
v -0.043876 0.014113 -0.023136
v -0.043315 0.013358 -0.028492
v -0.044668 0.012110 -0.027290
v -0.044323 0.012829 -0.026483
v 0.029179 0.022618 0.004281
v 0.029169 0.026149 0.004310
v 0.028894 0.026502 0.001889
v -0.015916 0.033552 -0.042768
v -0.014732 0.033913 -0.042725
v -0.014534 0.032707 -0.043440
v -0.044323 0.012829 -0.026483
v -0.045273 0.011841 -0.025642
v -0.045126 0.012330 -0.024903
v 0.029713 0.026493 0.006708
v 0.028894 0.026502 0.001889
v 0.029169 0.026149 0.004310
v -0.044668 0.012110 -0.027290
v -0.045273 0.011841 -0.025642
v -0.044323 0.012829 -0.026483
v 0.028894 0.026502 0.001889
v 0.028667 0.028154 -0.003934
v 0.028669 0.026847 -0.000499
v 0.030996 0.027969 0.001803
v 0.029612 0.027679 0.001875
v 0.030537 0.027477 0.004176
v 0.033930 0.028060 0.001636
v 0.030996 0.027969 0.001803
v 0.030537 0.027477 0.004176
v -0.045707 0.010518 -0.025997
v -0.045273 0.011841 -0.025642
v -0.044668 0.012110 -0.027290
v 0.030537 0.027477 0.004176
v 0.035536 0.027573 0.003655
v 0.033930 0.028060 0.001636
v -0.045706 0.011166 -0.025226
v -0.045273 0.011841 -0.025642
v -0.045707 0.010518 -0.025997
v -0.016614 0.033916 -0.042398
v -0.015916 0.033552 -0.042768
v -0.017604 0.031969 -0.043278
v -0.045706 0.011166 -0.025226
v -0.045126 0.012330 -0.024903
v -0.045273 0.011841 -0.025642
v -0.017562 0.033547 -0.042440
v -0.016614 0.033916 -0.042398
v -0.017604 0.031969 -0.043278
v -0.045126 0.012330 -0.024903
v -0.045706 0.011166 -0.025226
v -0.045862 0.011567 -0.023857
v 0.028667 0.028154 -0.003934
v 0.029713 0.026493 0.006708
v 0.029612 0.027679 0.001875
v -0.018511 0.032736 -0.042763
v -0.017562 0.033547 -0.042440
v -0.017604 0.031969 -0.043278
v -0.015938 0.029784 -0.044289
v -0.017725 0.029037 -0.044203
v -0.017604 0.031969 -0.043278
v -0.031174 0.020006 -0.041244
v -0.032163 0.021960 -0.039690
v -0.030287 0.022270 -0.041155
v 0.040415 0.024353 -0.014140
v 0.040056 0.024829 -0.015445
v 0.039579 0.026418 -0.013890
v -0.015938 0.029784 -0.044289
v -0.017604 0.031969 -0.043278
v -0.014534 0.032707 -0.043440
v 0.042819 0.019280 -0.010360
v 0.041484 0.021053 -0.014730
v 0.041212 0.023173 -0.011365
v 0.041212 0.023173 -0.011365
v 0.040948 0.024267 -0.009641
v 0.043328 0.019006 -0.006897
v -0.015938 0.029784 -0.044289
v -0.012920 0.032156 -0.043889
v -0.014075 0.026668 -0.045405
v -0.014534 0.032707 -0.043440
v -0.012920 0.032156 -0.043889
v -0.015938 0.029784 -0.044289
v 0.043328 0.019006 -0.006897
v 0.042819 0.019280 -0.010360
v 0.041212 0.023173 -0.011365
v -0.014075 0.026668 -0.045405
v -0.017725 0.029037 -0.044203
v -0.015938 0.029784 -0.044289
v 0.039523 0.026814 -0.011696
v 0.040415 0.024353 -0.014140
v 0.039579 0.026418 -0.013890
v -0.011535 0.031911 -0.044128
v -0.009657 0.030882 -0.044665
v -0.014075 0.026668 -0.045405
v -0.014075 0.026668 -0.045405
v -0.012920 0.032156 -0.043889
v -0.011535 0.031911 -0.044128
v 0.040415 0.024353 -0.014140
v 0.039523 0.026814 -0.011696
v 0.041212 0.023173 -0.011365
v 0.041212 0.023173 -0.011365
v 0.039523 0.026814 -0.011696
v 0.040948 0.024267 -0.009641
v -0.011600 0.023565 -0.046540
v -0.017507 0.023602 -0.045590
v -0.014075 0.026668 -0.045405
v -0.031174 0.020006 -0.041244
v -0.033266 0.020543 -0.039122
v -0.032163 0.021960 -0.039690
v 0.040163 0.025903 -0.009251
v 0.040948 0.024267 -0.009641
v 0.039523 0.026814 -0.011696
v -0.034036 0.007089 0.041401
v -0.033406 0.007311 0.039498
v -0.033971 0.007470 0.039719
v -0.045862 0.011567 -0.023857
v -0.045706 0.011166 -0.025226
v -0.046552 0.010086 -0.022864
v 0.042202 0.022214 -0.004725
v 0.043328 0.019006 -0.006897
v 0.040948 0.024267 -0.009641
v -0.017725 0.029037 -0.044203
v -0.014075 0.026668 -0.045405
v -0.017507 0.023602 -0.045590
v -0.045932 0.009841 -0.025549
v -0.045706 0.011166 -0.025226
v -0.045707 0.010518 -0.025997
v -0.018543 0.034780 -0.040654
v -0.018496 0.033853 -0.042029
v -0.020373 0.034179 -0.041117
v -0.035007 0.007617 0.041519
v -0.034813 0.007257 0.041655
v -0.034222 0.007723 0.039699
v -0.045707 0.010518 -0.025997
v -0.045285 0.010179 -0.027848
v -0.045303 0.009878 -0.027923
v -0.018496 0.033853 -0.042029
v -0.020352 0.033584 -0.041769
v -0.020373 0.034179 -0.041117
v 0.040319 0.025825 -0.006172
v 0.042202 0.022214 -0.004725
v 0.040948 0.024267 -0.009641
v -0.035378 0.009293 0.042116
v -0.035244 0.008412 0.042005
v -0.034551 0.008407 0.040129
v -0.035007 0.007617 0.041519
v -0.034222 0.007723 0.039699
v -0.034551 0.008407 0.040129
v -0.045706 0.011166 -0.025226
v -0.045932 0.009841 -0.025549
v -0.046552 0.010086 -0.022864
v 0.015836 0.024093 -0.034944
v 0.015677 0.020693 -0.036741
v 0.015845 0.023579 -0.034521
v 0.015673 0.020500 -0.036741
v 0.015845 0.023579 -0.034521
v 0.015677 0.020693 -0.036741
v -0.033728 0.021673 -0.038094
v -0.032888 0.022731 -0.038669
v -0.033266 0.020543 -0.039122
v -0.045932 0.009841 -0.025549
v -0.046235 0.009064 -0.024423
v -0.046552 0.010086 -0.022864
v 0.015785 0.024655 -0.035957
v 0.015690 0.021505 -0.036740
v 0.015836 0.024093 -0.034944
v -0.033909 0.019641 -0.038869
v -0.033728 0.021673 -0.038094
v -0.033266 0.020543 -0.039122
v -0.045707 0.010518 -0.025997
v -0.045303 0.009878 -0.027923
v -0.045549 0.008785 -0.027143
v 0.015845 0.023579 -0.034521
v 0.015673 0.020500 -0.036741
v 0.015797 0.021965 -0.034182
v 0.015663 0.020231 -0.036742
v 0.015797 0.021965 -0.034182
v 0.015673 0.020500 -0.036741
v -0.034326 0.017537 -0.039750
v -0.035205 0.016010 -0.040198
v -0.035804 0.017182 -0.038355
v -0.045707 0.010518 -0.025997
v -0.044668 0.012110 -0.027290
v -0.045285 0.010179 -0.027848
v -0.021335 0.034408 -0.040252
v -0.020373 0.034179 -0.041117
v -0.022188 0.033902 -0.040802
v 0.015669 0.018870 -0.033718
v 0.015647 0.016236 -0.036628
v 0.015573 0.016822 -0.033229
v -0.045549 0.008785 -0.027143
v -0.045932 0.009841 -0.025549
v -0.045707 0.010518 -0.025997
v -0.033909 0.019641 -0.038869
v -0.034326 0.017537 -0.039750
v -0.035804 0.017182 -0.038355
v 0.015646 0.019849 -0.036737
v 0.015646 0.018836 -0.036720
v 0.015669 0.018870 -0.033718
v -0.031174 0.020006 -0.041244
v -0.031982 0.018530 -0.041302
v -0.033266 0.020543 -0.039122
v -0.033266 0.020543 -0.039122
v -0.033626 0.018615 -0.039748
v -0.033909 0.019641 -0.038869
v -0.045932 0.009841 -0.025549
v -0.045549 0.008785 -0.027143
v -0.045933 0.007101 -0.025674
v 0.015647 0.016236 -0.036628
v 0.015669 0.018870 -0.033718
v 0.015646 0.018048 -0.036725
v -0.021260 0.032572 -0.042191
v -0.022188 0.033902 -0.040802
v -0.020352 0.033584 -0.041769
v -0.022188 0.033902 -0.040802
v -0.020373 0.034179 -0.041117
v -0.020352 0.033584 -0.041769
v -0.045933 0.007101 -0.025674
v -0.046235 0.009064 -0.024423
v -0.045932 0.009841 -0.025549
v -0.033266 0.020543 -0.039122
v -0.031982 0.018530 -0.041302
v -0.033626 0.018615 -0.039748
v 0.015797 0.021965 -0.034182
v 0.015663 0.020231 -0.036742
v 0.015669 0.018870 -0.033718
v -0.018496 0.033853 -0.042029
v -0.018511 0.032736 -0.042763
v -0.020352 0.033584 -0.041769
v 0.015573 0.016822 -0.033229
v 0.015639 0.016044 -0.036618
v 0.015607 0.015310 -0.036539
v -0.033909 0.019641 -0.038869
v -0.033626 0.018615 -0.039748
v -0.034326 0.017537 -0.039750
v -0.021260 0.032572 -0.042191
v -0.020386 0.031317 -0.042944
v -0.022225 0.029913 -0.042950
v -0.034551 0.008407 0.040129
v -0.035244 0.008412 0.042005
v -0.035007 0.007617 0.041519
v -0.045996 0.012823 -0.018680
v -0.043736 0.015853 -0.016363
v -0.043141 0.016066 -0.018680
v -0.033971 0.007470 0.039719
v -0.034813 0.007257 0.041655
v -0.034036 0.007089 0.041401
v -0.045126 0.012330 -0.024903
v -0.045759 0.012289 -0.022173
v -0.044861 0.013339 -0.022079
v -0.043971 0.014314 -0.021814
v -0.043876 0.014113 -0.023136
v -0.044861 0.013339 -0.022079
v 0.015072 0.018626 -0.036772
v 0.009118 0.021174 -0.037078
v 0.010346 0.015708 -0.036846
v -0.043141 0.016066 -0.018680
v -0.043010 0.015966 -0.019720
v -0.045996 0.012823 -0.018680
v 0.013941 0.014039 -0.036557
v 0.015072 0.018626 -0.036772
v 0.010346 0.015708 -0.036846
v 0.015646 0.018048 -0.036725
v 0.015072 0.018626 -0.036772
v 0.015647 0.016236 -0.036628
v 0.013941 0.014039 -0.036557
v 0.015647 0.016236 -0.036628
v 0.015072 0.018626 -0.036772
v 0.004870 0.013830 -0.036871
v 0.010346 0.015708 -0.036846
v 0.009118 0.021174 -0.037078
v -0.016945 0.006637 0.041812
v -0.017569 0.006665 0.041815
v -0.018498 0.006270 0.045396
v -0.016545 0.006627 0.041811
v -0.016945 0.006637 0.041812
v -0.016686 0.006624 0.041810
v 0.015072 0.018626 -0.036772
v 0.015646 0.018048 -0.036725
v 0.015646 0.018836 -0.036720
v -0.018498 0.006270 0.045396
v -0.018614 0.006601 0.045456
v -0.016554 0.006172 0.045378
v -0.018498 0.006270 0.045396
v -0.016554 0.006172 0.045378
v -0.016945 0.006637 0.041812
v -0.016686 0.006624 0.041810
v -0.016945 0.006637 0.041812
v -0.016554 0.006172 0.045378
v -0.016545 0.006627 0.041811
v -0.016686 0.006624 0.041810
v -0.016554 0.006172 0.045378
v -0.015503 0.006199 0.045383
v -0.016545 0.006627 0.041811
v -0.016554 0.006172 0.045378
v 0.015646 0.018836 -0.036720
v 0.015646 0.018048 -0.036725
v 0.015669 0.018870 -0.033718
v -0.010027 0.005992 0.046501
v -0.005681 0.006221 0.046543
v -0.012790 0.006009 0.046504
v -0.012211 0.005907 0.047281
v -0.010027 0.005992 0.046501
v -0.012790 0.006009 0.046504
v 0.015646 0.019849 -0.036737
v 0.015669 0.018870 -0.033718
v 0.015662 0.020217 -0.036742
v 0.015663 0.020231 -0.036742
v 0.015662 0.020217 -0.036742
v 0.015669 0.018870 -0.033718
v -0.045759 0.012289 -0.022173
v -0.046246 0.012353 -0.019528
v -0.044861 0.013339 -0.022079
v 0.015072 0.018626 -0.036772
v 0.015662 0.020217 -0.036742
v 0.009118 0.021174 -0.037078
v 0.015677 0.020693 -0.036741
v 0.009118 0.021174 -0.037078
v 0.015673 0.020500 -0.036741
v 0.015690 0.021505 -0.036740
v 0.009118 0.021174 -0.037078
v 0.015677 0.020693 -0.036741
v 0.015732 0.024201 -0.036738
v 0.009118 0.021174 -0.037078
v 0.015690 0.021505 -0.036740
v 0.015663 0.020231 -0.036742
v 0.015673 0.020500 -0.036741
v 0.009118 0.021174 -0.037078
v 0.015662 0.020217 -0.036742
v 0.015663 0.020231 -0.036742
v 0.009118 0.021174 -0.037078
v 0.015072 0.018626 -0.036772
v 0.015646 0.019849 -0.036737
v 0.015662 0.020217 -0.036742
v 0.015646 0.018836 -0.036720
v 0.015646 0.019849 -0.036737
v 0.015072 0.018626 -0.036772
v 0.019516 0.002916 -0.051444
v 0.022465 0.005521 -0.050709
v 0.024526 0.000000 -0.050905
v -0.011014 0.004889 0.050294
v -0.011052 0.004512 0.050756
v -0.009554 0.003685 0.051360
v 0.022465 0.005521 -0.050709
v 0.024635 0.009071 -0.049771
v 0.025912 0.006564 -0.049825
v -0.011014 0.004889 0.050294
v -0.012551 0.004447 0.050661
v -0.011052 0.004512 0.050756
v 0.025912 0.006564 -0.049825
v 0.026564 0.000000 -0.050435
v 0.024526 0.000000 -0.050905
v -0.012551 0.004447 0.050661
v -0.013969 0.004971 0.050024
v -0.014015 0.004589 0.050485
v -0.012551 0.004447 0.050661
v -0.011014 0.004889 0.050294
v -0.012392 0.005450 0.049017
v 0.024526 0.000000 -0.050905
v 0.022465 0.005521 -0.050709
v 0.025912 0.006564 -0.049825
v -0.029009 0.006201 0.045384
v -0.029010 0.006030 0.045921
v -0.029000 0.006753 0.045483
v -0.029010 0.005998 0.046034
v -0.029000 0.006753 0.045483
v -0.029010 0.006030 0.045921
v 0.029181 0.005505 -0.048943
v 0.026564 0.000000 -0.050435
v 0.025912 0.006564 -0.049825
v 0.027400 0.008471 -0.049131
v 0.029181 0.005505 -0.048943
v 0.025912 0.006564 -0.049825
v -0.021260 0.032572 -0.042191
v -0.018511 0.032736 -0.042763
v -0.020386 0.031317 -0.042944
v 0.029181 0.005505 -0.048943
v 0.030647 0.000000 -0.049148
v 0.026564 0.000000 -0.050435
v -0.018511 0.032736 -0.042763
v -0.017604 0.031969 -0.043278
v -0.020386 0.031317 -0.042944
v 0.030752 0.007054 -0.048083
v 0.029181 0.005505 -0.048943
v 0.027400 0.008471 -0.049131
v -0.021260 0.032572 -0.042191
v -0.020352 0.033584 -0.041769
v -0.018511 0.032736 -0.042763
v -0.029594 0.006767 0.042505
v -0.030895 0.006205 0.045002
v -0.029831 0.006185 0.045401
v 0.029181 0.005505 -0.048943
v 0.033536 0.004427 -0.047068
v 0.030647 0.000000 -0.049148
v 0.025912 0.006564 -0.049825
v 0.024635 0.009071 -0.049771
v 0.027400 0.008471 -0.049131
v 0.024635 0.009071 -0.049771
v 0.026498 0.010749 -0.048916
v 0.027400 0.008471 -0.049131
v -0.023033 0.033147 -0.041263
v -0.023890 0.032995 -0.041058
v -0.023094 0.033975 -0.040264
v -0.024754 0.033336 -0.040362
v -0.023971 0.033927 -0.039875
v -0.023890 0.032995 -0.041058
v 0.024939 0.011753 -0.048994
v 0.026498 0.010749 -0.048916
v 0.024635 0.009071 -0.049771
v -0.023890 0.032995 -0.041058
v -0.025529 0.032684 -0.040591
v -0.024754 0.033336 -0.040362
v 0.040319 0.025825 -0.006172
v 0.040948 0.024267 -0.009641
v 0.040163 0.025903 -0.009251
v -0.029009 0.006201 0.045384
v -0.029000 0.006753 0.045483
v -0.028786 0.006204 0.045384
v 0.024635 0.009071 -0.049771
v 0.022681 0.010638 -0.049859
v 0.024939 0.011753 -0.048994
v -0.028786 0.006204 0.045384
v -0.029000 0.006753 0.045483
v -0.027749 0.006297 0.045401
v -0.023033 0.033147 -0.041263
v -0.023877 0.032117 -0.041618
v -0.023890 0.032995 -0.041058
v -0.028786 0.006204 0.045384
v -0.027749 0.006297 0.045401
v -0.028440 0.006472 0.044557
v -0.023877 0.032117 -0.041618
v -0.025529 0.032684 -0.040591
v -0.023890 0.032995 -0.041058
v 0.024939 0.011753 -0.048994
v 0.026442 0.013442 -0.047749
v 0.026498 0.010749 -0.048916
v -0.029283 0.005819 0.046573
v -0.029011 0.005871 0.046479
v -0.029010 0.005998 0.046034
v -0.029283 0.005819 0.046573
v -0.029010 0.005998 0.046034
v -0.029010 0.006030 0.045921
v -0.034769 0.019667 -0.037807
v -0.033728 0.021673 -0.038094
v -0.033909 0.019641 -0.038869
v -0.023033 0.033147 -0.041263
v -0.023094 0.033975 -0.040264
v -0.022188 0.033902 -0.040802
v -0.033909 0.019641 -0.038869
v -0.035804 0.017182 -0.038355
v -0.034769 0.019667 -0.037807
v -0.023890 0.032995 -0.041058
v -0.023971 0.033927 -0.039875
v -0.023094 0.033975 -0.040264
v -0.027435 0.032643 -0.039567
v -0.025529 0.032684 -0.040591
v -0.026280 0.031643 -0.040875
v -0.033728 0.021673 -0.038094
v -0.034769 0.019667 -0.037807
v -0.035508 0.021371 -0.035716
v -0.022188 0.033902 -0.040802
v -0.021260 0.032572 -0.042191
v -0.023033 0.033147 -0.041263
v -0.033728 0.021673 -0.038094
v -0.035508 0.021371 -0.035716
v -0.034246 0.022990 -0.036833
v 0.034000 0.016799 -0.040628
v 0.033578 0.018615 -0.039748
v 0.035826 0.016934 -0.038501
v -0.026280 0.031643 -0.040875
v -0.028410 0.031649 -0.039673
v -0.027435 0.032643 -0.039567
v -0.027458 0.023470 -0.031873
v -0.027920 0.020882 -0.031069
v -0.027017 0.021101 -0.032783
v -0.027035 0.019928 -0.032819
v -0.027017 0.021101 -0.032783
v -0.027920 0.020882 -0.031069
v 0.034000 0.016799 -0.040628
v 0.035826 0.016934 -0.038501
v 0.034885 0.016081 -0.040401
v -0.028256 0.020203 -0.030068
v -0.027967 0.018085 -0.031163
v -0.027537 0.019272 -0.032036
v -0.025549 0.029985 -0.041814
v -0.026280 0.031643 -0.040875
v -0.024724 0.030818 -0.041866
v -0.027920 0.020882 -0.031069
v -0.027537 0.019272 -0.032036
v -0.027035 0.019928 -0.032819
v -0.012551 0.004447 0.050661
v -0.012392 0.005450 0.049017
v -0.013969 0.004971 0.050024
v -0.011014 0.004889 0.050294
v -0.009408 0.005365 0.049258
v -0.012392 0.005450 0.049017
v -0.027537 0.019272 -0.032036
v -0.027967 0.018085 -0.031163
v -0.027560 0.017163 -0.032081
v -0.013969 0.004971 0.050024
v -0.012392 0.005450 0.049017
v -0.015253 0.005542 0.048727
v -0.027311 0.017202 -0.032424
v -0.027201 0.017758 -0.032557
v -0.027560 0.017163 -0.032081
v -0.027201 0.017758 -0.032557
v -0.027088 0.018390 -0.032691
v -0.027537 0.019272 -0.032036
v -0.035877 0.023353 -0.033767
v -0.035254 0.026103 -0.033497
v -0.034767 0.023996 -0.035538
v -0.035877 0.023353 -0.033767
v -0.035558 0.025926 -0.032919
v -0.035254 0.026103 -0.033497
v -0.036648 0.023989 -0.031477
v -0.035558 0.025926 -0.032919
v -0.035877 0.023353 -0.033767
v 0.033870 0.015759 -0.041683
v 0.034000 0.016799 -0.040628
v 0.034885 0.016081 -0.040401
v -0.034767 0.023996 -0.035538
v -0.035508 0.021371 -0.035716
v -0.035877 0.023353 -0.033767
v 0.033870 0.015759 -0.041683
v 0.034885 0.016081 -0.040401
v 0.035439 0.014357 -0.041723
v -0.009408 0.005365 0.049258
v -0.012211 0.005907 0.047281
v -0.012392 0.005450 0.049017
v -0.037488 0.023368 -0.029364
v -0.036648 0.023989 -0.031477
v -0.037298 0.021665 -0.031552
v -0.036648 0.023989 -0.031477
v -0.037488 0.023368 -0.029364
v -0.036761 0.025315 -0.030142
v -0.012211 0.005907 0.047281
v -0.015033 0.006006 0.046997
v -0.012392 0.005450 0.049017
v -0.035558 0.025926 -0.032919
v -0.036648 0.023989 -0.031477
v -0.036761 0.025315 -0.030142
v -0.012392 0.005450 0.049017
v -0.015033 0.006006 0.046997
v -0.015253 0.005542 0.048727
v -0.012790 0.006009 0.046504
v -0.005681 0.006221 0.046543
v -0.015174 0.006064 0.046514
v -0.012211 0.005907 0.047281
v -0.012790 0.006009 0.046504
v -0.015033 0.006006 0.046997
v -0.015174 0.006064 0.046514
v -0.015033 0.006006 0.046997
v -0.012790 0.006009 0.046504
v 0.035439 0.014357 -0.041723
v 0.036558 0.012428 -0.042716
v 0.036035 0.012138 -0.043412
v 0.036672 0.013159 -0.041901
v 0.036558 0.012428 -0.042716
v 0.035439 0.014357 -0.041723
v -0.036839 0.021335 -0.033090
v -0.035877 0.023353 -0.033767
v -0.035508 0.021371 -0.035716
v -0.013969 0.004971 0.050024
v -0.015253 0.005542 0.048727
v -0.014015 0.004589 0.050485
v -0.035508 0.021371 -0.035716
v -0.034769 0.019667 -0.037807
v -0.036063 0.019483 -0.036048
v -0.015253 0.005542 0.048727
v -0.016781 0.005059 0.049709
v -0.016839 0.004672 0.050169
v -0.036839 0.021335 -0.033090
v -0.035508 0.021371 -0.035716
v -0.036063 0.019483 -0.036048
v -0.036579 0.017726 -0.036760
v -0.036063 0.019483 -0.036048
v -0.034769 0.019667 -0.037807
v -0.034769 0.019667 -0.037807
v -0.035804 0.017182 -0.038355
v -0.036579 0.017726 -0.036760
v -0.036648 0.023989 -0.031477
v -0.035877 0.023353 -0.033767
v -0.036839 0.021335 -0.033090
v -0.036839 0.021335 -0.033090
v -0.037818 0.018577 -0.033527
v -0.038005 0.019760 -0.031435
v -0.018191 0.004606 0.050033
v -0.016839 0.004672 0.050169
v -0.016781 0.005059 0.049709
v -0.036839 0.021335 -0.033090
v -0.037298 0.021665 -0.031552
v -0.036648 0.023989 -0.031477
v -0.036839 0.021335 -0.033090
v -0.038005 0.019760 -0.031435
v -0.037298 0.021665 -0.031552
v -0.036579 0.017726 -0.036760
v -0.037283 0.018604 -0.034652
v -0.036063 0.019483 -0.036048
v -0.016477 0.005907 0.047468
v -0.017961 0.005639 0.048396
v -0.016781 0.005059 0.049709
v -0.016781 0.005059 0.049709
v -0.015253 0.005542 0.048727
v -0.016477 0.005907 0.047468
v -0.036471 0.016328 -0.038389
v -0.038290 0.016300 -0.035642
v -0.036579 0.017726 -0.036760
v -0.016781 0.005059 0.049709
v -0.017961 0.005639 0.048396
v -0.018191 0.004606 0.050033
v -0.036471 0.016328 -0.038389
v -0.036579 0.017726 -0.036760
v -0.035804 0.017182 -0.038355
v -0.015253 0.005542 0.048727
v -0.015033 0.006006 0.046997
v -0.016477 0.005907 0.047468
v 0.034269 0.010920 -0.045363
v 0.033613 0.010406 -0.045940
v 0.033502 0.012002 -0.045338
v 0.033502 0.012002 -0.045338
v 0.033613 0.010406 -0.045940
v 0.032450 0.011965 -0.045972
v -0.037283 0.018604 -0.034652
v -0.036839 0.021335 -0.033090
v -0.036063 0.019483 -0.036048
v -0.037283 0.018604 -0.034652
v -0.037818 0.018577 -0.033527
v -0.036839 0.021335 -0.033090
v 0.033502 0.012002 -0.045338
v 0.035070 0.011919 -0.044303
v 0.034269 0.010920 -0.045363
v -0.018981 0.006148 0.046530
v -0.019321 0.005517 0.048685
v -0.018961 0.006148 0.046530
v -0.017961 0.005639 0.048396
v -0.018961 0.006148 0.046530
v -0.019321 0.005517 0.048685
v -0.016477 0.005907 0.047468
v -0.018899 0.006149 0.046530
v -0.017961 0.005639 0.048396
v 0.035070 0.011919 -0.044303
v 0.035600 0.010559 -0.044574
v 0.034269 0.010920 -0.045363
v -0.036579 0.017726 -0.036760
v -0.038290 0.016300 -0.035642
v -0.037283 0.018604 -0.034652
v -0.015174 0.006064 0.046514
v -0.005681 0.006221 0.046543
v -0.018899 0.006149 0.046530
v -0.038483 0.018447 -0.031772
v -0.038341 0.020310 -0.029496
v -0.038005 0.019760 -0.031435
v -0.015174 0.006064 0.046514
v -0.016512 0.006029 0.046508
v -0.016477 0.005907 0.047468
v -0.015174 0.006064 0.046514
v -0.016477 0.005907 0.047468
v -0.015033 0.006006 0.046997
v -0.046246 0.012353 -0.019528
v -0.043971 0.014314 -0.021814
v -0.044861 0.013339 -0.022079
v -0.045126 0.012330 -0.024903
v -0.045862 0.011567 -0.023857
v -0.045759 0.012289 -0.022173
v -0.038735 0.017496 -0.032622
v -0.039593 0.015746 -0.033738
v -0.040516 0.015943 -0.030092
v -0.038578 0.016897 -0.034084
v -0.039593 0.015746 -0.033738
v -0.038735 0.017496 -0.032622
v -0.039082 0.017729 -0.031000
v -0.038483 0.018447 -0.031772
v -0.038735 0.017496 -0.032622
v -0.015689 0.000000 0.051821
v -0.014064 0.003150 0.051166
v -0.016901 0.003208 0.050855
v -0.009554 0.003685 0.051360
v -0.012585 0.003745 0.051115
v -0.015689 0.000000 0.051821
v -0.038735 0.017496 -0.032622
v -0.037818 0.018577 -0.033527
v -0.038578 0.016897 -0.034084
v -0.015689 0.000000 0.051821
v -0.012585 0.003745 0.051115
v -0.014064 0.003150 0.051166
v 0.040163 0.025903 -0.009251
v 0.039560 0.026909 -0.007787
v 0.040319 0.025825 -0.006172
v -0.038483 0.018447 -0.031772
v -0.038005 0.019760 -0.031435
v -0.037818 0.018577 -0.033527
v 0.028610 0.018155 -0.007893
v 0.028325 0.024984 -0.007539
v 0.028575 0.020516 -0.013955
v -0.038735 0.017496 -0.032622
v -0.038483 0.018447 -0.031772
v -0.037818 0.018577 -0.033527
v 0.028438 0.027493 -0.017660
v 0.028575 0.020516 -0.013955
v 0.028313 0.027598 -0.013760
v -0.046970 0.011020 -0.019800
v -0.046246 0.012353 -0.019528
v -0.046556 0.011345 -0.021190
v -0.038735 0.017496 -0.032622
v -0.040516 0.015943 -0.030092
v -0.039082 0.017729 -0.031000
v 0.028575 0.020516 -0.013955
v 0.028325 0.024984 -0.007539
v 0.028309 0.028291 -0.010577
v -0.037818 0.018577 -0.033527
v -0.037283 0.018604 -0.034652
v -0.038578 0.016897 -0.034084
v -0.046246 0.012353 -0.019528
v -0.045996 0.012823 -0.018680
v -0.043971 0.014314 -0.021814
v -0.023879 0.000000 -0.051040
v -0.027275 0.000000 -0.050256
v -0.027177 0.003003 -0.049927
v -0.027275 0.000000 -0.050256
v -0.029865 0.000000 -0.049458
v -0.027177 0.003003 -0.049927
v -0.008004 0.003052 0.051651
v -0.009554 0.003685 0.051360
v -0.015689 0.000000 0.051821
v 0.028575 0.020516 -0.013955
v 0.028309 0.028291 -0.010577
v 0.028313 0.027598 -0.013760
v -0.030569 0.002915 -0.048781
v -0.027504 0.006318 -0.049416
v -0.027177 0.003003 -0.049927
v -0.046246 0.012353 -0.019528
v -0.045759 0.012289 -0.022173
v -0.046556 0.011345 -0.021190
v 0.028610 0.018155 -0.007893
v 0.028575 0.020516 -0.013955
v 0.028745 0.013892 -0.010303
v 0.028784 0.013380 -0.012993
v 0.028745 0.013892 -0.010303
v 0.028575 0.020516 -0.013955
v -0.028786 0.006204 0.045384
v -0.028440 0.006472 0.044557
v -0.029009 0.006201 0.045384
v -0.029831 0.006185 0.045401
v -0.029009 0.006201 0.045384
v -0.028440 0.006472 0.044557
v 0.028575 0.020516 -0.013955
v 0.028651 0.023996 -0.020599
v 0.028853 0.019107 -0.022585
v -0.014064 0.003150 0.051166
v -0.015476 0.004227 0.050631
v -0.016901 0.003208 0.050855
v -0.018247 0.003666 0.050558
v -0.016901 0.003208 0.050855
v -0.016839 0.004672 0.050169
v -0.029010 0.006030 0.045921
v -0.029831 0.006185 0.045401
v -0.029283 0.005819 0.046573
v -0.029009 0.006201 0.045384
v -0.029831 0.006185 0.045401
v -0.029010 0.006030 0.045921
v -0.018191 0.004606 0.050033
v -0.018247 0.003666 0.050558
v -0.016839 0.004672 0.050169
v -0.047194 0.009745 -0.020044
v -0.047338 0.009732 -0.019272
v -0.046970 0.011020 -0.019800
v 0.040340 0.025435 0.003195
v 0.039949 0.026010 0.001250
v 0.038137 0.027232 0.001376
v -0.046970 0.011020 -0.019800
v -0.046880 0.010480 -0.021005
v -0.047194 0.009745 -0.020044
v -0.015476 0.004227 0.050631
v -0.016839 0.004672 0.050169
v -0.016901 0.003208 0.050855
v -0.031311 0.006537 0.043544
v -0.030895 0.006205 0.045002
v -0.029594 0.006767 0.042505
v -0.046552 0.010086 -0.022864
v -0.047002 0.008497 -0.020999
v -0.046880 0.010480 -0.021005
v -0.011052 0.004512 0.050756
v -0.012585 0.003745 0.051115
v -0.009554 0.003685 0.051360
v -0.029594 0.006767 0.042505
v -0.031636 0.006832 0.041784
v -0.031311 0.006537 0.043544
v -0.011052 0.004512 0.050756
v -0.012551 0.004447 0.050661
v -0.012585 0.003745 0.051115
v -0.029594 0.006767 0.042505
v -0.030389 0.007012 0.040161
v -0.031636 0.006832 0.041784
v -0.029831 0.006185 0.045401
v -0.028440 0.006472 0.044557
v -0.029594 0.006767 0.042505
v -0.014015 0.004589 0.050485
v -0.012585 0.003745 0.051115
v -0.012551 0.004447 0.050661
v -0.015476 0.004227 0.050631
v -0.014015 0.004589 0.050485
v -0.015253 0.005542 0.048727
v -0.014064 0.003150 0.051166
v -0.014015 0.004589 0.050485
v -0.015476 0.004227 0.050631
v -0.015476 0.004227 0.050631
v -0.015253 0.005542 0.048727
v -0.016839 0.004672 0.050169
v -0.046552 0.010086 -0.022864
v -0.046880 0.010480 -0.021005
v -0.046556 0.011345 -0.021190
v -0.014015 0.004589 0.050485
v -0.014064 0.003150 0.051166
v -0.012585 0.003745 0.051115
v 0.037439 0.009874 -0.043272
v 0.037856 0.011136 -0.042393
v 0.038575 0.008918 -0.042390
v -0.020321 0.006841 0.040690
v -0.028990 0.007346 0.040743
v -0.018422 0.006787 0.040685
v -0.005676 0.006711 0.040676
v -0.018422 0.006787 0.040685
v -0.028990 0.007346 0.040743
v -0.035244 0.008412 0.042005
v -0.035893 0.007595 0.042407
v -0.035007 0.007617 0.041519
v 0.038575 0.008918 -0.042390
v 0.037856 0.011136 -0.042393
v 0.039420 0.010474 -0.041041
v -0.046552 0.010086 -0.022864
v -0.046817 0.007878 -0.021825
v -0.047002 0.008497 -0.020999
v -0.027037 0.030346 -0.041042
v -0.026280 0.031643 -0.040875
v -0.025549 0.029985 -0.041814
v -0.046970 0.011020 -0.019800
v -0.046556 0.011345 -0.021190
v -0.046880 0.010480 -0.021005
v -0.045862 0.011567 -0.023857
v -0.046552 0.010086 -0.022864
v -0.045759 0.012289 -0.022173
v 0.037856 0.011136 -0.042393
v 0.038269 0.011748 -0.041590
v 0.039420 0.010474 -0.041041
v -0.025529 0.032684 -0.040591
v -0.024724 0.030818 -0.041866
v -0.026280 0.031643 -0.040875
v -0.046552 0.010086 -0.022864
v -0.046556 0.011345 -0.021190
v -0.045759 0.012289 -0.022173
v 0.038269 0.011748 -0.041590
v 0.038690 0.012045 -0.040907
v 0.039420 0.010474 -0.041041
v -0.025529 0.032684 -0.040591
v -0.023877 0.032117 -0.041618
v -0.024724 0.030818 -0.041866
v -0.022225 0.029913 -0.042950
v -0.025549 0.029985 -0.041814
v -0.024724 0.030818 -0.041866
v -0.047698 0.011479 -0.014105
v -0.046941 0.012281 -0.015657
v -0.047726 0.011165 -0.015010
v -0.046613 0.012810 -0.014759
v -0.046941 0.012281 -0.015657
v -0.047698 0.011479 -0.014105
v 0.038269 0.011748 -0.041590
v 0.037856 0.011136 -0.042393
v 0.037489 0.012969 -0.041277
v -0.023033 0.033147 -0.041263
v -0.021260 0.032572 -0.042191
v -0.023877 0.032117 -0.041618
v 0.037489 0.012969 -0.041277
v 0.038690 0.012045 -0.040907
v 0.038269 0.011748 -0.041590
v -0.046895 0.012740 -0.013079
v -0.046613 0.012810 -0.014759
v -0.047698 0.011479 -0.014105
v -0.025684 0.027210 -0.042494
v -0.028078 0.024791 -0.041923
v -0.029154 0.027837 -0.040554
v 0.036672 0.013159 -0.041901
v 0.037489 0.012969 -0.041277
v 0.037856 0.011136 -0.042393
v -0.025684 0.027210 -0.042494
v -0.025835 0.024775 -0.042977
v -0.028078 0.024791 -0.041923
v -0.047166 0.011258 -0.018232
v -0.047726 0.011165 -0.015010
v -0.046941 0.012281 -0.015657
v 0.038690 0.012045 -0.040907
v 0.040053 0.010619 -0.040190
v 0.039420 0.010474 -0.041041
v -0.029154 0.027837 -0.040554
v -0.027762 0.029700 -0.040872
v -0.025684 0.027210 -0.042494
v -0.045996 0.012823 -0.018680
v -0.046246 0.012353 -0.019528
v -0.047166 0.011258 -0.018232
v -0.027762 0.029700 -0.040872
v -0.027037 0.030346 -0.041042
v -0.025684 0.027210 -0.042494
v -0.031636 0.006832 0.041784
v -0.034036 0.007089 0.041401
v -0.032986 0.006619 0.042976
v -0.032986 0.006619 0.042976
v -0.034036 0.007089 0.041401
v -0.033672 0.006676 0.042820
v -0.046246 0.012353 -0.019528
v -0.046970 0.011020 -0.019800
v -0.047166 0.011258 -0.018232
v -0.025684 0.027210 -0.042494
v -0.027037 0.030346 -0.041042
v -0.025549 0.029985 -0.041814
v -0.031636 0.006832 0.041784
v -0.032986 0.006619 0.042976
v -0.031311 0.006537 0.043544
v -0.043736 0.015853 -0.016363
v -0.046941 0.012281 -0.015657
v -0.046613 0.012810 -0.014759
v -0.034813 0.007257 0.041655
v -0.033672 0.006676 0.042820
v -0.034036 0.007089 0.041401
v -0.021413 0.026064 -0.044118
v -0.023040 0.022582 -0.044481
v -0.024298 0.023193 -0.043915
v -0.047166 0.011258 -0.018232
v -0.046941 0.012281 -0.015657
v -0.045996 0.012823 -0.018680
v -0.043736 0.015853 -0.016363
v -0.045996 0.012823 -0.018680
v -0.046941 0.012281 -0.015657
v -0.034813 0.007257 0.041655
v -0.035154 0.006842 0.042700
v -0.033672 0.006676 0.042820
v -0.025684 0.027210 -0.042494
v -0.022225 0.029913 -0.042950
v -0.021372 0.029291 -0.043342
v -0.023877 0.032117 -0.041618
v -0.022225 0.029913 -0.042950
v -0.024724 0.030818 -0.041866
v 0.037439 0.009874 -0.043272
v 0.036589 0.006782 -0.044557
v 0.036301 0.009319 -0.044354
v -0.046970 0.011020 -0.019800
v -0.047338 0.009732 -0.019272
v -0.047439 0.010280 -0.018408
v -0.021372 0.029291 -0.043342
v -0.021413 0.026064 -0.044118
v -0.025684 0.027210 -0.042494
v -0.036033 0.006830 0.042871
v -0.034813 0.007257 0.041655
v -0.035833 0.007230 0.042434
v -0.025684 0.027210 -0.042494
v -0.025549 0.029985 -0.041814
v -0.022225 0.029913 -0.042950
v 0.035600 0.010559 -0.044574
v 0.036478 0.010916 -0.043726
v 0.036301 0.009319 -0.044354
v -0.047872 0.010092 -0.016001
v -0.048273 0.007800 -0.013692
v -0.048225 0.010309 -0.013406
v 0.035070 0.011919 -0.044303
v 0.036478 0.010916 -0.043726
v 0.035600 0.010559 -0.044574
v -0.034813 0.007257 0.041655
v -0.035007 0.007617 0.041519
v -0.035833 0.007230 0.042434
v 0.036301 0.009319 -0.044354
v 0.036478 0.010916 -0.043726
v 0.037439 0.009874 -0.043272
v -0.023877 0.032117 -0.041618
v -0.021260 0.032572 -0.042191
v -0.022225 0.029913 -0.042950
v 0.036478 0.010916 -0.043726
v 0.037856 0.011136 -0.042393
v 0.037439 0.009874 -0.043272
v -0.048225 0.010309 -0.013406
v -0.047726 0.011165 -0.015010
v -0.047872 0.010092 -0.016001
v -0.025835 0.024775 -0.042977
v -0.025684 0.027210 -0.042494
v -0.021413 0.026064 -0.044118
v -0.047872 0.010092 -0.016001
v -0.047166 0.011258 -0.018232
v -0.047439 0.010280 -0.018408
v -0.047166 0.011258 -0.018232
v -0.046970 0.011020 -0.019800
v -0.047439 0.010280 -0.018408
v -0.022225 0.029913 -0.042950
v -0.020386 0.031317 -0.042944
v -0.021372 0.029291 -0.043342
v -0.047726 0.011165 -0.015010
v -0.047166 0.011258 -0.018232
v -0.047872 0.010092 -0.016001
v -0.046541 0.005880 -0.023399
v -0.046678 0.000000 -0.025549
v -0.047018 0.004020 -0.021996
v -0.045933 0.007101 -0.025674
v -0.046678 0.000000 -0.025549
v -0.046541 0.005880 -0.023399
v -0.019446 0.029345 -0.043777
v -0.017507 0.023602 -0.045590
v -0.021413 0.026064 -0.044118
v -0.046678 0.000000 -0.025549
v -0.045573 0.006210 -0.027303
v -0.045050 0.005336 -0.029636
v -0.021372 0.029291 -0.043342
v -0.019446 0.029345 -0.043777
v -0.021413 0.026064 -0.044118
v -0.045456 0.000000 -0.030636
v -0.046678 0.000000 -0.025549
v -0.045050 0.005336 -0.029636
v -0.027504 0.006318 -0.049416
v -0.027429 0.009529 -0.048947
v -0.026122 0.006732 -0.049759
v 0.040340 0.025435 0.003195
v 0.038137 0.027232 0.001376
v 0.039225 0.026229 0.004292
v -0.021372 0.029291 -0.043342
v -0.020386 0.031317 -0.042944
v -0.019446 0.029345 -0.043777
v 0.041202 0.024466 0.001153
v 0.042080 0.022877 -0.000892
v 0.041490 0.023988 -0.001299
v -0.025659 0.011395 -0.048944
v -0.024786 0.009812 -0.049609
v -0.027429 0.009529 -0.048947
v -0.046541 0.005880 -0.023399
v -0.047018 0.004020 -0.021996
v -0.046817 0.007878 -0.021825
v -0.017604 0.031969 -0.043278
v -0.019446 0.029345 -0.043777
v -0.020386 0.031317 -0.042944
v -0.020455 0.006735 0.041822
v -0.017569 0.006665 0.041815
v -0.021796 0.006795 0.041828
v -0.046817 0.007878 -0.021825
v -0.046235 0.009064 -0.024423
v -0.046541 0.005880 -0.023399
v -0.027177 0.003003 -0.049927
v -0.029865 0.000000 -0.049458
v -0.030569 0.002915 -0.048781
v -0.031709 0.004194 -0.048090
v -0.029971 0.007882 -0.048322
v -0.027504 0.006318 -0.049416
v -0.045549 0.008785 -0.027143
v -0.045312 0.007799 -0.028032
v -0.045933 0.007101 -0.025674
v -0.019741 0.006860 0.040243
v -0.020321 0.006841 0.040690
v -0.019942 0.006824 0.040689
v -0.030569 0.002915 -0.048781
v -0.031709 0.004194 -0.048090
v -0.027504 0.006318 -0.049416
v 0.041490 0.023988 -0.001299
v 0.042080 0.022877 -0.000892
v 0.042202 0.022214 -0.004725
v -0.029865 0.000000 -0.049458
v -0.031814 0.001983 -0.048383
v -0.030569 0.002915 -0.048781
v -0.029865 0.000000 -0.049458
v -0.033071 0.000000 -0.048094
v -0.031814 0.001983 -0.048383
v -0.031814 0.001983 -0.048383
v -0.031709 0.004194 -0.048090
v -0.030569 0.002915 -0.048781
v -0.028990 0.007346 0.040743
v -0.020321 0.006841 0.040690
v -0.022330 0.006852 0.040692
v -0.045933 0.007101 -0.025674
v -0.046541 0.005880 -0.023399
v -0.046235 0.009064 -0.024423
v 0.041202 0.024466 0.001153
v 0.042228 0.022651 0.002575
v 0.042080 0.022877 -0.000892
v -0.045549 0.008785 -0.027143
v -0.045303 0.009878 -0.027923
v -0.045312 0.007799 -0.028032
v -0.022330 0.006852 0.040692
v -0.022672 0.006854 0.040692
v -0.028990 0.007346 0.040743
v -0.028990 0.007237 0.041874
v -0.023285 0.006814 0.041830
v -0.022968 0.006816 0.041831
v -0.021796 0.006795 0.041828
v -0.028990 0.007237 0.041874
v -0.022427 0.006798 0.041829
v -0.022968 0.006816 0.041831
v -0.022427 0.006798 0.041829
v -0.028990 0.007237 0.041874
v -0.045573 0.006210 -0.027303
v -0.045933 0.007101 -0.025674
v -0.045312 0.007799 -0.028032
v 0.040340 0.025435 0.003195
v 0.041202 0.024466 0.001153
v 0.039949 0.026010 0.001250
v 0.041202 0.024466 0.001153
v 0.040002 0.026097 -0.000690
v 0.039949 0.026010 0.001250
v 0.041202 0.024466 0.001153
v 0.041490 0.023988 -0.001299
v 0.040002 0.026097 -0.000690
v 0.040264 0.025885 -0.002594
v 0.040002 0.026097 -0.000690
v 0.040863 0.025037 -0.002651
v -0.026529 0.006910 0.040698
v -0.028863 0.006928 0.040700
v -0.028990 0.007346 0.040743
v -0.045050 0.005336 -0.029636
v -0.045573 0.006210 -0.027303
v -0.045312 0.007799 -0.028032
v -0.043744 0.006774 -0.033758
v -0.044037 0.003672 -0.034016
v -0.045050 0.005336 -0.029636
v -0.017725 0.029037 -0.044203
v -0.017507 0.023602 -0.045590
v -0.019446 0.029345 -0.043777
v 0.041202 0.024466 0.001153
v 0.040340 0.025435 0.003195
v 0.040949 0.024654 0.004149
v -0.045050 0.005336 -0.029636
v -0.044379 0.007598 -0.031464
v -0.043744 0.006774 -0.033758
v -0.019446 0.029345 -0.043777
v -0.017604 0.031969 -0.043278
v -0.017725 0.029037 -0.044203
v 0.040863 0.025037 -0.002651
v 0.040002 0.026097 -0.000690
v 0.041490 0.023988 -0.001299
v 0.040319 0.025825 -0.006172
v 0.040264 0.025885 -0.002594
v 0.040863 0.025037 -0.002651
v -0.023040 0.022582 -0.044481
v -0.021413 0.026064 -0.044118
v -0.017507 0.023602 -0.045590
v -0.044958 0.008399 -0.029337
v -0.045312 0.007799 -0.028032
v -0.045303 0.009878 -0.027923
v 0.040863 0.025037 -0.002651
v 0.041490 0.023988 -0.001299
v 0.042202 0.022214 -0.004725
v -0.045312 0.007799 -0.028032
v -0.044958 0.008399 -0.029337
v -0.045050 0.005336 -0.029636
v -0.033672 0.006676 0.042820
v -0.035154 0.006842 0.042700
v -0.034674 0.006365 0.043686
v 0.042202 0.022214 -0.004725
v 0.040319 0.025825 -0.006172
v 0.040863 0.025037 -0.002651
v -0.044750 0.010209 -0.029712
v -0.044379 0.007598 -0.031464
v -0.044958 0.008399 -0.029337
v 0.028700 0.021160 -0.001906
v 0.029727 0.015342 0.006836
v 0.029179 0.022618 0.004281
v -0.045050 0.005336 -0.029636
v -0.044958 0.008399 -0.029337
v -0.044379 0.007598 -0.031464
v -0.012979 0.034923 -0.038111
v -0.014470 0.034315 -0.037240
v -0.013022 0.034373 -0.037335
v -0.034674 0.006365 0.043686
v -0.034186 0.005933 0.044653
v -0.033672 0.006676 0.042820
v 0.028700 0.021160 -0.001906
v 0.029179 0.022618 0.004281
v 0.028894 0.026502 0.001889
v -0.046678 0.000000 -0.025549
v -0.045933 0.007101 -0.025674
v -0.045573 0.006210 -0.027303
v -0.033672 0.006676 0.042820
v -0.034186 0.005933 0.044653
v -0.032986 0.006619 0.042976
v 0.028489 0.024460 -0.002970
v 0.028700 0.021160 -0.001906
v 0.028669 0.026847 -0.000499
v -0.012047 0.034745 -0.037760
v -0.012979 0.034923 -0.038111
v -0.013022 0.034373 -0.037335
v -0.031923 0.006229 0.044599
v -0.030895 0.006205 0.045002
v -0.031311 0.006537 0.043544
v -0.047743 0.006393 -0.017229
v -0.048273 0.007800 -0.013692
v -0.047872 0.010092 -0.016001
v 0.036478 0.010916 -0.043726
v 0.036035 0.012138 -0.043412
v 0.036558 0.012428 -0.042716
v 0.036478 0.010916 -0.043726
v 0.035070 0.011919 -0.044303
v 0.036035 0.012138 -0.043412
v -0.011127 0.033809 -0.037171
v -0.009239 0.033852 -0.037259
v -0.011114 0.034436 -0.037444
v -0.047743 0.006393 -0.017229
v -0.048669 0.000000 -0.014679
v -0.048599 0.005485 -0.011929
v 0.036558 0.012428 -0.042716
v 0.037856 0.011136 -0.042393
v 0.036478 0.010916 -0.043726
v -0.047743 0.006393 -0.017229
v -0.047572 0.004617 -0.018903
v -0.048669 0.000000 -0.014679
v -0.013022 0.034373 -0.037335
v -0.011127 0.033809 -0.037171
v -0.012047 0.034745 -0.037760
v -0.047572 0.004617 -0.018903
v -0.048141 0.000000 -0.018105
v -0.048669 0.000000 -0.014679
v -0.013037 0.033752 -0.037062
v -0.011127 0.033809 -0.037171
v -0.013022 0.034373 -0.037335
v 0.036672 0.013159 -0.041901
v 0.037856 0.011136 -0.042393
v 0.036558 0.012428 -0.042716
v 0.028700 0.021160 -0.001906
v 0.028894 0.026502 0.001889
v 0.028669 0.026847 -0.000499
v 0.028700 0.021160 -0.001906
v 0.029510 0.012555 0.004210
v 0.029727 0.015342 0.006836
v 0.028667 0.028154 -0.003934
v 0.028489 0.024460 -0.002970
v 0.028669 0.026847 -0.000499
v -0.033677 0.005502 0.045527
v -0.033064 0.005277 0.046057
v -0.033500 0.005909 0.044928
v 0.028667 0.028154 -0.003934
v 0.028384 0.027512 -0.005133
v 0.028489 0.024460 -0.002970
v -0.009241 0.030788 -0.037086
v -0.011127 0.033809 -0.037171
v -0.013047 0.030706 -0.036892
v -0.011127 0.033809 -0.037171
v -0.013037 0.033752 -0.037062
v -0.013047 0.030706 -0.036892
v 0.028700 0.021160 -0.001906
v 0.029049 0.013257 -0.000909
v 0.029510 0.012555 0.004210
v -0.014012 0.032687 -0.036868
v -0.013047 0.030706 -0.036892
v -0.013037 0.033752 -0.037062
v 0.028489 0.024460 -0.002970
v 0.028430 0.023561 -0.005343
v 0.028700 0.021160 -0.001906
v 0.028430 0.023561 -0.005343
v 0.028489 0.024460 -0.002970
v 0.028384 0.027512 -0.005133
v -0.014012 0.032687 -0.036868
v -0.015968 0.032615 -0.036730
v -0.013047 0.030706 -0.036892
v 0.028897 0.013790 -0.003370
v 0.029049 0.013257 -0.000909
v 0.028700 0.021160 -0.001906
v 0.028610 0.018155 -0.007893
v 0.028430 0.023561 -0.005343
v 0.028325 0.024984 -0.007539
v 0.028430 0.023561 -0.005343
v 0.028384 0.027512 -0.005133
v 0.028325 0.024984 -0.007539
v -0.033980 0.004400 0.046352
v -0.033677 0.005502 0.045527
v -0.034507 0.005081 0.045608
v -0.014975 0.033680 -0.036933
v -0.014012 0.032687 -0.036868
v -0.014470 0.034315 -0.037240
v 0.028700 0.021160 -0.001906
v 0.028430 0.023561 -0.005343
v 0.028610 0.018155 -0.007893
v -0.034507 0.005081 0.045608
v -0.033677 0.005502 0.045527
v -0.034186 0.005933 0.044653
v -0.033677 0.005502 0.045527
v -0.033500 0.005909 0.044928
v -0.034186 0.005933 0.044653
v -0.014975 0.033680 -0.036933
v -0.015968 0.032615 -0.036730
v -0.014012 0.032687 -0.036868
v 0.028700 0.021160 -0.001906
v 0.028610 0.018155 -0.007893
v 0.028897 0.013790 -0.003370
v -0.016936 0.033593 -0.036774
v -0.018399 0.033515 -0.036609
v -0.017933 0.032526 -0.036546
v 0.040928 0.017888 -0.023144
v 0.041585 0.017156 -0.022231
v 0.042325 0.015578 -0.023865
v -0.017933 0.032526 -0.036546
v -0.015968 0.032615 -0.036730
v -0.016936 0.033593 -0.036774
v -0.047743 0.006393 -0.017229
v -0.047439 0.010280 -0.018408
v -0.047338 0.009732 -0.019272
v 0.039143 0.017398 -0.031287
v 0.040058 0.017672 -0.027067
v 0.040089 0.016165 -0.030908
v -0.013047 0.030706 -0.036892
v -0.015968 0.032615 -0.036730
v -0.017951 0.029837 -0.036532
v -0.047743 0.006393 -0.017229
v -0.047872 0.010092 -0.016001
v -0.047439 0.010280 -0.018408
v -0.034507 0.005081 0.045608
v -0.034186 0.005933 0.044653
v -0.035063 0.005530 0.044883
v 0.040944 0.015752 -0.028855
v 0.040526 0.017288 -0.026102
v 0.042599 0.014301 -0.027495
v -0.047120 0.007753 -0.020349
v -0.047743 0.006393 -0.017229
v -0.047338 0.009732 -0.019272
v -0.047120 0.007753 -0.020349
v -0.047194 0.009745 -0.020044
v -0.047002 0.008497 -0.020999
v -0.034186 0.005933 0.044653
v -0.034891 0.005956 0.044378
v -0.035063 0.005530 0.044883
v 0.040526 0.017288 -0.026102
v 0.042325 0.015578 -0.023865
v 0.042599 0.014301 -0.027495
v -0.047120 0.007753 -0.020349
v -0.047338 0.009732 -0.019272
v -0.047194 0.009745 -0.020044
v -0.034186 0.005933 0.044653
v -0.034674 0.006365 0.043686
v -0.034891 0.005956 0.044378
v 0.041850 0.013544 -0.032866
v 0.040089 0.016165 -0.030908
v 0.041848 0.014511 -0.029644
v -0.017762 0.034827 -0.038364
v -0.018855 0.034080 -0.036820
v -0.015931 0.034247 -0.037134
v -0.047194 0.009745 -0.020044
v -0.046880 0.010480 -0.021005
v -0.047002 0.008497 -0.020999
v -0.016936 0.033593 -0.036774
v -0.015931 0.034247 -0.037134
v -0.018855 0.034080 -0.036820
v 0.040089 0.016165 -0.030908
v 0.040058 0.017672 -0.027067
v 0.040944 0.015752 -0.028855
v 0.040058 0.017672 -0.027067
v 0.040526 0.017288 -0.026102
v 0.040944 0.015752 -0.028855
v 0.040089 0.016165 -0.030908
v 0.040944 0.015752 -0.028855
v 0.041848 0.014511 -0.029644
v -0.016936 0.033593 -0.036774
v -0.018855 0.034080 -0.036820
v -0.018399 0.033515 -0.036609
v -0.015968 0.032615 -0.036730
v -0.015931 0.034247 -0.037134
v -0.016936 0.033593 -0.036774
v -0.047120 0.007753 -0.020349
v -0.047572 0.004617 -0.018903
v -0.047743 0.006393 -0.017229
v -0.014975 0.033680 -0.036933
v -0.015931 0.034247 -0.037134
v -0.015968 0.032615 -0.036730
v -0.047324 0.004019 -0.020486
v -0.048141 0.000000 -0.018105
v -0.047572 0.004617 -0.018903
v -0.017762 0.034827 -0.038364
v -0.019731 0.034489 -0.037469
v -0.018855 0.034080 -0.036820
v -0.047324 0.004019 -0.020486
v -0.047018 0.004020 -0.021996
v -0.048141 0.000000 -0.018105
v -0.046678 0.000000 -0.025549
v -0.048141 0.000000 -0.018105
v -0.047018 0.004020 -0.021996
v 0.040347 0.018348 -0.024551
v 0.040386 0.018534 -0.024000
v 0.042325 0.015578 -0.023865
v -0.015931 0.034247 -0.037134
v -0.015873 0.034770 -0.037913
v -0.017762 0.034827 -0.038364
v -0.014929 0.034621 -0.037579
v -0.015931 0.034247 -0.037134
v -0.014975 0.033680 -0.036933
v -0.046817 0.007878 -0.021825
v -0.046552 0.010086 -0.022864
v -0.046235 0.009064 -0.024423
v -0.031395 0.012013 -0.046561
v -0.032167 0.011484 -0.046391
v -0.032059 0.012959 -0.045595
v -0.014470 0.034315 -0.037240
v -0.014929 0.034621 -0.037579
v -0.014975 0.033680 -0.036933
v -0.012979 0.034923 -0.038111
v -0.014929 0.034621 -0.037579
v -0.014470 0.034315 -0.037240
v 0.028853 0.019107 -0.022585
v 0.028518 0.016613 -0.029060
v 0.028713 0.015571 -0.027853
v -0.014470 0.034315 -0.037240
v -0.013037 0.033752 -0.037062
v -0.013022 0.034373 -0.037335
v -0.014470 0.034315 -0.037240
v -0.014012 0.032687 -0.036868
v -0.013037 0.033752 -0.037062
v -0.030522 0.013749 -0.045831
v -0.027767 0.013155 -0.047469
v -0.028228 0.011815 -0.048000
v 0.028226 0.019337 -0.030104
v 0.028518 0.016613 -0.029060
v 0.028615 0.020788 -0.027664
v -0.027767 0.013155 -0.047469
v -0.030522 0.013749 -0.045831
v -0.029182 0.016229 -0.044604
v -0.047743 0.006393 -0.017229
v -0.048599 0.005485 -0.011929
v -0.048273 0.007800 -0.013692
v -0.013047 0.030706 -0.036892
v -0.007928 0.022539 -0.037136
v -0.009241 0.030788 -0.037086
v -0.030522 0.013749 -0.045831
v -0.028228 0.011815 -0.048000
v -0.029684 0.010990 -0.047761
v 0.028853 0.019107 -0.022585
v 0.028615 0.020788 -0.027664
v 0.028518 0.016613 -0.029060
v -0.047120 0.007753 -0.020349
v -0.047002 0.008497 -0.020999
v -0.046817 0.007878 -0.021825
v -0.015792 0.024853 -0.036741
v -0.007928 0.022539 -0.037136
v -0.013047 0.030706 -0.036892
v -0.047120 0.007753 -0.020349
v -0.047324 0.004019 -0.020486
v -0.047572 0.004617 -0.018903
v 0.027906 0.018903 -0.031139
v 0.028518 0.016613 -0.029060
v 0.028226 0.019337 -0.030104
v -0.047018 0.004020 -0.021996
v -0.047324 0.004019 -0.020486
v -0.047120 0.007753 -0.020349
v -0.027053 0.018690 -0.044260
v -0.024843 0.017197 -0.045894
v -0.027995 0.016559 -0.044982
v -0.047120 0.007753 -0.020349
v -0.046817 0.007878 -0.021825
v -0.047018 0.004020 -0.021996
v 0.027906 0.018903 -0.031139
v 0.027935 0.016113 -0.031193
v 0.028518 0.016613 -0.029060
v -0.029457 0.017360 -0.043722
v -0.027995 0.016559 -0.044982
v -0.029182 0.016229 -0.044604
v -0.021290 0.028598 -0.035986
v -0.017975 0.025018 -0.036567
v -0.017951 0.029837 -0.036532
v -0.027995 0.016559 -0.044982
v -0.027767 0.013155 -0.047469
v -0.029182 0.016229 -0.044604
v -0.028750 0.015643 -0.008005
v -0.028509 0.022329 -0.012037
v -0.028777 0.018566 -0.003214
v -0.028750 0.015643 -0.008005
v -0.028790 0.014062 -0.010299
v -0.028740 0.017647 -0.014376
v -0.027995 0.016559 -0.044982
v -0.026639 0.015145 -0.046526
v -0.027767 0.013155 -0.047469
v -0.017933 0.032526 -0.036546
v -0.017951 0.029837 -0.036532
v -0.015968 0.032615 -0.036730
v -0.026639 0.015145 -0.046526
v -0.026497 0.013185 -0.047898
v -0.027767 0.013155 -0.047469
v -0.035205 0.016010 -0.040198
v -0.034098 0.015576 -0.041704
v -0.036142 0.015245 -0.040021
v 0.032450 0.011965 -0.045972
v 0.031246 0.013409 -0.045689
v 0.032496 0.014080 -0.044342
v -0.036142 0.015245 -0.040021
v -0.036471 0.016328 -0.038389
v -0.035205 0.016010 -0.040198
v -0.022282 0.034429 -0.039500
v -0.022329 0.034477 -0.038876
v -0.020574 0.034641 -0.038387
v -0.037035 0.012951 -0.041820
v -0.036142 0.015245 -0.040021
v -0.034098 0.015576 -0.041704
v -0.023094 0.033975 -0.040264
v -0.022282 0.034429 -0.039500
v -0.022188 0.033902 -0.040802
v -0.034660 0.013459 -0.043402
v -0.035394 0.012715 -0.043509
v -0.037035 0.012951 -0.041820
v 0.033502 0.012002 -0.045338
v 0.032450 0.011965 -0.045972
v 0.032496 0.014080 -0.044342
v -0.022282 0.034429 -0.039500
v -0.023094 0.033975 -0.040264
v -0.023971 0.033927 -0.039875
v -0.034660 0.013459 -0.043402
v -0.035029 0.011981 -0.044300
v -0.035394 0.012715 -0.043509
v -0.021335 0.034408 -0.040252
v -0.022188 0.033902 -0.040802
v -0.022282 0.034429 -0.039500
v -0.035205 0.016010 -0.040198
v -0.036471 0.016328 -0.038389
v -0.035804 0.017182 -0.038355
v -0.033071 0.017222 -0.041206
v -0.034098 0.015576 -0.041704
v -0.035205 0.016010 -0.040198
v -0.029002 0.006825 0.041832
v -0.025773 0.006800 0.041829
v -0.028990 0.007237 0.041874
v -0.023285 0.006814 0.041830
v -0.028990 0.007237 0.041874
v -0.025773 0.006800 0.041829
v -0.025773 0.006800 0.041829
v -0.024058 0.006549 0.044397
v -0.023285 0.006814 0.041830
v -0.034326 0.017537 -0.039750
v -0.033626 0.018615 -0.039748
v -0.033071 0.017222 -0.041206
v 0.029281 0.014294 -0.046000
v 0.030565 0.012379 -0.046736
v 0.029799 0.012082 -0.047251
v -0.028750 0.015643 -0.008005
v -0.028890 0.011022 -0.005780
v -0.028790 0.014062 -0.010299
v 0.030565 0.012379 -0.046736
v 0.029281 0.014294 -0.046000
v 0.030631 0.014057 -0.045489
v -0.033071 0.017222 -0.041206
v -0.033626 0.018615 -0.039748
v -0.031982 0.018530 -0.041302
v -0.018422 0.006787 0.040685
v -0.019741 0.006860 0.040243
v -0.019942 0.006824 0.040689
v -0.033071 0.017222 -0.041206
v -0.035205 0.016010 -0.040198
v -0.034326 0.017537 -0.039750
v -0.028750 0.015643 -0.008005
v -0.028777 0.018566 -0.003214
v -0.029091 0.013679 -0.000912
v -0.031554 0.017145 -0.042491
v -0.033071 0.017222 -0.041206
v -0.031982 0.018530 -0.041302
v -0.029091 0.013679 -0.000912
v -0.028890 0.011022 -0.005780
v -0.028750 0.015643 -0.008005
v -0.019741 0.006860 0.040243
v -0.018422 0.006787 0.040685
v -0.014292 0.006853 0.036697
v -0.028790 0.014062 -0.010299
v -0.028767 0.009888 -0.012386
v -0.028837 0.010938 -0.013505
v -0.022672 0.006854 0.040692
v -0.024684 0.006921 0.040699
v -0.028990 0.007346 0.040743
v -0.019741 0.006860 0.040243
v -0.024859 0.007354 0.030515
v -0.020321 0.006841 0.040690
v -0.022330 0.006852 0.040692
v -0.020321 0.006841 0.040690
v -0.024859 0.007354 0.030515
v -0.022672 0.006854 0.040692
v -0.022330 0.006852 0.040692
v -0.024859 0.007354 0.030515
v 0.026298 0.016926 -0.045470
v 0.024927 0.018840 -0.045040
v 0.026141 0.019530 -0.044279
v -0.028837 0.010938 -0.013505
v -0.028844 0.010314 -0.016449
v -0.028740 0.017647 -0.014376
v -0.022672 0.006854 0.040692
v -0.024859 0.007354 0.030515
v -0.024684 0.006921 0.040699
v -0.028790 0.014062 -0.010299
v -0.028837 0.010938 -0.013505
v -0.028740 0.017647 -0.014376
v -0.027982 0.007123 0.038523
v -0.024684 0.006921 0.040699
v -0.024859 0.007354 0.030515
v -0.031982 0.018530 -0.041302
v -0.030824 0.017706 -0.042639
v -0.031554 0.017145 -0.042491
v -0.028844 0.010314 -0.016449
v -0.028837 0.010938 -0.013505
v -0.028664 0.009336 -0.014257
v 0.025675 0.015285 -0.046755
v 0.023315 0.015083 -0.047645
v 0.023205 0.018416 -0.045820
v -0.024684 0.006921 0.040699
v -0.026529 0.006910 0.040698
v -0.028990 0.007346 0.040743
v 0.024068 0.013535 -0.048378
v 0.023315 0.015083 -0.047645
v 0.025675 0.015285 -0.046755
v -0.028394 0.008907 -0.011836
v -0.028215 0.008754 -0.011604
v -0.027794 0.008608 -0.013244
v -0.027982 0.007123 0.038523
v -0.026529 0.006910 0.040698
v -0.024684 0.006921 0.040699
v -0.028079 0.008662 -0.011471
v -0.027951 0.008594 -0.011371
v -0.027794 0.008608 -0.013244
v -0.029457 0.017360 -0.043722
v -0.031934 0.015526 -0.043456
v -0.031554 0.017145 -0.042491
v 0.027548 0.019239 -0.043745
v 0.026298 0.016926 -0.045470
v 0.026141 0.019530 -0.044279
v -0.029594 0.006767 0.042505
v -0.024058 0.006549 0.044397
v -0.029002 0.006825 0.041832
v -0.031554 0.017145 -0.042491
v -0.030824 0.017706 -0.042639
v -0.029457 0.017360 -0.043722
v -0.034660 0.013459 -0.043402
v -0.037035 0.012951 -0.041820
v -0.034098 0.015576 -0.041704
v -0.018498 0.006270 0.045396
v -0.020376 0.006353 0.045411
v -0.018614 0.006601 0.045456
v -0.031554 0.017145 -0.042491
v -0.031934 0.015526 -0.043456
v -0.033071 0.017222 -0.041206
v -0.029000 0.006753 0.045483
v -0.029000 0.006564 0.046605
v -0.018614 0.006601 0.045456
v -0.027794 0.008608 -0.013244
v -0.027466 0.008595 -0.014929
v -0.028400 0.008967 -0.013859
v -0.034030 0.013494 -0.043852
v -0.034098 0.015576 -0.041704
v -0.031934 0.015526 -0.043456
v -0.021796 0.006795 0.041828
v -0.022338 0.006778 0.042246
v -0.021636 0.006529 0.044430
v -0.021796 0.006795 0.041828
v -0.021636 0.006529 0.044430
v -0.020455 0.006735 0.041822
v -0.033071 0.017222 -0.041206
v -0.031934 0.015526 -0.043456
v -0.034098 0.015576 -0.041704
v -0.021796 0.006795 0.041828
v -0.022427 0.006798 0.041829
v -0.022338 0.006778 0.042246
v 0.027981 0.013239 -0.030814
v 0.027952 0.013391 -0.030956
v 0.026628 0.012792 -0.030640
v -0.027466 0.008595 -0.014929
v -0.028515 0.009072 -0.014035
v -0.028400 0.008967 -0.013859
v -0.022968 0.006816 0.041831
v -0.022338 0.006778 0.042246
v -0.022427 0.006798 0.041829
v 0.027941 0.013431 -0.030994
v 0.027906 0.013633 -0.031126
v 0.026628 0.012792 -0.030640
v 0.027906 0.013633 -0.031126
v 0.027144 0.013949 -0.031363
v 0.026628 0.012792 -0.030640
v 0.027843 0.013876 -0.031285
v 0.027144 0.013949 -0.031363
v 0.027906 0.013633 -0.031126
v -0.029457 0.017360 -0.043722
v -0.029182 0.016229 -0.044604
v -0.031934 0.015526 -0.043456
v 0.027843 0.013876 -0.031285
v 0.027765 0.014490 -0.031515
v 0.027144 0.013949 -0.031363
v -0.028767 0.009888 -0.012386
v -0.028664 0.009336 -0.014257
v -0.028837 0.010938 -0.013505
v -0.017569 0.006665 0.041815
v -0.020455 0.006735 0.041822
v -0.021636 0.006529 0.044430
v -0.021325 0.006314 0.045404
v -0.018614 0.006601 0.045456
v -0.020376 0.006353 0.045411
v -0.034030 0.013494 -0.043852
v -0.034660 0.013459 -0.043402
v -0.034098 0.015576 -0.041704
v -0.018498 0.006270 0.045396
v -0.017569 0.006665 0.041815
v -0.020376 0.006353 0.045411
v -0.021636 0.006529 0.044430
v -0.020376 0.006353 0.045411
v -0.017569 0.006665 0.041815
v -0.034030 0.013494 -0.043852
v -0.035029 0.011981 -0.044300
v -0.034660 0.013459 -0.043402
v -0.034030 0.013494 -0.043852
v -0.032059 0.012959 -0.045595
v -0.035029 0.011981 -0.044300
v -0.028664 0.009336 -0.014257
v -0.028767 0.009888 -0.012386
v -0.028582 0.009160 -0.014134
v -0.021325 0.006314 0.045404
v -0.022595 0.006376 0.045415
v -0.018614 0.006601 0.045456
v -0.022595 0.006376 0.045415
v -0.022857 0.006378 0.045416
v -0.018614 0.006601 0.045456
v -0.027794 0.008608 -0.013244
v -0.028502 0.009016 -0.011995
v -0.028394 0.008907 -0.011836
v -0.022595 0.006376 0.045415
v -0.021325 0.006314 0.045404
v -0.021636 0.006529 0.044430
v 0.025351 0.013307 -0.031073
v 0.026628 0.012792 -0.030640
v 0.027144 0.013949 -0.031363
v -0.028767 0.009888 -0.012386
v -0.028811 0.010602 -0.010315
v -0.028724 0.009589 -0.012324
v -0.031934 0.015526 -0.043456
v -0.032059 0.012959 -0.045595
v -0.034030 0.013494 -0.043852
v -0.028811 0.010602 -0.010315
v -0.028658 0.009308 -0.012228
v -0.028724 0.009589 -0.012324
v 0.024597 0.014121 -0.031598
v 0.024571 0.012827 -0.030756
v 0.025351 0.013307 -0.031073
v -0.030522 0.013749 -0.045831
v -0.032059 0.012959 -0.045595
v -0.031934 0.015526 -0.043456
v -0.025698 0.006316 0.045405
v -0.027749 0.006297 0.045401
v -0.029000 0.006753 0.045483
v -0.031934 0.015526 -0.043456
v -0.029182 0.016229 -0.044604
v -0.030522 0.013749 -0.045831
v -0.028767 0.009888 -0.012386
v -0.028724 0.009589 -0.012324
v -0.028582 0.009160 -0.014134
v -0.025698 0.006316 0.045405
v -0.028440 0.006472 0.044557
v -0.027749 0.006297 0.045401
v -0.030522 0.013749 -0.045831
v -0.031395 0.012013 -0.046561
v -0.032059 0.012959 -0.045595
v 0.027941 0.013431 -0.030994
v 0.028268 0.014944 -0.030186
v 0.027906 0.013633 -0.031126
v -0.029000 0.006753 0.045483
v -0.024330 0.006295 0.045401
v -0.025698 0.006316 0.045405
v -0.029971 0.007882 -0.048322
v -0.029103 0.009977 -0.048284
v -0.027429 0.009529 -0.048947
v -0.024058 0.006549 0.044397
v -0.025698 0.006316 0.045405
v -0.025016 0.006276 0.045397
v -0.027429 0.009529 -0.048947
v -0.027504 0.006318 -0.049416
v -0.029971 0.007882 -0.048322
v 0.027981 0.013239 -0.030814
v 0.028064 0.012877 -0.030474
v 0.028522 0.014062 -0.029066
v 0.027941 0.013431 -0.030994
v 0.026628 0.012792 -0.030640
v 0.027952 0.013391 -0.030956
v -0.024058 0.006549 0.044397
v -0.028440 0.006472 0.044557
v -0.025698 0.006316 0.045405
v -0.030522 0.013749 -0.045831
v -0.030676 0.011040 -0.047322
v -0.031395 0.012013 -0.046561
v 0.027935 0.016113 -0.031193
v 0.027933 0.014811 -0.031187
v 0.028268 0.014944 -0.030186
v -0.030522 0.013749 -0.045831
v -0.029684 0.010990 -0.047761
v -0.030676 0.011040 -0.047322
v 0.028268 0.014944 -0.030186
v 0.028518 0.016613 -0.029060
v 0.027935 0.016113 -0.031193
v -0.030676 0.011040 -0.047322
v -0.032167 0.011484 -0.046391
v -0.031395 0.012013 -0.046561
v -0.029000 0.006753 0.045483
v -0.018614 0.006601 0.045456
v -0.022857 0.006378 0.045416
v 0.027933 0.014811 -0.031187
v 0.027906 0.013633 -0.031126
v 0.028268 0.014944 -0.030186
v 0.028268 0.014944 -0.030186
v 0.027941 0.013431 -0.030994
v 0.027952 0.013391 -0.030956
v -0.029000 0.006753 0.045483
v -0.022857 0.006378 0.045416
v -0.023319 0.006381 0.045416
v -0.029000 0.006753 0.045483
v -0.023319 0.006381 0.045416
v -0.024330 0.006295 0.045401
v -0.025016 0.006276 0.045397
v -0.025698 0.006316 0.045405
v -0.024330 0.006295 0.045401
v 0.028268 0.014944 -0.030186
v 0.028522 0.014062 -0.029066
v 0.028713 0.015571 -0.027853
v -0.024330 0.006295 0.045401
v -0.023319 0.006381 0.045416
v -0.024058 0.006549 0.044397
v 0.028268 0.014944 -0.030186
v 0.028713 0.015571 -0.027853
v 0.028518 0.016613 -0.029060
v -0.028228 0.011815 -0.048000
v -0.029103 0.009977 -0.048284
v -0.029684 0.010990 -0.047761
v -0.022595 0.006376 0.045415
v -0.021636 0.006529 0.044430
v -0.022857 0.006378 0.045416
v -0.023319 0.006381 0.045416
v -0.022857 0.006378 0.045416
v -0.024058 0.006549 0.044397
v 0.027952 0.013391 -0.030956
v 0.027981 0.013239 -0.030814
v 0.028268 0.014944 -0.030186
v 0.028522 0.014062 -0.029066
v 0.028268 0.014944 -0.030186
v 0.027981 0.013239 -0.030814
v 0.027933 0.014811 -0.031187
v 0.027935 0.016113 -0.031193
v 0.027515 0.016455 -0.032084
v -0.029594 0.006767 0.042505
v -0.028440 0.006472 0.044557
v -0.024058 0.006549 0.044397
v -0.027429 0.009529 -0.048947
v -0.029103 0.009977 -0.048284
v -0.028228 0.011815 -0.048000
v -0.025016 0.006276 0.045397
v -0.024330 0.006295 0.045401
v -0.024058 0.006549 0.044397
v -0.025659 0.011395 -0.048944
v -0.027429 0.009529 -0.048947
v -0.028228 0.011815 -0.048000
v -0.024058 0.006549 0.044397
v -0.022857 0.006378 0.045416
v -0.021636 0.006529 0.044430
v 0.027906 0.013633 -0.031126
v 0.027933 0.014811 -0.031187
v 0.027843 0.013876 -0.031285
v -0.027767 0.013155 -0.047469
v -0.026497 0.013185 -0.047898
v -0.028228 0.011815 -0.048000
v 0.027765 0.014490 -0.031515
v 0.027933 0.014811 -0.031187
v 0.027520 0.015923 -0.032055
v -0.025659 0.011395 -0.048944
v -0.028228 0.011815 -0.048000
v -0.026497 0.013185 -0.047898
v -0.022338 0.006778 0.042246
v -0.022968 0.006816 0.041831
v -0.024058 0.006549 0.044397
v -0.021636 0.006529 0.044430
v -0.022338 0.006778 0.042246
v -0.024058 0.006549 0.044397
v -0.025773 0.006800 0.041829
v -0.029002 0.006825 0.041832
v -0.024058 0.006549 0.044397
v -0.021636 0.006529 0.044430
v -0.021325 0.006314 0.045404
v -0.020376 0.006353 0.045411
v -0.022968 0.006816 0.041831
v -0.023285 0.006814 0.041830
v -0.024058 0.006549 0.044397
v -0.034891 0.005956 0.044378
v -0.036215 0.006411 0.043377
v -0.036381 0.005983 0.043824
v -0.018981 0.006148 0.046530
v -0.018961 0.006148 0.046530
v -0.019006 0.006148 0.046530
v -0.016512 0.006029 0.046508
v -0.015174 0.006064 0.046514
v -0.018899 0.006149 0.046530
v 0.028845 0.015017 -0.026532
v 0.028522 0.014062 -0.029066
v 0.028474 0.012326 -0.028972
v -0.031923 0.006229 0.044599
v -0.033500 0.005909 0.044928
v -0.033064 0.005277 0.046057
v -0.018247 0.003666 0.050558
v -0.018191 0.004606 0.050033
v -0.019540 0.004128 0.050215
v 0.028853 0.019107 -0.022585
v 0.028713 0.015571 -0.027853
v 0.028845 0.015017 -0.026532
v -0.032986 0.006619 0.042976
v -0.033500 0.005909 0.044928
v -0.031923 0.006229 0.044599
v 0.028589 0.011136 -0.027620
v 0.028845 0.015017 -0.026532
v 0.028474 0.012326 -0.028972
v -0.019423 0.005148 0.049357
v -0.021937 0.004830 0.049440
v -0.020783 0.004376 0.049934
v 0.028845 0.015017 -0.026532
v 0.028713 0.015571 -0.027853
v 0.028522 0.014062 -0.029066
v 0.028589 0.011136 -0.027620
v 0.028776 0.011679 -0.026411
v 0.028845 0.015017 -0.026532
v -0.031622 0.005466 0.046429
v -0.031923 0.006229 0.044599
v -0.033064 0.005277 0.046057
v -0.031923 0.006229 0.044599
v -0.031622 0.005466 0.046429
v -0.030895 0.006205 0.045002
v 0.028857 0.010535 -0.021794
v 0.028919 0.014904 -0.020632
v 0.028925 0.014095 -0.025111
v -0.023035 0.005067 0.049014
v -0.021937 0.004830 0.049440
v -0.021748 0.005604 0.048307
v 0.028925 0.014095 -0.025111
v 0.028760 0.010488 -0.024825
v 0.028812 0.010397 -0.023337
v 0.028845 0.015017 -0.026532
v 0.028776 0.011679 -0.026411
v 0.028925 0.014095 -0.025111
v 0.028925 0.014095 -0.025111
v 0.028776 0.011679 -0.026411
v 0.028760 0.010488 -0.024825
v 0.028857 0.010535 -0.021794
v 0.028925 0.014095 -0.025111
v 0.028812 0.010397 -0.023337
v -0.031311 0.006537 0.043544
v -0.032986 0.006619 0.042976
v -0.031923 0.006229 0.044599
v -0.034674 0.006365 0.043686
v -0.036215 0.006411 0.043377
v -0.034891 0.005956 0.044378
v -0.018191 0.004606 0.050033
v -0.019423 0.005148 0.049357
v -0.019540 0.004128 0.050215
v -0.019423 0.005148 0.049357
v -0.019321 0.005517 0.048685
v -0.021937 0.004830 0.049440
v -0.019321 0.005517 0.048685
v -0.020485 0.005732 0.048033
v -0.021937 0.004830 0.049440
v -0.019423 0.005148 0.049357
v -0.017961 0.005639 0.048396
v -0.019321 0.005517 0.048685
v -0.018191 0.004606 0.050033
v -0.017961 0.005639 0.048396
v -0.019423 0.005148 0.049357
v -0.018981 0.006148 0.046530
v -0.019006 0.006148 0.046530
v -0.019321 0.005517 0.048685
v 0.026628 0.012792 -0.030640
v 0.025351 0.013307 -0.031073
v 0.026099 0.011820 -0.029731
v -0.021937 0.004830 0.049440
v -0.020485 0.005732 0.048033
v -0.021748 0.005604 0.048307
v -0.034186 0.005933 0.044653
v -0.033500 0.005909 0.044928
v -0.032986 0.006619 0.042976
v 0.024571 0.012827 -0.030756
v 0.023521 0.012170 -0.030201
v 0.026099 0.011820 -0.029731
v 0.025351 0.013307 -0.031073
v 0.024571 0.012827 -0.030756
v 0.026099 0.011820 -0.029731
v 0.026628 0.012792 -0.030640
v 0.026099 0.011820 -0.029731
v 0.027653 0.011503 -0.029306
v -0.020970 0.006068 0.046515
v -0.020915 0.006070 0.046515
v -0.022222 0.006130 0.046526
v -0.029000 0.006564 0.046605
v -0.022222 0.006130 0.046526
v -0.020915 0.006070 0.046515
v 0.025562 0.011009 -0.028657
v 0.026099 0.011820 -0.029731
v 0.023521 0.012170 -0.030201
v -0.020970 0.006068 0.046515
v -0.022222 0.006130 0.046526
v -0.020485 0.005732 0.048033
v -0.022222 0.006130 0.046526
v -0.029000 0.006564 0.046605
v -0.022662 0.006115 0.046524
v 0.025562 0.011009 -0.028657
v 0.026641 0.010775 -0.028344
v 0.026099 0.011820 -0.029731
v -0.020485 0.005732 0.048033
v -0.022222 0.006130 0.046526
v -0.021748 0.005604 0.048307
v 0.027653 0.011503 -0.029306
v 0.027725 0.011475 -0.029269
v 0.027633 0.011458 -0.029269
v -0.034507 0.005081 0.045608
v -0.035471 0.003948 0.045783
v -0.033980 0.004400 0.046352
v 0.028124 0.012554 -0.030173
v 0.026628 0.012792 -0.030640
v 0.027653 0.011503 -0.029306
v 0.028064 0.012877 -0.030474
v 0.026628 0.012792 -0.030640
v 0.028124 0.012554 -0.030173
v 0.027981 0.013239 -0.030814
v 0.026628 0.012792 -0.030640
v 0.028064 0.012877 -0.030474
v -0.034507 0.005081 0.045608
v -0.035063 0.005530 0.044883
v -0.035471 0.003948 0.045783
v -0.020485 0.005732 0.048033
v -0.019006 0.006148 0.046530
v -0.020915 0.006070 0.046515
v -0.035471 0.003948 0.045783
v -0.035063 0.005530 0.044883
v -0.035921 0.005095 0.044869
v -0.020485 0.005732 0.048033
v -0.020915 0.006070 0.046515
v -0.020970 0.006068 0.046515
v -0.029000 0.006564 0.046605
v -0.019006 0.006148 0.046530
v -0.018961 0.006148 0.046530
v -0.029010 0.005998 0.046034
v -0.029000 0.006564 0.046605
v -0.029000 0.006753 0.045483
v -0.018961 0.006148 0.046530
v -0.018899 0.006149 0.046530
v -0.029000 0.006564 0.046605
v 0.025675 0.015285 -0.046755
v 0.026442 0.013442 -0.047749
v 0.024068 0.013535 -0.048378
v -0.018961 0.006148 0.046530
v -0.017961 0.005639 0.048396
v -0.018899 0.006149 0.046530
v -0.016477 0.005907 0.047468
v -0.016512 0.006029 0.046508
v -0.018899 0.006149 0.046530
v -0.020485 0.005732 0.048033
v -0.019321 0.005517 0.048685
v -0.019006 0.006148 0.046530
v 0.026298 0.016926 -0.045470
v 0.023205 0.018416 -0.045820
v 0.024927 0.018840 -0.045040
v -0.022662 0.006115 0.046524
v -0.021748 0.005604 0.048307
v -0.022222 0.006130 0.046526
v 0.025675 0.015285 -0.046755
v 0.023205 0.018416 -0.045820
v 0.026298 0.016926 -0.045470
v 0.025675 0.015285 -0.046755
v 0.026298 0.016926 -0.045470
v 0.029281 0.014294 -0.046000
v 0.026298 0.016926 -0.045470
v 0.027548 0.019239 -0.043745
v 0.028287 0.017223 -0.044398
v 0.026298 0.016926 -0.045470
v 0.028287 0.017223 -0.044398
v 0.029281 0.014294 -0.046000
v 0.028139 0.013090 -0.047356
v 0.025675 0.015285 -0.046755
v 0.029281 0.014294 -0.046000
v 0.028139 0.013090 -0.047356
v 0.026442 0.013442 -0.047749
v 0.025675 0.015285 -0.046755
v -0.028933 0.003439 0.048710
v -0.028749 0.005004 0.047954
v -0.029649 0.004358 0.048131
v -0.029649 0.004358 0.048131
v -0.029541 0.005019 0.047709
v -0.030713 0.004817 0.047473
v 0.024939 0.011753 -0.048994
v 0.024068 0.013535 -0.048378
v 0.026442 0.013442 -0.047749
v -0.028749 0.005004 0.047954
v -0.029541 0.005019 0.047709
v -0.029649 0.004358 0.048131
v -0.024185 0.004573 0.049248
v -0.023035 0.005067 0.049014
v -0.024068 0.005300 0.048582
v -0.028011 0.004332 0.048607
v -0.027870 0.005194 0.047956
v -0.028749 0.005004 0.047954
v -0.024185 0.004573 0.049248
v -0.024068 0.005300 0.048582
v -0.025226 0.004496 0.049148
v 0.033048 0.014845 -0.043228
v 0.036035 0.012138 -0.043412
v 0.035070 0.011919 -0.044303
v -0.026819 0.005762 0.047280
v -0.027870 0.005194 0.047956
v -0.026134 0.004948 0.048632
v 0.032480 0.015926 -0.042677
v 0.032220 0.018563 -0.041036
v 0.033870 0.015759 -0.041683
v -0.026134 0.004948 0.048632
v -0.024956 0.005711 0.047707
v -0.026819 0.005762 0.047280
v -0.028582 0.009160 -0.014134
v -0.028724 0.009589 -0.012324
v -0.028658 0.009308 -0.012228
v -0.026134 0.004948 0.048632
v -0.025226 0.004496 0.049148
v -0.024956 0.005711 0.047707
v 0.035439 0.014357 -0.041723
v 0.036035 0.012138 -0.043412
v 0.033048 0.014845 -0.043228
v -0.024956 0.005711 0.047707
v -0.025226 0.004496 0.049148
v -0.024068 0.005300 0.048582
v 0.033048 0.014845 -0.043228
v 0.035070 0.011919 -0.044303
v 0.032496 0.014080 -0.044342
v -0.028658 0.009308 -0.012228
v -0.028515 0.009072 -0.014035
v -0.028582 0.009160 -0.014134
v -0.029541 0.005019 0.047709
v -0.030188 0.005445 0.046983
v -0.030713 0.004817 0.047473
v 0.033048 0.014845 -0.043228
v 0.032480 0.015926 -0.042677
v 0.033870 0.015759 -0.041683
v -0.027794 0.008608 -0.013244
v -0.028400 0.008967 -0.013859
v -0.028502 0.009016 -0.011995
v -0.029011 0.005871 0.046479
v -0.028687 0.005901 0.046485
v -0.029000 0.006564 0.046605
v -0.028502 0.009016 -0.011995
v -0.028400 0.008967 -0.013859
v -0.028515 0.009072 -0.014035
v 0.031367 0.018189 -0.041948
v 0.032480 0.015926 -0.042677
v 0.031616 0.016323 -0.043000
v 0.033048 0.014845 -0.043228
v 0.031616 0.016323 -0.043000
v 0.032480 0.015926 -0.042677
v 0.033048 0.014845 -0.043228
v 0.033870 0.015759 -0.041683
v 0.035439 0.014357 -0.041723
v -0.028658 0.009308 -0.012228
v -0.028502 0.009016 -0.011995
v -0.028515 0.009072 -0.014035
v 0.030288 0.015808 -0.044260
v 0.030136 0.017285 -0.043331
v 0.031616 0.016323 -0.043000
v -0.028582 0.009160 -0.014134
v -0.028493 0.009098 -0.015911
v -0.028664 0.009336 -0.014257
v -0.028014 0.008780 -0.015281
v -0.028582 0.009160 -0.014134
v -0.028515 0.009072 -0.014035
v 0.030136 0.017285 -0.043331
v 0.030288 0.015808 -0.044260
v 0.028287 0.017223 -0.044398
v -0.028240 0.008910 -0.015541
v -0.028493 0.009098 -0.015911
v -0.028582 0.009160 -0.014134
v 0.028287 0.017223 -0.044398
v 0.030288 0.015808 -0.044260
v 0.029281 0.014294 -0.046000
v -0.028014 0.008780 -0.015281
v -0.028240 0.008910 -0.015541
v -0.028582 0.009160 -0.014134
v 0.032496 0.014080 -0.044342
v 0.031246 0.013409 -0.045689
v 0.030631 0.014057 -0.045489
v -0.028687 0.005901 0.046485
v -0.026999 0.006031 0.046508
v -0.029000 0.006564 0.046605
v -0.028811 0.010602 -0.010315
v -0.028767 0.009888 -0.012386
v -0.028790 0.014062 -0.010299
v 0.032496 0.014080 -0.044342
v 0.030631 0.014057 -0.045489
v 0.030288 0.015808 -0.044260
v -0.024068 0.005300 0.048582
v -0.023035 0.005067 0.049014
v -0.021748 0.005604 0.048307
v -0.029831 0.006185 0.045401
v -0.030188 0.005445 0.046983
v -0.029283 0.005819 0.046573
v 0.030288 0.015808 -0.044260
v 0.031616 0.016323 -0.043000
v 0.032496 0.014080 -0.044342
v -0.029283 0.005819 0.046573
v -0.029541 0.005019 0.047709
v -0.028749 0.005004 0.047954
v -0.024630 0.006015 0.046505
v -0.023718 0.006092 0.046519
v -0.029000 0.006564 0.046605
v -0.030188 0.005445 0.046983
v -0.029541 0.005019 0.047709
v -0.029283 0.005819 0.046573
v 0.029281 0.014294 -0.046000
v 0.030288 0.015808 -0.044260
v 0.030631 0.014057 -0.045489
v -0.027870 0.005194 0.047956
v -0.029283 0.005819 0.046573
v -0.028749 0.005004 0.047954
v 0.031616 0.016323 -0.043000
v 0.033048 0.014845 -0.043228
v 0.032496 0.014080 -0.044342
v -0.029011 0.005871 0.046479
v -0.029000 0.006564 0.046605
v -0.029010 0.005998 0.046034
v 0.035070 0.011919 -0.044303
v 0.033502 0.012002 -0.045338
v 0.032496 0.014080 -0.044342
v -0.026071 0.005975 0.046498
v -0.024630 0.006015 0.046505
v -0.029000 0.006564 0.046605
v 0.032450 0.011965 -0.045972
v 0.030565 0.012379 -0.046736
v 0.031246 0.013409 -0.045689
v -0.019006 0.006148 0.046530
v -0.029000 0.006564 0.046605
v -0.020915 0.006070 0.046515
v -0.026819 0.005762 0.047280
v -0.029283 0.005819 0.046573
v -0.027870 0.005194 0.047956
v -0.023270 0.006063 0.046514
v -0.022662 0.006115 0.046524
v -0.023718 0.006092 0.046519
v -0.029000 0.006564 0.046605
v -0.023718 0.006092 0.046519
v -0.022662 0.006115 0.046524
v -0.024956 0.005711 0.047707
v -0.024068 0.005300 0.048582
v -0.023718 0.006092 0.046519
v -0.026071 0.005975 0.046498
v -0.029000 0.006564 0.046605
v -0.026999 0.006031 0.046508
v -0.024956 0.005711 0.047707
v -0.023718 0.006092 0.046519
v -0.024630 0.006015 0.046505
v -0.026999 0.006031 0.046508
v -0.028687 0.005901 0.046485
v -0.026819 0.005762 0.047280
v 0.030565 0.012379 -0.046736
v 0.030631 0.014057 -0.045489
v 0.031246 0.013409 -0.045689
v -0.026071 0.005975 0.046498
v -0.026999 0.006031 0.046508
v -0.026819 0.005762 0.047280
v -0.024956 0.005711 0.047707
v -0.024630 0.006015 0.046505
v -0.026071 0.005975 0.046498
v -0.024956 0.005711 0.047707
v -0.026071 0.005975 0.046498
v -0.026819 0.005762 0.047280
v -0.029283 0.005819 0.046573
v -0.026819 0.005762 0.047280
v -0.028687 0.005901 0.046485
v -0.023270 0.006063 0.046514
v -0.023718 0.006092 0.046519
v -0.024068 0.005300 0.048582
v -0.021748 0.005604 0.048307
v -0.022662 0.006115 0.046524
v -0.024068 0.005300 0.048582
v -0.023270 0.006063 0.046514
v -0.024068 0.005300 0.048582
v -0.022662 0.006115 0.046524
v -0.028687 0.005901 0.046485
v -0.029011 0.005871 0.046479
v -0.029283 0.005819 0.046573
v -0.021512 0.000000 0.051110
v -0.020783 0.004376 0.049934
v -0.021996 0.004194 0.049841
v 0.029837 0.011067 -0.047654
v 0.030673 0.009636 -0.047695
v 0.029055 0.009977 -0.048284
v -0.028933 0.003439 0.048710
v -0.028011 0.004332 0.048607
v -0.028749 0.005004 0.047954
v 0.032529 0.010646 -0.046497
v 0.033613 0.010406 -0.045940
v 0.032219 0.009253 -0.047014
v 0.030673 0.009636 -0.047695
v 0.030752 0.007054 -0.048083
v 0.029055 0.009977 -0.048284
v -0.024185 0.004573 0.049248
v -0.024267 0.003363 0.049761
v -0.023163 0.003785 0.049817
v -0.021996 0.004194 0.049841
v -0.023035 0.005067 0.049014
v -0.023163 0.003785 0.049817
v 0.030673 0.009636 -0.047695
v 0.032529 0.010646 -0.046497
v 0.032219 0.009253 -0.047014
v -0.033980 0.004400 0.046352
v -0.033064 0.005277 0.046057
v -0.033677 0.005502 0.045527
v 0.032529 0.010646 -0.046497
v 0.032450 0.011965 -0.045972
v 0.033613 0.010406 -0.045940
v -0.033980 0.004400 0.046352
v -0.032147 0.004834 0.046900
v -0.033064 0.005277 0.046057
v 0.029799 0.012082 -0.047251
v 0.030565 0.012379 -0.046736
v 0.032529 0.010646 -0.046497
v -0.032147 0.004834 0.046900
v -0.031622 0.005466 0.046429
v -0.033064 0.005277 0.046057
v 0.032529 0.010646 -0.046497
v 0.030565 0.012379 -0.046736
v 0.032450 0.011965 -0.045972
v 0.029837 0.011067 -0.047654
v 0.032529 0.010646 -0.046497
v 0.030673 0.009636 -0.047695
v 0.029837 0.011067 -0.047654
v 0.029799 0.012082 -0.047251
v 0.032529 0.010646 -0.046497
v -0.030713 0.004817 0.047473
v -0.031622 0.005466 0.046429
v -0.032147 0.004834 0.046900
v -0.019807 0.034013 -0.036667
v -0.020771 0.033355 -0.036195
v -0.019858 0.032416 -0.036263
v -0.030713 0.004817 0.047473
v -0.030188 0.005445 0.046983
v -0.031622 0.005466 0.046429
v 0.030752 0.007054 -0.048083
v 0.027400 0.008471 -0.049131
v 0.029055 0.009977 -0.048284
v -0.017933 0.032526 -0.036546
v -0.018399 0.033515 -0.036609
v -0.019858 0.032416 -0.036263
v -0.029831 0.006185 0.045401
v -0.030895 0.006205 0.045002
v -0.031622 0.005466 0.046429
v 0.028139 0.013090 -0.047356
v 0.029281 0.014294 -0.046000
v 0.029799 0.012082 -0.047251
v -0.031622 0.005466 0.046429
v -0.030188 0.005445 0.046983
v -0.029831 0.006185 0.045401
v 0.027400 0.008471 -0.049131
v 0.028000 0.010549 -0.048501
v 0.029055 0.009977 -0.048284
v 0.028000 0.010549 -0.048501
v 0.027400 0.008471 -0.049131
v 0.026498 0.010749 -0.048916
v 0.029799 0.012082 -0.047251
v 0.028000 0.010549 -0.048501
v 0.028139 0.013090 -0.047356
v -0.034979 0.000000 0.047590
v -0.033980 0.004400 0.046352
v -0.035471 0.003948 0.045783
v 0.028139 0.013090 -0.047356
v 0.028000 0.010549 -0.048501
v 0.026498 0.010749 -0.048916
v 0.026442 0.013442 -0.047749
v 0.028139 0.013090 -0.047356
v 0.026498 0.010749 -0.048916
v -0.019858 0.032416 -0.036263
v -0.018855 0.034080 -0.036820
v -0.019807 0.034013 -0.036667
v 0.029799 0.012082 -0.047251
v 0.029837 0.011067 -0.047654
v 0.028000 0.010549 -0.048501
v -0.018399 0.033515 -0.036609
v -0.018855 0.034080 -0.036820
v -0.019858 0.032416 -0.036263
v 0.029837 0.011067 -0.047654
v 0.029055 0.009977 -0.048284
v 0.028000 0.010549 -0.048501
v -0.028011 0.004332 0.048607
v -0.028933 0.003439 0.048710
v -0.027621 0.000000 0.050081
v -0.019807 0.034013 -0.036667
v -0.020666 0.034404 -0.037296
v -0.020704 0.034233 -0.036867
v -0.032013 0.000000 0.048880
v -0.031998 0.003584 0.047624
v -0.033517 0.000000 0.048286
v -0.033980 0.004400 0.046352
v -0.034979 0.000000 0.047590
v -0.033517 0.000000 0.048286
v -0.019731 0.034489 -0.037469
v -0.019807 0.034013 -0.036667
v -0.018855 0.034080 -0.036820
v -0.033517 0.000000 0.048286
v -0.031998 0.003584 0.047624
v -0.033980 0.004400 0.046352
v -0.031998 0.003584 0.047624
v -0.032013 0.000000 0.048880
v -0.029611 0.000000 0.049619
v -0.030449 0.004144 0.047982
v -0.031998 0.003584 0.047624
v -0.029611 0.000000 0.049619
v -0.028933 0.003439 0.048710
v -0.029611 0.000000 0.049619
v -0.027621 0.000000 0.050081
v -0.028933 0.003439 0.048710
v -0.030449 0.004144 0.047982
v -0.029611 0.000000 0.049619
v -0.019807 0.034013 -0.036667
v -0.019731 0.034489 -0.037469
v -0.020666 0.034404 -0.037296
v -0.028933 0.003439 0.048710
v -0.029649 0.004358 0.048131
v -0.030449 0.004144 0.047982
v -0.020574 0.034641 -0.038387
v -0.020666 0.034404 -0.037296
v -0.019731 0.034489 -0.037469
v -0.031998 0.003584 0.047624
v -0.032147 0.004834 0.046900
v -0.033980 0.004400 0.046352
v -0.032147 0.004834 0.046900
v -0.031998 0.003584 0.047624
v -0.030713 0.004817 0.047473
v -0.030449 0.004144 0.047982
v -0.030713 0.004817 0.047473
v -0.031998 0.003584 0.047624
v 0.034885 0.016081 -0.040401
v 0.035826 0.016934 -0.038501
v 0.036649 0.015752 -0.038754
v -0.029649 0.004358 0.048131
v -0.030713 0.004817 0.047473
v -0.030449 0.004144 0.047982
v -0.039231 0.009220 0.041417
v -0.039965 0.009723 0.040640
v -0.040912 0.007332 0.040600
v -0.040912 0.007332 0.040600
v -0.039367 0.006989 0.041907
v -0.039231 0.009220 0.041417
v 0.034885 0.016081 -0.040401
v 0.036649 0.015752 -0.038754
v 0.035439 0.014357 -0.041723
v 0.036649 0.015752 -0.038754
v 0.037526 0.014236 -0.039650
v 0.035439 0.014357 -0.041723
v 0.037489 0.012969 -0.041277
v 0.036672 0.013159 -0.041901
v 0.037526 0.014236 -0.039650
v -0.023367 0.033676 -0.035646
v -0.022551 0.033197 -0.035673
v -0.021648 0.033858 -0.036248
v 0.035439 0.014357 -0.041723
v 0.037526 0.014236 -0.039650
v 0.036672 0.013159 -0.041901
v -0.022551 0.033197 -0.035673
v -0.021700 0.032281 -0.035832
v -0.021648 0.033858 -0.036248
v -0.043272 0.005879 0.038376
v -0.044948 0.007873 0.034734
v -0.044737 0.004778 0.036369
v -0.021700 0.032281 -0.035832
v -0.020771 0.033355 -0.036195
v -0.021648 0.033858 -0.036248
v -0.020704 0.034233 -0.036867
v -0.021648 0.033858 -0.036248
v -0.019807 0.034013 -0.036667
v -0.022862 0.034284 -0.037295
v -0.024145 0.034001 -0.036222
v -0.023367 0.033676 -0.035646
v -0.043272 0.005879 0.038376
v -0.043806 0.009330 0.036167
v -0.044948 0.007873 0.034734
v 0.036146 0.020230 -0.035285
v 0.037665 0.016339 -0.036590
v 0.035026 0.018787 -0.037972
v -0.020704 0.034233 -0.036867
v -0.020666 0.034404 -0.037296
v -0.022862 0.034284 -0.037295
v 0.035026 0.018787 -0.037972
v 0.037665 0.016339 -0.036590
v 0.035826 0.016934 -0.038501
v -0.043272 0.005879 0.038376
v -0.043711 0.002798 0.038868
v -0.042126 0.004075 0.040523
v 0.036146 0.020230 -0.035285
v 0.037153 0.019200 -0.034202
v 0.037665 0.016339 -0.036590
v -0.020574 0.034641 -0.038387
v -0.022329 0.034477 -0.038876
v -0.022862 0.034284 -0.037295
v 0.035826 0.016934 -0.038501
v 0.037665 0.016339 -0.036590
v 0.036649 0.015752 -0.038754
v -0.022862 0.034284 -0.037295
v -0.020666 0.034404 -0.037296
v -0.020574 0.034641 -0.038387
v -0.022862 0.034284 -0.037295
v -0.023367 0.033676 -0.035646
v -0.021648 0.033858 -0.036248
v 0.036649 0.015752 -0.038754
v 0.037665 0.016339 -0.036590
v 0.039330 0.014193 -0.037188
v -0.022862 0.034284 -0.037295
v -0.021648 0.033858 -0.036248
v -0.020704 0.034233 -0.036867
v -0.021648 0.033858 -0.036248
v -0.020771 0.033355 -0.036195
v -0.019807 0.034013 -0.036667
v -0.042126 0.004075 0.040523
v -0.041903 0.007589 0.039474
v -0.043272 0.005879 0.038376
v 0.037526 0.014236 -0.039650
v 0.036649 0.015752 -0.038754
v 0.039330 0.014193 -0.037188
v -0.041280 0.010572 0.038998
v -0.041903 0.007589 0.039474
v -0.039965 0.009723 0.040640
v -0.021700 0.032281 -0.035832
v -0.022551 0.033197 -0.035673
v -0.023410 0.032117 -0.035198
v -0.041280 0.010572 0.038998
v -0.041955 0.010474 0.038244
v -0.041903 0.007589 0.039474
v -0.039965 0.009723 0.040640
v -0.041903 0.007589 0.039474
v -0.040912 0.007332 0.040600
v -0.020771 0.033355 -0.036195
v -0.021700 0.032281 -0.035832
v -0.019858 0.032416 -0.036263
v -0.043806 0.009330 0.036167
v -0.043272 0.005879 0.038376
v -0.041903 0.007589 0.039474
v -0.041955 0.010474 0.038244
v -0.043806 0.009330 0.036167
v -0.041903 0.007589 0.039474
v -0.019858 0.032416 -0.036263
v -0.021700 0.032281 -0.035832
v -0.021290 0.028598 -0.035986
v -0.021700 0.032281 -0.035832
v -0.023410 0.032117 -0.035198
v -0.021290 0.028598 -0.035986
v -0.017951 0.029837 -0.036532
v -0.019858 0.032416 -0.036263
v -0.021290 0.028598 -0.035986
v 0.039143 0.017398 -0.031287
v 0.040089 0.016165 -0.030908
v 0.039728 0.016003 -0.032571
v -0.017951 0.029837 -0.036532
v -0.017933 0.032526 -0.036546
v -0.019858 0.032416 -0.036263
v -0.036008 0.008403 0.042803
v -0.036816 0.008385 0.042854
v -0.036782 0.007574 0.042636
v -0.036782 0.007574 0.042636
v -0.035893 0.007595 0.042407
v -0.036008 0.008403 0.042803
v -0.022862 0.034284 -0.037295
v -0.022329 0.034477 -0.038876
v -0.024030 0.034164 -0.039080
v -0.036860 0.008974 0.042913
v -0.036816 0.008385 0.042854
v -0.036077 0.008990 0.042937
v -0.022282 0.034429 -0.039500
v -0.024030 0.034164 -0.039080
v -0.022329 0.034477 -0.038876
v 0.041368 0.013185 -0.035088
v 0.041687 0.011977 -0.036461
v 0.040590 0.012753 -0.037442
v -0.036077 0.008990 0.042937
v -0.036816 0.008385 0.042854
v -0.036008 0.008403 0.042803
v 0.038034 0.017486 -0.034364
v 0.039728 0.016003 -0.032571
v 0.039218 0.015832 -0.034383
v -0.024855 0.033978 -0.039043
v -0.025682 0.033890 -0.038565
v -0.024516 0.034145 -0.037580
v -0.036782 0.007574 0.042636
v -0.037637 0.007727 0.042533
v -0.037685 0.007197 0.042584
v -0.024030 0.034164 -0.039080
v -0.024855 0.033978 -0.039043
v -0.024516 0.034145 -0.037580
v -0.022282 0.034429 -0.039500
v -0.023971 0.033927 -0.039875
v -0.024030 0.034164 -0.039080
v -0.037631 0.008214 0.042570
v -0.037637 0.007727 0.042533
v -0.036782 0.007574 0.042636
v 0.039728 0.016003 -0.032571
v 0.040089 0.016165 -0.030908
v 0.041850 0.013544 -0.032866
v -0.024754 0.033336 -0.040362
v -0.025609 0.033511 -0.039569
v -0.024855 0.033978 -0.039043
v -0.025609 0.033511 -0.039569
v -0.025682 0.033890 -0.038565
v -0.024855 0.033978 -0.039043
v -0.024754 0.033336 -0.040362
v -0.025529 0.032684 -0.040591
v -0.025609 0.033511 -0.039569
v -0.037631 0.008214 0.042570
v -0.038461 0.008028 0.042174
v -0.037637 0.007727 0.042533
v -0.024754 0.033336 -0.040362
v -0.024855 0.033978 -0.039043
v -0.023971 0.033927 -0.039875
v 0.039604 0.014822 -0.035510
v 0.039218 0.015832 -0.034383
v 0.041850 0.013544 -0.032866
v -0.024855 0.033978 -0.039043
v -0.024030 0.034164 -0.039080
v -0.023971 0.033927 -0.039875
v 0.037665 0.016339 -0.036590
v 0.037153 0.019200 -0.034202
v 0.038034 0.017486 -0.034364
v -0.036816 0.008385 0.042854
v -0.037631 0.008214 0.042570
v -0.036782 0.007574 0.042636
v 0.038034 0.017486 -0.034364
v 0.039218 0.015832 -0.034383
v 0.037665 0.016339 -0.036590
v -0.036860 0.008974 0.042913
v -0.037631 0.008214 0.042570
v -0.036816 0.008385 0.042854
v 0.037665 0.016339 -0.036590
v 0.039218 0.015832 -0.034383
v 0.039604 0.014822 -0.035510
v 0.039218 0.015832 -0.034383
v 0.039728 0.016003 -0.032571
v 0.041850 0.013544 -0.032866
v 0.041368 0.013185 -0.035088
v 0.039604 0.014822 -0.035510
v 0.041850 0.013544 -0.032866
v -0.026393 0.033389 -0.039309
v -0.026441 0.033643 -0.038712
v -0.025682 0.033890 -0.038565
v -0.036860 0.008974 0.042913
v -0.038452 0.008985 0.042047
v -0.037631 0.008214 0.042570
v 0.039330 0.014193 -0.037188
v 0.037665 0.016339 -0.036590
v 0.039604 0.014822 -0.035510
v -0.035244 0.008412 0.042005
v -0.036008 0.008403 0.042803
v -0.035893 0.007595 0.042407
v 0.039330 0.014193 -0.037188
v 0.039604 0.014822 -0.035510
v 0.041368 0.013185 -0.035088
v -0.035378 0.009293 0.042116
v -0.036008 0.008403 0.042803
v -0.035244 0.008412 0.042005
v 0.040590 0.012753 -0.037442
v 0.039330 0.014193 -0.037188
v 0.041368 0.013185 -0.035088
v -0.036077 0.008990 0.042937
v -0.036008 0.008403 0.042803
v -0.035378 0.009293 0.042116
v -0.025609 0.033511 -0.039569
v -0.026393 0.033389 -0.039309
v -0.025682 0.033890 -0.038565
v 0.037526 0.014236 -0.039650
v 0.039143 0.012754 -0.039613
v 0.037489 0.012969 -0.041277
v 0.039143 0.012754 -0.039613
v 0.038690 0.012045 -0.040907
v 0.037489 0.012969 -0.041277
v 0.041687 0.011977 -0.036461
v 0.041561 0.011371 -0.037360
v 0.040590 0.012753 -0.037442
v -0.027154 0.033279 -0.038909
v -0.028195 0.032966 -0.038617
v -0.027225 0.033612 -0.037955
v 0.040590 0.012753 -0.037442
v 0.039143 0.012754 -0.039613
v 0.039330 0.014193 -0.037188
v 0.037526 0.014236 -0.039650
v 0.039330 0.014193 -0.037188
v 0.039143 0.012754 -0.039613
v -0.027225 0.033612 -0.037955
v -0.026441 0.033643 -0.038712
v -0.027154 0.033279 -0.038909
v -0.037685 0.007197 0.042584
v -0.037852 0.006409 0.042929
v -0.036905 0.006823 0.042888
v 0.041016 0.007837 -0.039563
v 0.041145 0.009184 -0.039118
v 0.041984 0.008928 -0.037683
v -0.026441 0.033643 -0.038712
v -0.026393 0.033389 -0.039309
v -0.027154 0.033279 -0.038909
v -0.036814 0.007211 0.042679
v -0.036782 0.007574 0.042636
v -0.037685 0.007197 0.042584
v -0.025609 0.033511 -0.039569
v -0.025529 0.032684 -0.040591
v -0.026393 0.033389 -0.039309
v 0.041145 0.009184 -0.039118
v 0.040674 0.010453 -0.039413
v 0.041727 0.010441 -0.037679
v -0.027435 0.032643 -0.039567
v -0.028195 0.032966 -0.038617
v -0.027154 0.033279 -0.038909
v -0.036814 0.007211 0.042679
v -0.037685 0.007197 0.042584
v -0.036905 0.006823 0.042888
v -0.027154 0.033279 -0.038909
v -0.026393 0.033389 -0.039309
v -0.027435 0.032643 -0.039567
v -0.025529 0.032684 -0.040591
v -0.027435 0.032643 -0.039567
v -0.026393 0.033389 -0.039309
v 0.042229 0.010044 -0.036832
v 0.041561 0.011371 -0.037360
v 0.041687 0.011977 -0.036461
v -0.035893 0.007595 0.042407
v -0.035833 0.007230 0.042434
v -0.035007 0.007617 0.041519
v -0.035833 0.007230 0.042434
v -0.035893 0.007595 0.042407
v -0.036782 0.007574 0.042636
v -0.036033 0.006830 0.042871
v -0.036215 0.006411 0.043377
v -0.034674 0.006365 0.043686
v -0.026441 0.033643 -0.038712
v -0.027225 0.033612 -0.037955
v -0.026502 0.033839 -0.037033
v -0.036033 0.006830 0.042871
v -0.036814 0.007211 0.042679
v -0.036905 0.006823 0.042888
v 0.042229 0.010044 -0.036832
v 0.041727 0.010441 -0.037679
v 0.041561 0.011371 -0.037360
v -0.027961 0.033510 -0.037364
v -0.026502 0.033839 -0.037033
v -0.027225 0.033612 -0.037955
v 0.040247 0.011699 -0.039205
v 0.041561 0.011371 -0.037360
v 0.041727 0.010441 -0.037679
v -0.036782 0.007574 0.042636
v -0.036814 0.007211 0.042679
v -0.035833 0.007230 0.042434
v -0.036033 0.006830 0.042871
v -0.035833 0.007230 0.042434
v -0.036814 0.007211 0.042679
v -0.027225 0.033612 -0.037955
v -0.028195 0.032966 -0.038617
v -0.028416 0.033211 -0.037906
v 0.041727 0.010441 -0.037679
v 0.040674 0.010453 -0.039413
v 0.040247 0.011699 -0.039205
v 0.040674 0.010453 -0.039413
v 0.040053 0.010619 -0.040190
v 0.040247 0.011699 -0.039205
v -0.026441 0.033643 -0.038712
v -0.026502 0.033839 -0.037033
v -0.025682 0.033890 -0.038565
v 0.041368 0.013185 -0.035088
v 0.042547 0.011957 -0.034475
v 0.041687 0.011977 -0.036461
v -0.036033 0.006830 0.042871
v -0.035154 0.006842 0.042700
v -0.034813 0.007257 0.041655
v -0.036033 0.006830 0.042871
v -0.034674 0.006365 0.043686
v -0.035154 0.006842 0.042700
v -0.037685 0.007197 0.042584
v -0.039367 0.006989 0.041907
v -0.037852 0.006409 0.042929
v 0.038690 0.012045 -0.040907
v 0.040247 0.011699 -0.039205
v 0.040053 0.010619 -0.040190
v -0.024145 0.034001 -0.036222
v -0.022862 0.034284 -0.037295
v -0.024516 0.034145 -0.037580
v 0.040247 0.011699 -0.039205
v 0.038690 0.012045 -0.040907
v 0.039143 0.012754 -0.039613
v -0.039367 0.006989 0.041907
v -0.037685 0.007197 0.042584
v -0.038461 0.008028 0.042174
v 0.039143 0.012754 -0.039613
v 0.040590 0.012753 -0.037442
v 0.040247 0.011699 -0.039205
v -0.037685 0.007197 0.042584
v -0.037637 0.007727 0.042533
v -0.038461 0.008028 0.042174
v 0.041561 0.011371 -0.037360
v 0.040247 0.011699 -0.039205
v 0.040590 0.012753 -0.037442
v 0.024645 0.018566 -0.032913
v 0.025387 0.017045 -0.032563
v 0.027299 0.016832 -0.032366
v 0.027333 0.016665 -0.032331
v 0.027331 0.016690 -0.032336
v 0.025387 0.017045 -0.032563
v -0.022862 0.034284 -0.037295
v -0.024030 0.034164 -0.039080
v -0.024516 0.034145 -0.037580
v -0.037631 0.008214 0.042570
v -0.038452 0.008985 0.042047
v -0.038461 0.008028 0.042174
v -0.025691 0.033767 -0.035425
v -0.024145 0.034001 -0.036222
v -0.025726 0.033924 -0.036573
v -0.039367 0.006989 0.041907
v -0.038461 0.008028 0.042174
v -0.039231 0.009220 0.041417
v -0.026661 0.033743 -0.035873
v -0.027550 0.033563 -0.035092
v -0.026413 0.033643 -0.034963
v -0.038461 0.008028 0.042174
v -0.038452 0.008985 0.042047
v -0.039231 0.009220 0.041417
v 0.027384 0.016379 -0.032247
v 0.027372 0.016421 -0.032260
v 0.026387 0.015535 -0.032073
v 0.025387 0.017045 -0.032563
v 0.026387 0.015535 -0.032073
v 0.027372 0.016421 -0.032260
v 0.027419 0.016296 -0.032211
v 0.026387 0.015535 -0.032073
v 0.027459 0.016179 -0.032160
v 0.027384 0.016379 -0.032247
v 0.026387 0.015535 -0.032073
v 0.027419 0.016296 -0.032211
v 0.027511 0.015971 -0.032074
v 0.027459 0.016179 -0.032160
v 0.026387 0.015535 -0.032073
v 0.027520 0.015923 -0.032055
v 0.027511 0.015971 -0.032074
v 0.026387 0.015535 -0.032073
v -0.025728 0.033964 -0.037112
v -0.025726 0.033924 -0.036573
v -0.024145 0.034001 -0.036222
v 0.024645 0.018566 -0.032913
v 0.023382 0.017489 -0.032808
v 0.025387 0.017045 -0.032563
v -0.037097 0.006200 0.043356
v -0.036381 0.005983 0.043824
v -0.036215 0.006411 0.043377
v -0.026661 0.033743 -0.035873
v -0.028682 0.033451 -0.036184
v -0.027550 0.033563 -0.035092
v 0.026387 0.015535 -0.032073
v 0.025387 0.017045 -0.032563
v 0.024597 0.014121 -0.031598
v -0.037097 0.006200 0.043356
v -0.036215 0.006411 0.043377
v -0.036905 0.006823 0.042888
v -0.024516 0.034145 -0.037580
v -0.025728 0.033964 -0.037112
v -0.024145 0.034001 -0.036222
v 0.027935 0.016113 -0.031193
v 0.027906 0.018903 -0.031139
v 0.027515 0.016455 -0.032084
v -0.036215 0.006411 0.043377
v -0.036033 0.006830 0.042871
v -0.036905 0.006823 0.042888
v 0.027515 0.016455 -0.032084
v 0.027459 0.016179 -0.032160
v 0.027511 0.015971 -0.032074
v -0.037097 0.006200 0.043356
v -0.036905 0.006823 0.042888
v -0.037852 0.006409 0.042929
v -0.026661 0.033743 -0.035873
v -0.025726 0.033924 -0.036573
v -0.026502 0.033839 -0.037033
v 0.027419 0.016296 -0.032211
v 0.027459 0.016179 -0.032160
v 0.027515 0.016455 -0.032084
v 0.027299 0.016832 -0.032366
v 0.027331 0.016690 -0.032336
v 0.027906 0.018903 -0.031139
v -0.026661 0.033743 -0.035873
v -0.027961 0.033510 -0.037364
v -0.028682 0.033451 -0.036184
v -0.038989 0.004876 0.043116
v -0.038224 0.004874 0.043647
v -0.037852 0.006409 0.042929
v -0.025726 0.033924 -0.036573
v -0.025728 0.033964 -0.037112
v -0.026502 0.033839 -0.037033
v 0.027511 0.015971 -0.032074
v 0.027520 0.015923 -0.032055
v 0.027515 0.016455 -0.032084
v 0.027372 0.016421 -0.032260
v 0.027384 0.016379 -0.032247
v 0.027515 0.016455 -0.032084
v 0.027515 0.016455 -0.032084
v 0.027384 0.016379 -0.032247
v 0.027419 0.016296 -0.032211
v -0.039564 0.005870 0.042242
v -0.038989 0.004876 0.043116
v -0.037852 0.006409 0.042929
v 0.027299 0.016832 -0.032366
v 0.025387 0.017045 -0.032563
v 0.027331 0.016690 -0.032336
v 0.027127 0.017565 -0.032532
v 0.024645 0.018566 -0.032913
v 0.027299 0.016832 -0.032366
v 0.027372 0.016421 -0.032260
v 0.027333 0.016665 -0.032331
v 0.025387 0.017045 -0.032563
v 0.027331 0.016690 -0.032336
v 0.027515 0.016455 -0.032084
v 0.027906 0.018903 -0.031139
v -0.039367 0.006989 0.041907
v -0.039564 0.005870 0.042242
v -0.037852 0.006409 0.042929
v -0.025682 0.033890 -0.038565
v -0.026502 0.033839 -0.037033
v -0.025728 0.033964 -0.037112
v 0.027127 0.017565 -0.032532
v 0.027299 0.016832 -0.032366
v 0.027906 0.018903 -0.031139
v -0.038224 0.004874 0.043647
v -0.037097 0.006200 0.043356
v -0.037852 0.006409 0.042929
v 0.027372 0.016421 -0.032260
v 0.027515 0.016455 -0.032084
v 0.027333 0.016665 -0.032331
v 0.027331 0.016690 -0.032336
v 0.027333 0.016665 -0.032331
v 0.027515 0.016455 -0.032084
v -0.039367 0.006989 0.041907
v -0.040912 0.007332 0.040600
v -0.039564 0.005870 0.042242
v 0.027520 0.015923 -0.032055
v 0.027144 0.013949 -0.031363
v 0.027765 0.014490 -0.031515
v -0.024516 0.034145 -0.037580
v -0.025682 0.033890 -0.038565
v -0.025728 0.033964 -0.037112
v 0.027144 0.013949 -0.031363
v 0.027520 0.015923 -0.032055
v 0.026387 0.015535 -0.032073
v -0.040912 0.007332 0.040600
v -0.040916 0.004705 0.041554
v -0.039564 0.005870 0.042242
v -0.036918 0.003952 0.044926
v -0.035921 0.005095 0.044869
v -0.036528 0.005545 0.044187
v -0.026502 0.033839 -0.037033
v -0.027961 0.033510 -0.037364
v -0.026661 0.033743 -0.035873
v 0.025351 0.013307 -0.031073
v 0.027144 0.013949 -0.031363
v 0.026387 0.015535 -0.032073
v -0.036528 0.005545 0.044187
v -0.035921 0.005095 0.044869
v -0.035063 0.005530 0.044883
v -0.021512 0.000000 0.051110
v -0.023163 0.003785 0.049817
v -0.024267 0.003363 0.049761
v -0.035063 0.005530 0.044883
v -0.034891 0.005956 0.044378
v -0.036528 0.005545 0.044187
v 0.026387 0.015535 -0.032073
v 0.024597 0.014121 -0.031598
v 0.025351 0.013307 -0.031073
v -0.037097 0.006200 0.043356
v -0.036528 0.005545 0.044187
v -0.036381 0.005983 0.043824
v 0.022821 0.014505 -0.031884
v 0.024597 0.014121 -0.031598
v 0.025387 0.017045 -0.032563
v 0.024597 0.014121 -0.031598
v 0.022821 0.014505 -0.031884
v 0.024571 0.012827 -0.030756
v -0.026298 0.002947 0.049497
v -0.021512 0.000000 0.051110
v -0.024267 0.003363 0.049761
v -0.038224 0.004874 0.043647
v -0.037464 0.004873 0.044131
v -0.037097 0.006200 0.043356
v -0.021512 0.000000 0.051110
v -0.021996 0.004194 0.049841
v -0.023163 0.003785 0.049817
v -0.037097 0.006200 0.043356
v -0.037464 0.004873 0.044131
v -0.036528 0.005545 0.044187
v 0.027765 0.014490 -0.031515
v 0.027843 0.013876 -0.031285
v 0.027933 0.014811 -0.031187
v 0.027515 0.016455 -0.032084
v 0.027520 0.015923 -0.032055
v 0.027933 0.014811 -0.031187
v -0.019540 0.004128 0.050215
v -0.021512 0.000000 0.051110
v -0.018247 0.003666 0.050558
v -0.021512 0.000000 0.051110
v -0.016901 0.003208 0.050855
v -0.018247 0.003666 0.050558
v -0.034891 0.005956 0.044378
v -0.036381 0.005983 0.043824
v -0.036528 0.005545 0.044187
v 0.033536 0.004427 -0.047068
v 0.034684 0.000000 -0.047185
v 0.030647 0.000000 -0.049148
v -0.021512 0.000000 0.051110
v -0.015689 0.000000 0.051821
v -0.016901 0.003208 0.050855
v -0.038989 0.004876 0.043116
v -0.039564 0.005870 0.042242
v -0.040916 0.004705 0.041554
v 0.030752 0.007054 -0.048083
v 0.033536 0.004427 -0.047068
v 0.029181 0.005505 -0.048943
v 0.030752 0.007054 -0.048083
v 0.032219 0.009253 -0.047014
v 0.033428 0.006280 -0.046802
v -0.043711 0.002798 0.038868
v -0.043428 0.000000 0.040334
v -0.042126 0.004075 0.040523
v 0.034424 0.007894 -0.045949
v 0.033428 0.006280 -0.046802
v 0.032219 0.009253 -0.047014
v -0.025226 0.004496 0.049148
v -0.024267 0.003363 0.049761
v -0.024185 0.004573 0.049248
v -0.021937 0.004830 0.049440
v -0.021996 0.004194 0.049841
v -0.020783 0.004376 0.049934
v 0.033536 0.004427 -0.047068
v 0.030752 0.007054 -0.048083
v 0.033428 0.006280 -0.046802
v 0.036613 0.004080 -0.045080
v 0.034684 0.000000 -0.047185
v 0.033536 0.004427 -0.047068
v 0.033428 0.006280 -0.046802
v 0.036613 0.004080 -0.045080
v 0.033536 0.004427 -0.047068
v -0.042126 0.004075 0.040523
v -0.040977 0.002098 0.042510
v -0.040916 0.004705 0.041554
v 0.036589 0.006782 -0.044557
v 0.036613 0.004080 -0.045080
v 0.033428 0.006280 -0.046802
v -0.042126 0.004075 0.040523
v -0.040916 0.004705 0.041554
v -0.040912 0.007332 0.040600
v -0.041903 0.007589 0.039474
v -0.042126 0.004075 0.040523
v -0.040912 0.007332 0.040600
v -0.024267 0.003363 0.049761
v -0.025226 0.004496 0.049148
v -0.026298 0.002947 0.049497
v 0.034424 0.007894 -0.045949
v 0.036589 0.006782 -0.044557
v 0.033428 0.006280 -0.046802
v -0.043272 0.005879 0.038376
v -0.044737 0.004778 0.036369
v -0.044242 0.003726 0.037659
v -0.044242 0.003726 0.037659
v -0.043711 0.002798 0.038868
v -0.043272 0.005879 0.038376
v -0.045380 0.000000 0.036945
v -0.044429 0.000000 0.038732
v -0.043711 0.002798 0.038868
v -0.044429 0.000000 0.038732
v -0.043428 0.000000 0.040334
v -0.043711 0.002798 0.038868
v -0.021937 0.004830 0.049440
v -0.023035 0.005067 0.049014
v -0.021996 0.004194 0.049841
v -0.044242 0.003726 0.037659
v -0.045380 0.000000 0.036945
v -0.043711 0.002798 0.038868
v 0.034424 0.007894 -0.045949
v 0.036301 0.009319 -0.044354
v 0.036589 0.006782 -0.044557
v 0.034424 0.007894 -0.045949
v 0.035600 0.010559 -0.044574
v 0.036301 0.009319 -0.044354
v 0.034424 0.007894 -0.045949
v 0.034269 0.010920 -0.045363
v 0.035600 0.010559 -0.044574
v 0.034424 0.007894 -0.045949
v 0.033613 0.010406 -0.045940
v 0.034269 0.010920 -0.045363
v -0.035921 0.005095 0.044869
v -0.036918 0.003952 0.044926
v -0.035471 0.003948 0.045783
v 0.034424 0.007894 -0.045949
v 0.032219 0.009253 -0.047014
v 0.033613 0.010406 -0.045940
v -0.021512 0.000000 0.051110
v -0.026298 0.002947 0.049497
v -0.027621 0.000000 0.050081
v -0.036918 0.003952 0.044926
v -0.036528 0.005545 0.044187
v -0.037464 0.004873 0.044131
v -0.019540 0.004128 0.050215
v -0.020783 0.004376 0.049934
v -0.021512 0.000000 0.051110
v -0.037464 0.004873 0.044131
v -0.038224 0.004874 0.043647
v -0.038282 0.002560 0.044583
v -0.019423 0.005148 0.049357
v -0.020783 0.004376 0.049934
v -0.019540 0.004128 0.050215
v -0.039487 0.002096 0.043857
v -0.038282 0.002560 0.044583
v -0.038224 0.004874 0.043647
v -0.023163 0.003785 0.049817
v -0.023035 0.005067 0.049014
v -0.024185 0.004573 0.049248
v -0.038224 0.004874 0.043647
v -0.038989 0.004876 0.043116
v -0.039487 0.002096 0.043857
v -0.037464 0.004873 0.044131
v -0.038282 0.002560 0.044583
v -0.036918 0.003952 0.044926
v 0.041057 0.004886 -0.040231
v 0.041703 0.003730 -0.039548
v 0.040245 0.002565 -0.041967
v 0.036589 0.006782 -0.044557
v 0.038575 0.008918 -0.042390
v 0.039622 0.007443 -0.041498
v -0.038989 0.004876 0.043116
v -0.040916 0.004705 0.041554
v -0.040977 0.002098 0.042510
v 0.039420 0.010474 -0.041041
v 0.039622 0.007443 -0.041498
v 0.038575 0.008918 -0.042390
v -0.038989 0.004876 0.043116
v -0.040977 0.002098 0.042510
v -0.039487 0.002096 0.043857
v 0.039622 0.007443 -0.041498
v 0.041145 0.009184 -0.039118
v 0.041016 0.007837 -0.039563
v 0.041016 0.007837 -0.039563
v 0.041334 0.005784 -0.039545
v 0.039622 0.007443 -0.041498
v -0.027157 0.004093 0.048932
v -0.028011 0.004332 0.048607
v -0.027621 0.000000 0.050081
v -0.039487 0.002096 0.043857
v -0.037297 0.001746 0.045582
v -0.038282 0.002560 0.044583
v 0.039622 0.007443 -0.041498
v 0.040053 0.010619 -0.040190
v 0.040674 0.010453 -0.039413
v 0.039420 0.010474 -0.041041
v 0.040053 0.010619 -0.040190
v 0.039622 0.007443 -0.041498
v -0.027621 0.000000 0.050081
v -0.026298 0.002947 0.049497
v -0.027157 0.004093 0.048932
v -0.037297 0.001746 0.045582
v -0.036918 0.003952 0.044926
v -0.038282 0.002560 0.044583
v 0.039622 0.007443 -0.041498
v 0.040674 0.010453 -0.039413
v 0.041145 0.009184 -0.039118
v 0.041057 0.004886 -0.040231
v 0.039622 0.007443 -0.041498
v 0.041334 0.005784 -0.039545
v 0.041057 0.004886 -0.040231
v 0.039414 0.004021 -0.042535
v 0.039622 0.007443 -0.041498
v -0.026134 0.004948 0.048632
v -0.027157 0.004093 0.048932
v -0.026298 0.002947 0.049497
v 0.039414 0.004021 -0.042535
v 0.041057 0.004886 -0.040231
v 0.040245 0.002565 -0.041967
v -0.040977 0.002098 0.042510
v -0.043428 0.000000 0.040334
v -0.040917 0.000000 0.043337
v -0.026134 0.004948 0.048632
v -0.027870 0.005194 0.047956
v -0.027157 0.004093 0.048932
v -0.027157 0.004093 0.048932
v -0.027870 0.005194 0.047956
v -0.028011 0.004332 0.048607
v -0.043428 0.000000 0.040334
v -0.040977 0.002098 0.042510
v -0.042126 0.004075 0.040523
v -0.040917 0.000000 0.043337
v -0.039487 0.002096 0.043857
v -0.040977 0.002098 0.042510
v -0.026134 0.004948 0.048632
v -0.026298 0.002947 0.049497
v -0.025226 0.004496 0.049148
v 0.036589 0.006782 -0.044557
v 0.037439 0.009874 -0.043272
v 0.038575 0.008918 -0.042390
v 0.036589 0.006782 -0.044557
v 0.039414 0.004021 -0.042535
v 0.036613 0.004080 -0.045080
v -0.037297 0.001746 0.045582
v -0.035471 0.003948 0.045783
v -0.036918 0.003952 0.044926
v -0.035471 0.003948 0.045783
v -0.037297 0.001746 0.045582
v -0.034979 0.000000 0.047590
v -0.039487 0.002096 0.043857
v -0.037181 0.000000 0.046295
v -0.037297 0.001746 0.045582
v 0.036589 0.006782 -0.044557
v 0.039622 0.007443 -0.041498
v 0.039414 0.004021 -0.042535
v -0.039487 0.002096 0.043857
v -0.040917 0.000000 0.043337
v -0.037181 0.000000 0.046295
v 0.042056 0.001983 -0.039500
v 0.043050 0.000000 -0.038133
v 0.041336 0.000000 -0.041260
v 0.040245 0.002565 -0.041967
v 0.041703 0.003730 -0.039548
v 0.042056 0.001983 -0.039500
v -0.034979 0.000000 0.047590
v -0.037297 0.001746 0.045582
v -0.037181 0.000000 0.046295
v 0.041336 0.000000 -0.041260
v 0.040245 0.002565 -0.041967
v 0.042056 0.001983 -0.039500
v -0.029603 0.026687 0.005500
v -0.030239 0.026889 0.006630
v -0.030112 0.026099 0.009131
v -0.028716 0.026847 -0.000499
v -0.029603 0.026687 0.005500
v -0.029217 0.026149 0.004310
v -0.030584 0.027477 0.004176
v -0.029929 0.027290 0.004245
v -0.029659 0.027679 0.001875
v -0.029659 0.027679 0.001875
v -0.031417 0.027995 0.001782
v -0.030584 0.027477 0.004176
v -0.029603 0.026687 0.005500
v -0.029929 0.027290 0.004245
v -0.030584 0.027477 0.004176
v -0.030239 0.026889 0.006630
v -0.029603 0.026687 0.005500
v -0.030584 0.027477 0.004176
v -0.031596 0.027162 0.006418
v -0.032456 0.026770 0.008632
v -0.031221 0.026652 0.008885
v -0.031221 0.026652 0.008885
v -0.030239 0.026889 0.006630
v -0.031596 0.027162 0.006418
v -0.030584 0.027477 0.004176
v -0.031596 0.027162 0.006418
v -0.030239 0.026889 0.006630
v -0.030584 0.027477 0.004176
v -0.034557 0.027647 0.003761
v -0.031596 0.027162 0.006418
v -0.034557 0.027647 0.003761
v -0.031417 0.027995 0.001782
v -0.033977 0.028060 0.001636
v -0.033977 0.028060 0.001636
v -0.035689 0.027902 0.001534
v -0.034557 0.027647 0.003761
v -0.036884 0.027356 0.003521
v -0.035487 0.027191 0.005825
v -0.034557 0.027647 0.003761
v -0.031596 0.027162 0.006418
v -0.035487 0.027191 0.005825
v -0.032456 0.026770 0.008632
v -0.034557 0.027647 0.003761
v -0.030584 0.027477 0.004176
v -0.031417 0.027995 0.001782
v -0.034557 0.027647 0.003761
v -0.035487 0.027191 0.005825
v -0.031596 0.027162 0.006418
v -0.032456 0.026770 0.008632
v -0.033667 0.026149 0.011866
v -0.031221 0.026652 0.008885
v -0.030112 0.026099 0.009131
v -0.030239 0.026889 0.006630
v -0.031221 0.026652 0.008885
v -0.030953 0.026060 0.011400
v -0.030112 0.026099 0.009131
v -0.031221 0.026652 0.008885
v -0.031221 0.026652 0.008885
v -0.033667 0.026149 0.011866
v -0.030953 0.026060 0.011400
v -0.035487 0.027191 0.005825
v -0.035717 0.026561 0.009069
v -0.032456 0.026770 0.008632
v -0.032456 0.026770 0.008632
v -0.035717 0.026561 0.009069
v -0.033667 0.026149 0.011866
v -0.030691 0.025493 0.012741
v -0.030112 0.026099 0.009131
v -0.030953 0.026060 0.011400
v -0.038365 0.025526 0.011596
v -0.036449 0.025861 0.012173
v -0.035717 0.026561 0.009069
v -0.036884 0.027356 0.003521
v -0.034557 0.027647 0.003761
v -0.035689 0.027902 0.001534
v -0.036884 0.027356 0.003521
v -0.037600 0.027468 0.001415
v -0.037796 0.027088 0.003429
v -0.035689 0.027902 0.001534
v -0.037600 0.027468 0.001415
v -0.036884 0.027356 0.003521
v -0.037796 0.027088 0.003429
v -0.038924 0.026581 0.003321
v -0.038293 0.026591 0.005423
v -0.037796 0.027088 0.003429
v -0.038470 0.027103 0.001358
v -0.038924 0.026581 0.003321
v -0.037600 0.027468 0.001415
v -0.038470 0.027103 0.001358
v -0.037796 0.027088 0.003429
v -0.035487 0.027191 0.005825
v -0.038673 0.026265 0.006402
v -0.037629 0.026458 0.007604
v -0.037796 0.027088 0.003429
v -0.038293 0.026591 0.005423
v -0.036884 0.027356 0.003521
v -0.039833 0.025601 0.006245
v -0.039556 0.025660 0.007286
v -0.038673 0.026265 0.006402
v -0.038673 0.026265 0.006402
v -0.038293 0.026591 0.005423
v -0.039833 0.025601 0.006245
v -0.037629 0.026458 0.007604
v -0.035717 0.026561 0.009069
v -0.035487 0.027191 0.005825
v -0.035717 0.026561 0.009069
v -0.037629 0.026458 0.007604
v -0.038423 0.025863 0.009525
v -0.039556 0.025660 0.007286
v -0.037629 0.026458 0.007604
v -0.038673 0.026265 0.006402
v -0.038293 0.026591 0.005423
v -0.035487 0.027191 0.005825
v -0.036884 0.027356 0.003521
v -0.035487 0.027191 0.005825
v -0.038293 0.026591 0.005423
v -0.038673 0.026265 0.006402
v -0.040388 0.025435 0.003195
v -0.038924 0.026581 0.003321
v -0.039996 0.026010 0.001250
v -0.030953 0.026060 0.011400
v -0.033667 0.026149 0.011866
v -0.032295 0.025827 0.013452
v -0.033667 0.026149 0.011866
v -0.033684 0.025453 0.015364
v -0.032295 0.025827 0.013452
v -0.033667 0.026149 0.011866
v -0.035652 0.025476 0.014649
v -0.033684 0.025453 0.015364
v -0.032295 0.025827 0.013452
v -0.030691 0.025493 0.012741
v -0.030953 0.026060 0.011400
v -0.036449 0.025861 0.012173
v -0.035652 0.025476 0.014649
v -0.033667 0.026149 0.011866
v -0.036449 0.025861 0.012173
v -0.033667 0.026149 0.011866
v -0.035717 0.026561 0.009069
v -0.037754 0.025276 0.013861
v -0.035652 0.025476 0.014649
v -0.036449 0.025861 0.012173
v -0.029702 0.017709 0.006822
v -0.029528 0.009710 0.004382
v -0.029266 0.014526 0.001621
v -0.029702 0.017709 0.006822
v -0.029845 0.010160 0.007005
v -0.029528 0.009710 0.004382
v -0.029702 0.017709 0.006822
v -0.030077 0.016488 0.009491
v -0.029845 0.010160 0.007005
v -0.028790 0.021998 -0.000673
v -0.028920 0.023927 0.001829
v -0.029702 0.017709 0.006822
v -0.029556 0.021884 0.006799
v -0.029702 0.017709 0.006822
v -0.028920 0.023927 0.001829
v -0.028920 0.023927 0.001829
v -0.029160 0.025202 0.004308
v -0.029556 0.021884 0.006799
v -0.029160 0.025202 0.004308
v -0.028716 0.026847 -0.000499
v -0.029217 0.026149 0.004310
v -0.029556 0.021884 0.006799
v -0.029833 0.024070 0.009271
v -0.030221 0.023301 0.011803
v -0.029533 0.025789 0.006753
v -0.029833 0.024070 0.009271
v -0.029556 0.021884 0.006799
v -0.030269 0.025049 0.011651
v -0.030221 0.023301 0.011803
v -0.029833 0.024070 0.009271
v -0.029160 0.025202 0.004308
v -0.029533 0.025789 0.006753
v -0.029556 0.021884 0.006799
v -0.029702 0.017709 0.006822
v -0.030221 0.023301 0.011803
v -0.030077 0.016488 0.009491
v -0.029603 0.026687 0.005500
v -0.029533 0.025789 0.006753
v -0.029160 0.025202 0.004308
v -0.029160 0.025202 0.004308
v -0.029217 0.026149 0.004310
v -0.029603 0.026687 0.005500
v -0.030221 0.023301 0.011803
v -0.029702 0.017709 0.006822
v -0.029556 0.021884 0.006799
v -0.030221 0.023301 0.011803
v -0.030269 0.025049 0.011651
v -0.030691 0.025493 0.012741
v -0.030269 0.025049 0.011651
v -0.030112 0.026099 0.009131
v -0.030691 0.025493 0.012741
v -0.030269 0.025049 0.011651
v -0.029833 0.024070 0.009271
v -0.030112 0.026099 0.009131
v -0.030112 0.026099 0.009131
v -0.029833 0.024070 0.009271
v -0.029533 0.025789 0.006753
v -0.029603 0.026687 0.005500
v -0.030112 0.026099 0.009131
v -0.029533 0.025789 0.006753
v -0.038293 0.026591 0.005423
v -0.040335 0.025305 0.005195
v -0.039833 0.025601 0.006245
v -0.040335 0.025305 0.005195
v -0.038293 0.026591 0.005423
v -0.038924 0.026581 0.003321
v -0.041573 0.023726 0.006124
v -0.041911 0.023267 0.005109
v -0.042365 0.022374 0.007137
v -0.040972 0.024609 0.005149
v -0.041850 0.023419 0.003098
v -0.041911 0.023267 0.005109
v -0.040972 0.024609 0.005149
v -0.041911 0.023267 0.005109
v -0.041573 0.023726 0.006124
v -0.041850 0.023419 0.003098
v -0.040388 0.025435 0.003195
v -0.041335 0.024310 0.001146
v -0.040972 0.024609 0.005149
v -0.040388 0.025435 0.003195
v -0.041850 0.023419 0.003098
v -0.040335 0.025305 0.005195
v -0.040388 0.025435 0.003195
v -0.040972 0.024609 0.005149
v -0.040335 0.025305 0.005195
v -0.038924 0.026581 0.003321
v -0.040388 0.025435 0.003195
v -0.043030 0.021035 0.005109
v -0.041911 0.023267 0.005109
v -0.041850 0.023419 0.003098
v -0.039231 0.025539 0.009358
v -0.038423 0.025863 0.009525
v -0.037629 0.026458 0.007604
v -0.039556 0.025660 0.007286
v -0.039231 0.025539 0.009358
v -0.037629 0.026458 0.007604
v -0.038365 0.025526 0.011596
v -0.035717 0.026561 0.009069
v -0.038423 0.025863 0.009525
v -0.039231 0.025539 0.009358
v -0.038365 0.025526 0.011596
v -0.038423 0.025863 0.009525
v -0.038838 0.025004 0.013479
v -0.038365 0.025526 0.011596
v -0.039902 0.024857 0.011223
v -0.039902 0.024857 0.011223
v -0.038365 0.025526 0.011596
v -0.039231 0.025539 0.009358
v -0.039902 0.024857 0.011223
v -0.040658 0.023866 0.013958
v -0.038838 0.025004 0.013479
v -0.039231 0.025539 0.009358
v -0.040678 0.024637 0.008161
v -0.039902 0.024857 0.011223
v -0.039902 0.024857 0.011223
v -0.040572 0.024359 0.011125
v -0.040658 0.023866 0.013958
v -0.040658 0.023866 0.013958
v -0.040572 0.024359 0.011125
v -0.041185 0.023763 0.011082
v -0.039902 0.024857 0.011223
v -0.040678 0.024637 0.008161
v -0.040572 0.024359 0.011125
v -0.039833 0.025601 0.006245
v -0.040678 0.024637 0.008161
v -0.039556 0.025660 0.007286
v -0.040678 0.024637 0.008161
v -0.040335 0.025305 0.005195
v -0.040972 0.024609 0.005149
v -0.039231 0.025539 0.009358
v -0.039556 0.025660 0.007286
v -0.040678 0.024637 0.008161
v -0.039833 0.025601 0.006245
v -0.040335 0.025305 0.005195
v -0.040678 0.024637 0.008161
v -0.041977 0.022894 0.009135
v -0.042365 0.022374 0.007137
v -0.042674 0.021777 0.007153
v -0.040678 0.024637 0.008161
v -0.040972 0.024609 0.005149
v -0.041573 0.023726 0.006124
v -0.041185 0.023763 0.011082
v -0.040678 0.024637 0.008161
v -0.041977 0.022894 0.009135
v -0.041573 0.023726 0.006124
v -0.042365 0.022374 0.007137
v -0.040678 0.024637 0.008161
v -0.040678 0.024637 0.008161
v -0.042365 0.022374 0.007137
v -0.041977 0.022894 0.009135
v -0.041988 0.022480 0.013053
v -0.041185 0.023763 0.011082
v -0.042687 0.021472 0.011223
v -0.040572 0.024359 0.011125
v -0.040678 0.024637 0.008161
v -0.041185 0.023763 0.011082
v -0.045347 0.015425 0.011837
v -0.042687 0.021472 0.011223
v -0.043030 0.020879 0.009250
v -0.043030 0.020879 0.009250
v -0.045382 0.015558 0.009617
v -0.045347 0.015425 0.011837
v -0.043030 0.020879 0.009250
v -0.044635 0.017227 0.007332
v -0.045382 0.015558 0.009617
v -0.043922 0.018354 0.014141
v -0.042736 0.021171 0.013230
v -0.042687 0.021472 0.011223
v -0.042736 0.021171 0.013230
v -0.041988 0.022480 0.013053
v -0.042687 0.021472 0.011223
v -0.041185 0.023763 0.011082
v -0.041977 0.022894 0.009135
v -0.042687 0.021472 0.011223
v -0.043030 0.020879 0.009250
v -0.042687 0.021472 0.011223
v -0.041977 0.022894 0.009135
v -0.042674 0.021777 0.007153
v -0.043030 0.021035 0.005109
v -0.044635 0.017227 0.007332
v -0.044238 0.018182 0.003007
v -0.044635 0.017227 0.007332
v -0.043030 0.021035 0.005109
v -0.042365 0.022374 0.007137
v -0.041911 0.023267 0.005109
v -0.043030 0.021035 0.005109
v -0.042674 0.021777 0.007153
v -0.042365 0.022374 0.007137
v -0.043030 0.021035 0.005109
v -0.043030 0.020879 0.009250
v -0.042674 0.021777 0.007153
v -0.044635 0.017227 0.007332
v -0.041977 0.022894 0.009135
v -0.042674 0.021777 0.007153
v -0.043030 0.020879 0.009250
v -0.041850 0.023419 0.003098
v -0.043174 0.020703 0.002524
v -0.043030 0.021035 0.005109
v -0.043030 0.021035 0.005109
v -0.043174 0.020703 0.002524
v -0.044238 0.018182 0.003007
f 1 2 3
f 4 5 6
f 7 8 9
f 10 11 12
f 13 14 15
f 16 17 18
f 19 20 21
f 22 23 24
f 25 26 27
f 28 29 30
f 31 32 33
f 34 35 36
f 37 38 39
f 40 41 42
f 43 44 45
f 46 47 48
f 49 50 51
f 52 53 54
f 55 56 57
f 58 59 60
f 61 62 63
f 64 65 66
f 67 68 69
f 70 71 72
f 73 74 75
f 76 77 78
f 79 80 81
f 82 83 84
f 85 86 87
f 88 89 90
f 91 92 93
f 94 95 96
f 97 98 99
f 100 101 102
f 103 104 105
f 106 107 108
f 109 110 111
f 112 113 114
f 115 116 117
f 118 119 120
f 121 122 123
f 124 125 126
f 127 128 129
f 130 131 132
f 133 134 135
f 136 137 138
f 139 140 141
f 142 143 144
f 145 146 147
f 148 149 150
f 151 152 153
f 154 155 156
f 157 158 159
f 160 161 162
f 163 164 165
f 166 167 168
f 169 170 171
f 172 173 174
f 175 176 177
f 178 179 180
f 181 182 183
f 184 185 186
f 187 188 189
f 190 191 192
f 193 194 195
f 196 197 198
f 199 200 201
f 202 203 204
f 205 206 207
f 208 209 210
f 211 212 213
f 214 215 216
f 217 218 219
f 220 221 222
f 223 224 225
f 226 227 228
f 229 230 231
f 232 233 234
f 235 236 237
f 238 239 240
f 241 242 243
f 244 245 246
f 247 248 249
f 250 251 252
f 253 254 255
f 256 257 258
f 259 260 261
f 262 263 264
f 265 266 267
f 268 269 270
f 271 272 273
f 274 275 276
f 277 278 279
f 280 281 282
f 283 284 285
f 286 287 288
f 289 290 291
f 292 293 294
f 295 296 297
f 298 299 300
f 301 302 303
f 304 305 306
f 307 308 309
f 310 311 312
f 313 314 315
f 316 317 318
f 319 320 321
f 322 323 324
f 325 326 327
f 328 329 330
f 331 332 333
f 334 335 336
f 337 338 339
f 340 341 342
f 343 344 345
f 346 347 348
f 349 350 351
f 352 353 354
f 355 356 357
f 358 359 360
f 361 362 363
f 364 365 366
f 367 368 369
f 370 371 372
f 373 374 375
f 376 377 378
f 379 380 381
f 382 383 384
f 385 386 387
f 388 389 390
f 391 392 393
f 394 395 396
f 397 398 399
f 400 401 402
f 403 404 405
f 406 407 408
f 409 410 411
f 412 413 414
f 415 416 417
f 418 419 420
f 421 422 423
f 424 425 426
f 427 428 429
f 430 431 432
f 433 434 435
f 436 437 438
f 439 440 441
f 442 443 444
f 445 446 447
f 448 449 450
f 451 452 453
f 454 455 456
f 457 458 459
f 460 461 462
f 463 464 465
f 466 467 468
f 469 470 471
f 472 473 474
f 475 476 477
f 478 479 480
f 481 482 483
f 484 485 486
f 487 488 489
f 490 491 492
f 493 494 495
f 496 497 498
f 499 500 501
f 502 503 504
f 505 506 507
f 508 509 510
f 511 512 513
f 514 515 516
f 517 518 519
f 520 521 522
f 523 524 525
f 526 527 528
f 529 530 531
f 532 533 534
f 535 536 537
f 538 539 540
f 541 542 543
f 544 545 546
f 547 548 549
f 550 551 552
f 553 554 555
f 556 557 558
f 559 560 561
f 562 563 564
f 565 566 567
f 568 569 570
f 571 572 573
f 574 575 576
f 577 578 579
f 580 581 582
f 583 584 585
f 586 587 588
f 589 590 591
f 592 593 594
f 595 596 597
f 598 599 600
f 601 602 603
f 604 605 606
f 607 608 609
f 610 611 612
f 613 614 615
f 616 617 618
f 619 620 621
f 622 623 624
f 625 626 627
f 628 629 630
f 631 632 633
f 634 635 636
f 637 638 639
f 640 641 642
f 643 644 645
f 646 647 648
f 649 650 651
f 652 653 654
f 655 656 657
f 658 659 660
f 661 662 663
f 664 665 666
f 667 668 669
f 670 671 672
f 673 674 675
f 676 677 678
f 679 680 681
f 682 683 684
f 685 686 687
f 688 689 690
f 691 692 693
f 694 695 696
f 697 698 699
f 700 701 702
f 703 704 705
f 706 707 708
f 709 710 711
f 712 713 714
f 715 716 717
f 718 719 720
f 721 722 723
f 724 725 726
f 727 728 729
f 730 731 732
f 733 734 735
f 736 737 738
f 739 740 741
f 742 743 744
f 745 746 747
f 748 749 750
f 751 752 753
f 754 755 756
f 757 758 759
f 760 761 762
f 763 764 765
f 766 767 768
f 769 770 771
f 772 773 774
f 775 776 777
f 778 779 780
f 781 782 783
f 784 785 786
f 787 788 789
f 790 791 792
f 793 794 795
f 796 797 798
f 799 800 801
f 802 803 804
f 805 806 807
f 808 809 810
f 811 812 813
f 814 815 816
f 817 818 819
f 820 821 822
f 823 824 825
f 826 827 828
f 829 830 831
f 832 833 834
f 835 836 837
f 838 839 840
f 841 842 843
f 844 845 846
f 847 848 849
f 850 851 852
f 853 854 855
f 856 857 858
f 859 860 861
f 862 863 864
f 865 866 867
f 868 869 870
f 871 872 873
f 874 875 876
f 877 878 879
f 880 881 882
f 883 884 885
f 886 887 888
f 889 890 891
f 892 893 894
f 895 896 897
f 898 899 900
f 901 902 903
f 904 905 906
f 907 908 909
f 910 911 912
f 913 914 915
f 916 917 918
f 919 920 921
f 922 923 924
f 925 926 927
f 928 929 930
f 931 932 933
f 934 935 936
f 937 938 939
f 940 941 942
f 943 944 945
f 946 947 948
f 949 950 951
f 952 953 954
f 955 956 957
f 958 959 960
f 961 962 963
f 964 965 966
f 967 968 969
f 970 971 972
f 973 974 975
f 976 977 978
f 979 980 981
f 982 983 984
f 985 986 987
f 988 989 990
f 991 992 993
f 994 995 996
f 997 998 999
f 1000 1001 1002
f 1003 1004 1005
f 1006 1007 1008
f 1009 1010 1011
f 1012 1013 1014
f 1015 1016 1017
f 1018 1019 1020
f 1021 1022 1023
f 1024 1025 1026
f 1027 1028 1029
f 1030 1031 1032
f 1033 1034 1035
f 1036 1037 1038
f 1039 1040 1041
f 1042 1043 1044
f 1045 1046 1047
f 1048 1049 1050
f 1051 1052 1053
f 1054 1055 1056
f 1057 1058 1059
f 1060 1061 1062
f 1063 1064 1065
f 1066 1067 1068
f 1069 1070 1071
f 1072 1073 1074
f 1075 1076 1077
f 1078 1079 1080
f 1081 1082 1083
f 1084 1085 1086
f 1087 1088 1089
f 1090 1091 1092
f 1093 1094 1095
f 1096 1097 1098
f 1099 1100 1101
f 1102 1103 1104
f 1105 1106 1107
f 1108 1109 1110
f 1111 1112 1113
f 1114 1115 1116
f 1117 1118 1119
f 1120 1121 1122
f 1123 1124 1125
f 1126 1127 1128
f 1129 1130 1131
f 1132 1133 1134
f 1135 1136 1137
f 1138 1139 1140
f 1141 1142 1143
f 1144 1145 1146
f 1147 1148 1149
f 1150 1151 1152
f 1153 1154 1155
f 1156 1157 1158
f 1159 1160 1161
f 1162 1163 1164
f 1165 1166 1167
f 1168 1169 1170
f 1171 1172 1173
f 1174 1175 1176
f 1177 1178 1179
f 1180 1181 1182
f 1183 1184 1185
f 1186 1187 1188
f 1189 1190 1191
f 1192 1193 1194
f 1195 1196 1197
f 1198 1199 1200
f 1201 1202 1203
f 1204 1205 1206
f 1207 1208 1209
f 1210 1211 1212
f 1213 1214 1215
f 1216 1217 1218
f 1219 1220 1221
f 1222 1223 1224
f 1225 1226 1227
f 1228 1229 1230
f 1231 1232 1233
f 1234 1235 1236
f 1237 1238 1239
f 1240 1241 1242
f 1243 1244 1245
f 1246 1247 1248
f 1249 1250 1251
f 1252 1253 1254
f 1255 1256 1257
f 1258 1259 1260
f 1261 1262 1263
f 1264 1265 1266
f 1267 1268 1269
f 1270 1271 1272
f 1273 1274 1275
f 1276 1277 1278
f 1279 1280 1281
f 1282 1283 1284
f 1285 1286 1287
f 1288 1289 1290
f 1291 1292 1293
f 1294 1295 1296
f 1297 1298 1299
f 1300 1301 1302
f 1303 1304 1305
f 1306 1307 1308
f 1309 1310 1311
f 1312 1313 1314
f 1315 1316 1317
f 1318 1319 1320
f 1321 1322 1323
f 1324 1325 1326
f 1327 1328 1329
f 1330 1331 1332
f 1333 1334 1335
f 1336 1337 1338
f 1339 1340 1341
f 1342 1343 1344
f 1345 1346 1347
f 1348 1349 1350
f 1351 1352 1353
f 1354 1355 1356
f 1357 1358 1359
f 1360 1361 1362
f 1363 1364 1365
f 1366 1367 1368
f 1369 1370 1371
f 1372 1373 1374
f 1375 1376 1377
f 1378 1379 1380
f 1381 1382 1383
f 1384 1385 1386
f 1387 1388 1389
f 1390 1391 1392
f 1393 1394 1395
f 1396 1397 1398
f 1399 1400 1401
f 1402 1403 1404
f 1405 1406 1407
f 1408 1409 1410
f 1411 1412 1413
f 1414 1415 1416
f 1417 1418 1419
f 1420 1421 1422
f 1423 1424 1425
f 1426 1427 1428
f 1429 1430 1431
f 1432 1433 1434
f 1435 1436 1437
f 1438 1439 1440
f 1441 1442 1443
f 1444 1445 1446
f 1447 1448 1449
f 1450 1451 1452
f 1453 1454 1455
f 1456 1457 1458
f 1459 1460 1461
f 1462 1463 1464
f 1465 1466 1467
f 1468 1469 1470
f 1471 1472 1473
f 1474 1475 1476
f 1477 1478 1479
f 1480 1481 1482
f 1483 1484 1485
f 1486 1487 1488
f 1489 1490 1491
f 1492 1493 1494
f 1495 1496 1497
f 1498 1499 1500
f 1501 1502 1503
f 1504 1505 1506
f 1507 1508 1509
f 1510 1511 1512
f 1513 1514 1515
f 1516 1517 1518
f 1519 1520 1521
f 1522 1523 1524
f 1525 1526 1527
f 1528 1529 1530
f 1531 1532 1533
f 1534 1535 1536
f 1537 1538 1539
f 1540 1541 1542
f 1543 1544 1545
f 1546 1547 1548
f 1549 1550 1551
f 1552 1553 1554
f 1555 1556 1557
f 1558 1559 1560
f 1561 1562 1563
f 1564 1565 1566
f 1567 1568 1569
f 1570 1571 1572
f 1573 1574 1575
f 1576 1577 1578
f 1579 1580 1581
f 1582 1583 1584
f 1585 1586 1587
f 1588 1589 1590
f 1591 1592 1593
f 1594 1595 1596
f 1597 1598 1599
f 1600 1601 1602
f 1603 1604 1605
f 1606 1607 1608
f 1609 1610 1611
f 1612 1613 1614
f 1615 1616 1617
f 1618 1619 1620
f 1621 1622 1623
f 1624 1625 1626
f 1627 1628 1629
f 1630 1631 1632
f 1633 1634 1635
f 1636 1637 1638
f 1639 1640 1641
f 1642 1643 1644
f 1645 1646 1647
f 1648 1649 1650
f 1651 1652 1653
f 1654 1655 1656
f 1657 1658 1659
f 1660 1661 1662
f 1663 1664 1665
f 1666 1667 1668
f 1669 1670 1671
f 1672 1673 1674
f 1675 1676 1677
f 1678 1679 1680
f 1681 1682 1683
f 1684 1685 1686
f 1687 1688 1689
f 1690 1691 1692
f 1693 1694 1695
f 1696 1697 1698
f 1699 1700 1701
f 1702 1703 1704
f 1705 1706 1707
f 1708 1709 1710
f 1711 1712 1713
f 1714 1715 1716
f 1717 1718 1719
f 1720 1721 1722
f 1723 1724 1725
f 1726 1727 1728
f 1729 1730 1731
f 1732 1733 1734
f 1735 1736 1737
f 1738 1739 1740
f 1741 1742 1743
f 1744 1745 1746
f 1747 1748 1749
f 1750 1751 1752
f 1753 1754 1755
f 1756 1757 1758
f 1759 1760 1761
f 1762 1763 1764
f 1765 1766 1767
f 1768 1769 1770
f 1771 1772 1773
f 1774 1775 1776
f 1777 1778 1779
f 1780 1781 1782
f 1783 1784 1785
f 1786 1787 1788
f 1789 1790 1791
f 1792 1793 1794
f 1795 1796 1797
f 1798 1799 1800
f 1801 1802 1803
f 1804 1805 1806
f 1807 1808 1809
f 1810 1811 1812
f 1813 1814 1815
f 1816 1817 1818
f 1819 1820 1821
f 1822 1823 1824
f 1825 1826 1827
f 1828 1829 1830
f 1831 1832 1833
f 1834 1835 1836
f 1837 1838 1839
f 1840 1841 1842
f 1843 1844 1845
f 1846 1847 1848
f 1849 1850 1851
f 1852 1853 1854
f 1855 1856 1857
f 1858 1859 1860
f 1861 1862 1863
f 1864 1865 1866
f 1867 1868 1869
f 1870 1871 1872
f 1873 1874 1875
f 1876 1877 1878
f 1879 1880 1881
f 1882 1883 1884
f 1885 1886 1887
f 1888 1889 1890
f 1891 1892 1893
f 1894 1895 1896
f 1897 1898 1899
f 1900 1901 1902
f 1903 1904 1905
f 1906 1907 1908
f 1909 1910 1911
f 1912 1913 1914
f 1915 1916 1917
f 1918 1919 1920
f 1921 1922 1923
f 1924 1925 1926
f 1927 1928 1929
f 1930 1931 1932
f 1933 1934 1935
f 1936 1937 1938
f 1939 1940 1941
f 1942 1943 1944
f 1945 1946 1947
f 1948 1949 1950
f 1951 1952 1953
f 1954 1955 1956
f 1957 1958 1959
f 1960 1961 1962
f 1963 1964 1965
f 1966 1967 1968
f 1969 1970 1971
f 1972 1973 1974
f 1975 1976 1977
f 1978 1979 1980
f 1981 1982 1983
f 1984 1985 1986
f 1987 1988 1989
f 1990 1991 1992
f 1993 1994 1995
f 1996 1997 1998
f 1999 2000 2001
f 2002 2003 2004
f 2005 2006 2007
f 2008 2009 2010
f 2011 2012 2013
f 2014 2015 2016
f 2017 2018 2019
f 2020 2021 2022
f 2023 2024 2025
f 2026 2027 2028
f 2029 2030 2031
f 2032 2033 2034
f 2035 2036 2037
f 2038 2039 2040
f 2041 2042 2043
f 2044 2045 2046
f 2047 2048 2049
f 2050 2051 2052
f 2053 2054 2055
f 2056 2057 2058
f 2059 2060 2061
f 2062 2063 2064
f 2065 2066 2067
f 2068 2069 2070
f 2071 2072 2073
f 2074 2075 2076
f 2077 2078 2079
f 2080 2081 2082
f 2083 2084 2085
f 2086 2087 2088
f 2089 2090 2091
f 2092 2093 2094
f 2095 2096 2097
f 2098 2099 2100
f 2101 2102 2103
f 2104 2105 2106
f 2107 2108 2109
f 2110 2111 2112
f 2113 2114 2115
f 2116 2117 2118
f 2119 2120 2121
f 2122 2123 2124
f 2125 2126 2127
f 2128 2129 2130
f 2131 2132 2133
f 2134 2135 2136
f 2137 2138 2139
f 2140 2141 2142
f 2143 2144 2145
f 2146 2147 2148
f 2149 2150 2151
f 2152 2153 2154
f 2155 2156 2157
f 2158 2159 2160
f 2161 2162 2163
f 2164 2165 2166
f 2167 2168 2169
f 2170 2171 2172
f 2173 2174 2175
f 2176 2177 2178
f 2179 2180 2181
f 2182 2183 2184
f 2185 2186 2187
f 2188 2189 2190
f 2191 2192 2193
f 2194 2195 2196
f 2197 2198 2199
f 2200 2201 2202
f 2203 2204 2205
f 2206 2207 2208
f 2209 2210 2211
f 2212 2213 2214
f 2215 2216 2217
f 2218 2219 2220
f 2221 2222 2223
f 2224 2225 2226
f 2227 2228 2229
f 2230 2231 2232
f 2233 2234 2235
f 2236 2237 2238
f 2239 2240 2241
f 2242 2243 2244
f 2245 2246 2247
f 2248 2249 2250
f 2251 2252 2253
f 2254 2255 2256
f 2257 2258 2259
f 2260 2261 2262
f 2263 2264 2265
f 2266 2267 2268
f 2269 2270 2271
f 2272 2273 2274
f 2275 2276 2277
f 2278 2279 2280
f 2281 2282 2283
f 2284 2285 2286
f 2287 2288 2289
f 2290 2291 2292
f 2293 2294 2295
f 2296 2297 2298
f 2299 2300 2301
f 2302 2303 2304
f 2305 2306 2307
f 2308 2309 2310
f 2311 2312 2313
f 2314 2315 2316
f 2317 2318 2319
f 2320 2321 2322
f 2323 2324 2325
f 2326 2327 2328
f 2329 2330 2331
f 2332 2333 2334
f 2335 2336 2337
f 2338 2339 2340
f 2341 2342 2343
f 2344 2345 2346
f 2347 2348 2349
f 2350 2351 2352
f 2353 2354 2355
f 2356 2357 2358
f 2359 2360 2361
f 2362 2363 2364
f 2365 2366 2367
f 2368 2369 2370
f 2371 2372 2373
f 2374 2375 2376
f 2377 2378 2379
f 2380 2381 2382
f 2383 2384 2385
f 2386 2387 2388
f 2389 2390 2391
f 2392 2393 2394
f 2395 2396 2397
f 2398 2399 2400
f 2401 2402 2403
f 2404 2405 2406
f 2407 2408 2409
f 2410 2411 2412
f 2413 2414 2415
f 2416 2417 2418
f 2419 2420 2421
f 2422 2423 2424
f 2425 2426 2427
f 2428 2429 2430
f 2431 2432 2433
f 2434 2435 2436
f 2437 2438 2439
f 2440 2441 2442
f 2443 2444 2445
f 2446 2447 2448
f 2449 2450 2451
f 2452 2453 2454
f 2455 2456 2457
f 2458 2459 2460
f 2461 2462 2463
f 2464 2465 2466
f 2467 2468 2469
f 2470 2471 2472
f 2473 2474 2475
f 2476 2477 2478
f 2479 2480 2481
f 2482 2483 2484
f 2485 2486 2487
f 2488 2489 2490
f 2491 2492 2493
f 2494 2495 2496
f 2497 2498 2499
f 2500 2501 2502
f 2503 2504 2505
f 2506 2507 2508
f 2509 2510 2511
f 2512 2513 2514
f 2515 2516 2517
f 2518 2519 2520
f 2521 2522 2523
f 2524 2525 2526
f 2527 2528 2529
f 2530 2531 2532
f 2533 2534 2535
f 2536 2537 2538
f 2539 2540 2541
f 2542 2543 2544
f 2545 2546 2547
f 2548 2549 2550
f 2551 2552 2553
f 2554 2555 2556
f 2557 2558 2559
f 2560 2561 2562
f 2563 2564 2565
f 2566 2567 2568
f 2569 2570 2571
f 2572 2573 2574
f 2575 2576 2577
f 2578 2579 2580
f 2581 2582 2583
f 2584 2585 2586
f 2587 2588 2589
f 2590 2591 2592
f 2593 2594 2595
f 2596 2597 2598
f 2599 2600 2601
f 2602 2603 2604
f 2605 2606 2607
f 2608 2609 2610
f 2611 2612 2613
f 2614 2615 2616
f 2617 2618 2619
f 2620 2621 2622
f 2623 2624 2625
f 2626 2627 2628
f 2629 2630 2631
f 2632 2633 2634
f 2635 2636 2637
f 2638 2639 2640
f 2641 2642 2643
f 2644 2645 2646
f 2647 2648 2649
f 2650 2651 2652
f 2653 2654 2655
f 2656 2657 2658
f 2659 2660 2661
f 2662 2663 2664
f 2665 2666 2667
f 2668 2669 2670
f 2671 2672 2673
f 2674 2675 2676
f 2677 2678 2679
f 2680 2681 2682
f 2683 2684 2685
f 2686 2687 2688
f 2689 2690 2691
f 2692 2693 2694
f 2695 2696 2697
f 2698 2699 2700
f 2701 2702 2703
f 2704 2705 2706
f 2707 2708 2709
f 2710 2711 2712
f 2713 2714 2715
f 2716 2717 2718
f 2719 2720 2721
f 2722 2723 2724
f 2725 2726 2727
f 2728 2729 2730
f 2731 2732 2733
f 2734 2735 2736
f 2737 2738 2739
f 2740 2741 2742
f 2743 2744 2745
f 2746 2747 2748
f 2749 2750 2751
f 2752 2753 2754
f 2755 2756 2757
f 2758 2759 2760
f 2761 2762 2763
f 2764 2765 2766
f 2767 2768 2769
f 2770 2771 2772
f 2773 2774 2775
f 2776 2777 2778
f 2779 2780 2781
f 2782 2783 2784
f 2785 2786 2787
f 2788 2789 2790
f 2791 2792 2793
f 2794 2795 2796
f 2797 2798 2799
f 2800 2801 2802
f 2803 2804 2805
f 2806 2807 2808
f 2809 2810 2811
f 2812 2813 2814
f 2815 2816 2817
f 2818 2819 2820
f 2821 2822 2823
f 2824 2825 2826
f 2827 2828 2829
f 2830 2831 2832
f 2833 2834 2835
f 2836 2837 2838
f 2839 2840 2841
f 2842 2843 2844
f 2845 2846 2847
f 2848 2849 2850
f 2851 2852 2853
f 2854 2855 2856
f 2857 2858 2859
f 2860 2861 2862
f 2863 2864 2865
f 2866 2867 2868
f 2869 2870 2871
f 2872 2873 2874
f 2875 2876 2877
f 2878 2879 2880
f 2881 2882 2883
f 2884 2885 2886
f 2887 2888 2889
f 2890 2891 2892
f 2893 2894 2895
f 2896 2897 2898
f 2899 2900 2901
f 2902 2903 2904
f 2905 2906 2907
f 2908 2909 2910
f 2911 2912 2913
f 2914 2915 2916
f 2917 2918 2919
f 2920 2921 2922
f 2923 2924 2925
f 2926 2927 2928
f 2929 2930 2931
f 2932 2933 2934
f 2935 2936 2937
f 2938 2939 2940
f 2941 2942 2943
f 2944 2945 2946
f 2947 2948 2949
f 2950 2951 2952
f 2953 2954 2955
f 2956 2957 2958
f 2959 2960 2961
f 2962 2963 2964
f 2965 2966 2967
f 2968 2969 2970
f 2971 2972 2973
f 2974 2975 2976
f 2977 2978 2979
f 2980 2981 2982
f 2983 2984 2985
f 2986 2987 2988
f 2989 2990 2991
f 2992 2993 2994
f 2995 2996 2997
f 2998 2999 3000
f 3001 3002 3003
f 3004 3005 3006
f 3007 3008 3009
f 3010 3011 3012
f 3013 3014 3015
f 3016 3017 3018
f 3019 3020 3021
f 3022 3023 3024
f 3025 3026 3027
f 3028 3029 3030
f 3031 3032 3033
f 3034 3035 3036
f 3037 3038 3039
f 3040 3041 3042
f 3043 3044 3045
f 3046 3047 3048
f 3049 3050 3051
f 3052 3053 3054
f 3055 3056 3057
f 3058 3059 3060
f 3061 3062 3063
f 3064 3065 3066
f 3067 3068 3069
f 3070 3071 3072
f 3073 3074 3075
f 3076 3077 3078
f 3079 3080 3081
f 3082 3083 3084
f 3085 3086 3087
f 3088 3089 3090
f 3091 3092 3093
f 3094 3095 3096
f 3097 3098 3099
f 3100 3101 3102
f 3103 3104 3105
f 3106 3107 3108
f 3109 3110 3111
f 3112 3113 3114
f 3115 3116 3117
f 3118 3119 3120
f 3121 3122 3123
f 3124 3125 3126
f 3127 3128 3129
f 3130 3131 3132
f 3133 3134 3135
f 3136 3137 3138
f 3139 3140 3141
f 3142 3143 3144
f 3145 3146 3147
f 3148 3149 3150
f 3151 3152 3153
f 3154 3155 3156
f 3157 3158 3159
f 3160 3161 3162
f 3163 3164 3165
f 3166 3167 3168
f 3169 3170 3171
f 3172 3173 3174
f 3175 3176 3177
f 3178 3179 3180
f 3181 3182 3183
f 3184 3185 3186
f 3187 3188 3189
f 3190 3191 3192
f 3193 3194 3195
f 3196 3197 3198
f 3199 3200 3201
f 3202 3203 3204
f 3205 3206 3207
f 3208 3209 3210
f 3211 3212 3213
f 3214 3215 3216
f 3217 3218 3219
f 3220 3221 3222
f 3223 3224 3225
f 3226 3227 3228
f 3229 3230 3231
f 3232 3233 3234
f 3235 3236 3237
f 3238 3239 3240
f 3241 3242 3243
f 3244 3245 3246
f 3247 3248 3249
f 3250 3251 3252
f 3253 3254 3255
f 3256 3257 3258
f 3259 3260 3261
f 3262 3263 3264
f 3265 3266 3267
f 3268 3269 3270
f 3271 3272 3273
f 3274 3275 3276
f 3277 3278 3279
f 3280 3281 3282
f 3283 3284 3285
f 3286 3287 3288
f 3289 3290 3291
f 3292 3293 3294
f 3295 3296 3297
f 3298 3299 3300
f 3301 3302 3303
f 3304 3305 3306
f 3307 3308 3309
f 3310 3311 3312
f 3313 3314 3315
f 3316 3317 3318
f 3319 3320 3321
f 3322 3323 3324
f 3325 3326 3327
f 3328 3329 3330
f 3331 3332 3333
f 3334 3335 3336
f 3337 3338 3339
f 3340 3341 3342
f 3343 3344 3345
f 3346 3347 3348
f 3349 3350 3351
f 3352 3353 3354
f 3355 3356 3357
f 3358 3359 3360
f 3361 3362 3363
f 3364 3365 3366
f 3367 3368 3369
f 3370 3371 3372
f 3373 3374 3375
f 3376 3377 3378
f 3379 3380 3381
f 3382 3383 3384
f 3385 3386 3387
f 3388 3389 3390
f 3391 3392 3393
f 3394 3395 3396
f 3397 3398 3399
f 3400 3401 3402
f 3403 3404 3405
f 3406 3407 3408
f 3409 3410 3411
f 3412 3413 3414
f 3415 3416 3417
f 3418 3419 3420
f 3421 3422 3423
f 3424 3425 3426
f 3427 3428 3429
f 3430 3431 3432
f 3433 3434 3435
f 3436 3437 3438
f 3439 3440 3441
f 3442 3443 3444
f 3445 3446 3447
f 3448 3449 3450
f 3451 3452 3453
f 3454 3455 3456
f 3457 3458 3459
f 3460 3461 3462
f 3463 3464 3465
f 3466 3467 3468
f 3469 3470 3471
f 3472 3473 3474
f 3475 3476 3477
f 3478 3479 3480
f 3481 3482 3483
f 3484 3485 3486
f 3487 3488 3489
f 3490 3491 3492
f 3493 3494 3495
f 3496 3497 3498
f 3499 3500 3501
f 3502 3503 3504
f 3505 3506 3507
f 3508 3509 3510
f 3511 3512 3513
f 3514 3515 3516
f 3517 3518 3519
f 3520 3521 3522
f 3523 3524 3525
f 3526 3527 3528
f 3529 3530 3531
f 3532 3533 3534
f 3535 3536 3537
f 3538 3539 3540
f 3541 3542 3543
f 3544 3545 3546
f 3547 3548 3549
f 3550 3551 3552
f 3553 3554 3555
f 3556 3557 3558
f 3559 3560 3561
f 3562 3563 3564
f 3565 3566 3567
f 3568 3569 3570
f 3571 3572 3573
f 3574 3575 3576
f 3577 3578 3579
f 3580 3581 3582
f 3583 3584 3585
f 3586 3587 3588
f 3589 3590 3591
f 3592 3593 3594
f 3595 3596 3597
f 3598 3599 3600
f 3601 3602 3603
f 3604 3605 3606
f 3607 3608 3609
f 3610 3611 3612
f 3613 3614 3615
f 3616 3617 3618
f 3619 3620 3621
f 3622 3623 3624
f 3625 3626 3627
f 3628 3629 3630
f 3631 3632 3633
f 3634 3635 3636
f 3637 3638 3639
f 3640 3641 3642
f 3643 3644 3645
f 3646 3647 3648
f 3649 3650 3651
f 3652 3653 3654
f 3655 3656 3657
f 3658 3659 3660
f 3661 3662 3663
f 3664 3665 3666
f 3667 3668 3669
f 3670 3671 3672
f 3673 3674 3675
f 3676 3677 3678
f 3679 3680 3681
f 3682 3683 3684
f 3685 3686 3687
f 3688 3689 3690
f 3691 3692 3693
f 3694 3695 3696
f 3697 3698 3699
f 3700 3701 3702
f 3703 3704 3705
f 3706 3707 3708
f 3709 3710 3711
f 3712 3713 3714
f 3715 3716 3717
f 3718 3719 3720
f 3721 3722 3723
f 3724 3725 3726
f 3727 3728 3729
f 3730 3731 3732
f 3733 3734 3735
f 3736 3737 3738
f 3739 3740 3741
f 3742 3743 3744
f 3745 3746 3747
f 3748 3749 3750
f 3751 3752 3753
f 3754 3755 3756
f 3757 3758 3759
f 3760 3761 3762
f 3763 3764 3765
f 3766 3767 3768
f 3769 3770 3771
f 3772 3773 3774
f 3775 3776 3777
f 3778 3779 3780
f 3781 3782 3783
f 3784 3785 3786
f 3787 3788 3789
f 3790 3791 3792
f 3793 3794 3795
f 3796 3797 3798
f 3799 3800 3801
f 3802 3803 3804
f 3805 3806 3807
f 3808 3809 3810
f 3811 3812 3813
f 3814 3815 3816
f 3817 3818 3819
f 3820 3821 3822
f 3823 3824 3825
f 3826 3827 3828
f 3829 3830 3831
f 3832 3833 3834
f 3835 3836 3837
f 3838 3839 3840
f 3841 3842 3843
f 3844 3845 3846
f 3847 3848 3849
f 3850 3851 3852
f 3853 3854 3855
f 3856 3857 3858
f 3859 3860 3861
f 3862 3863 3864
f 3865 3866 3867
f 3868 3869 3870
f 3871 3872 3873
f 3874 3875 3876
f 3877 3878 3879
f 3880 3881 3882
f 3883 3884 3885
f 3886 3887 3888
f 3889 3890 3891
f 3892 3893 3894
f 3895 3896 3897
f 3898 3899 3900
f 3901 3902 3903
f 3904 3905 3906
f 3907 3908 3909
f 3910 3911 3912
f 3913 3914 3915
f 3916 3917 3918
f 3919 3920 3921
f 3922 3923 3924
f 3925 3926 3927
f 3928 3929 3930
f 3931 3932 3933
f 3934 3935 3936
f 3937 3938 3939
f 3940 3941 3942
f 3943 3944 3945
f 3946 3947 3948
f 3949 3950 3951
f 3952 3953 3954
f 3955 3956 3957
f 3958 3959 3960
f 3961 3962 3963
f 3964 3965 3966
f 3967 3968 3969
f 3970 3971 3972
f 3973 3974 3975
f 3976 3977 3978
f 3979 3980 3981
f 3982 3983 3984
f 3985 3986 3987
f 3988 3989 3990
f 3991 3992 3993
f 3994 3995 3996
f 3997 3998 3999
f 4000 4001 4002
f 4003 4004 4005
f 4006 4007 4008
f 4009 4010 4011
f 4012 4013 4014
f 4015 4016 4017
f 4018 4019 4020
f 4021 4022 4023
f 4024 4025 4026
f 4027 4028 4029
f 4030 4031 4032
f 4033 4034 4035
f 4036 4037 4038
f 4039 4040 4041
f 4042 4043 4044
f 4045 4046 4047
f 4048 4049 4050
f 4051 4052 4053
f 4054 4055 4056
f 4057 4058 4059
f 4060 4061 4062
f 4063 4064 4065
f 4066 4067 4068
f 4069 4070 4071
f 4072 4073 4074
f 4075 4076 4077
f 4078 4079 4080
f 4081 4082 4083
f 4084 4085 4086
f 4087 4088 4089
f 4090 4091 4092
f 4093 4094 4095
f 4096 4097 4098
f 4099 4100 4101
f 4102 4103 4104
f 4105 4106 4107
f 4108 4109 4110
f 4111 4112 4113
f 4114 4115 4116
f 4117 4118 4119
f 4120 4121 4122
f 4123 4124 4125
f 4126 4127 4128
f 4129 4130 4131
f 4132 4133 4134
f 4135 4136 4137
f 4138 4139 4140
f 4141 4142 4143
f 4144 4145 4146
f 4147 4148 4149
f 4150 4151 4152
f 4153 4154 4155
f 4156 4157 4158
f 4159 4160 4161
f 4162 4163 4164
f 4165 4166 4167
f 4168 4169 4170
f 4171 4172 4173
f 4174 4175 4176
f 4177 4178 4179
f 4180 4181 4182
f 4183 4184 4185
f 4186 4187 4188
f 4189 4190 4191
f 4192 4193 4194
f 4195 4196 4197
f 4198 4199 4200
f 4201 4202 4203
f 4204 4205 4206
f 4207 4208 4209
f 4210 4211 4212
f 4213 4214 4215
f 4216 4217 4218
f 4219 4220 4221
f 4222 4223 4224
f 4225 4226 4227
f 4228 4229 4230
f 4231 4232 4233
f 4234 4235 4236
f 4237 4238 4239
f 4240 4241 4242
f 4243 4244 4245
f 4246 4247 4248
f 4249 4250 4251
f 4252 4253 4254
f 4255 4256 4257
f 4258 4259 4260
f 4261 4262 4263
f 4264 4265 4266
f 4267 4268 4269
f 4270 4271 4272
f 4273 4274 4275
f 4276 4277 4278
f 4279 4280 4281
f 4282 4283 4284
f 4285 4286 4287
f 4288 4289 4290
f 4291 4292 4293
f 4294 4295 4296
f 4297 4298 4299
f 4300 4301 4302
f 4303 4304 4305
f 4306 4307 4308
f 4309 4310 4311
f 4312 4313 4314
f 4315 4316 4317
f 4318 4319 4320
f 4321 4322 4323
f 4324 4325 4326
f 4327 4328 4329
f 4330 4331 4332
f 4333 4334 4335
f 4336 4337 4338
f 4339 4340 4341
f 4342 4343 4344
f 4345 4346 4347
f 4348 4349 4350
f 4351 4352 4353
f 4354 4355 4356
f 4357 4358 4359
f 4360 4361 4362
f 4363 4364 4365
f 4366 4367 4368
f 4369 4370 4371
f 4372 4373 4374
f 4375 4376 4377
f 4378 4379 4380
f 4381 4382 4383
f 4384 4385 4386
f 4387 4388 4389
f 4390 4391 4392
f 4393 4394 4395
f 4396 4397 4398
f 4399 4400 4401
f 4402 4403 4404
f 4405 4406 4407
f 4408 4409 4410
f 4411 4412 4413
f 4414 4415 4416
f 4417 4418 4419
f 4420 4421 4422
f 4423 4424 4425
f 4426 4427 4428
f 4429 4430 4431
f 4432 4433 4434
f 4435 4436 4437
f 4438 4439 4440
f 4441 4442 4443
f 4444 4445 4446
f 4447 4448 4449
f 4450 4451 4452
f 4453 4454 4455
f 4456 4457 4458
f 4459 4460 4461
f 4462 4463 4464
f 4465 4466 4467
f 4468 4469 4470
f 4471 4472 4473
f 4474 4475 4476
f 4477 4478 4479
f 4480 4481 4482
f 4483 4484 4485
f 4486 4487 4488
f 4489 4490 4491
f 4492 4493 4494
f 4495 4496 4497
f 4498 4499 4500
f 4501 4502 4503
f 4504 4505 4506
f 4507 4508 4509
f 4510 4511 4512
f 4513 4514 4515
f 4516 4517 4518
f 4519 4520 4521
f 4522 4523 4524
f 4525 4526 4527
f 4528 4529 4530
f 4531 4532 4533
f 4534 4535 4536
f 4537 4538 4539
f 4540 4541 4542
f 4543 4544 4545
f 4546 4547 4548
f 4549 4550 4551
f 4552 4553 4554
f 4555 4556 4557
f 4558 4559 4560
f 4561 4562 4563
f 4564 4565 4566
f 4567 4568 4569
f 4570 4571 4572
f 4573 4574 4575
f 4576 4577 4578
f 4579 4580 4581
f 4582 4583 4584
f 4585 4586 4587
f 4588 4589 4590
f 4591 4592 4593
f 4594 4595 4596
f 4597 4598 4599
f 4600 4601 4602
f 4603 4604 4605
f 4606 4607 4608
f 4609 4610 4611
f 4612 4613 4614
f 4615 4616 4617
f 4618 4619 4620
f 4621 4622 4623
f 4624 4625 4626
f 4627 4628 4629
f 4630 4631 4632
f 4633 4634 4635
f 4636 4637 4638
f 4639 4640 4641
f 4642 4643 4644
f 4645 4646 4647
f 4648 4649 4650
f 4651 4652 4653
f 4654 4655 4656
f 4657 4658 4659
f 4660 4661 4662
f 4663 4664 4665
f 4666 4667 4668
f 4669 4670 4671
f 4672 4673 4674
f 4675 4676 4677
f 4678 4679 4680
f 4681 4682 4683
f 4684 4685 4686
f 4687 4688 4689
f 4690 4691 4692
f 4693 4694 4695
f 4696 4697 4698
f 4699 4700 4701
f 4702 4703 4704
f 4705 4706 4707
f 4708 4709 4710
f 4711 4712 4713
f 4714 4715 4716
f 4717 4718 4719
f 4720 4721 4722
f 4723 4724 4725
f 4726 4727 4728
f 4729 4730 4731
f 4732 4733 4734
f 4735 4736 4737
f 4738 4739 4740
f 4741 4742 4743
f 4744 4745 4746
f 4747 4748 4749
f 4750 4751 4752
f 4753 4754 4755
f 4756 4757 4758
f 4759 4760 4761
f 4762 4763 4764
f 4765 4766 4767
f 4768 4769 4770
f 4771 4772 4773
f 4774 4775 4776
f 4777 4778 4779
f 4780 4781 4782
f 4783 4784 4785
f 4786 4787 4788
f 4789 4790 4791
f 4792 4793 4794
f 4795 4796 4797
f 4798 4799 4800
f 4801 4802 4803
f 4804 4805 4806
f 4807 4808 4809
f 4810 4811 4812
f 4813 4814 4815
f 4816 4817 4818
f 4819 4820 4821
f 4822 4823 4824
f 4825 4826 4827
f 4828 4829 4830
f 4831 4832 4833
f 4834 4835 4836
f 4837 4838 4839
f 4840 4841 4842
f 4843 4844 4845
f 4846 4847 4848
f 4849 4850 4851
f 4852 4853 4854
f 4855 4856 4857
f 4858 4859 4860
f 4861 4862 4863
f 4864 4865 4866
f 4867 4868 4869
f 4870 4871 4872
f 4873 4874 4875
f 4876 4877 4878
f 4879 4880 4881
f 4882 4883 4884
f 4885 4886 4887
f 4888 4889 4890
f 4891 4892 4893
f 4894 4895 4896
f 4897 4898 4899
f 4900 4901 4902
f 4903 4904 4905
f 4906 4907 4908
f 4909 4910 4911
f 4912 4913 4914
f 4915 4916 4917
f 4918 4919 4920
f 4921 4922 4923
f 4924 4925 4926
f 4927 4928 4929
f 4930 4931 4932
f 4933 4934 4935
f 4936 4937 4938
f 4939 4940 4941
f 4942 4943 4944
f 4945 4946 4947
f 4948 4949 4950
f 4951 4952 4953
f 4954 4955 4956
f 4957 4958 4959
f 4960 4961 4962
f 4963 4964 4965
f 4966 4967 4968
f 4969 4970 4971
f 4972 4973 4974
f 4975 4976 4977
f 4978 4979 4980
f 4981 4982 4983
f 4984 4985 4986
f 4987 4988 4989
f 4990 4991 4992
f 4993 4994 4995
f 4996 4997 4998
f 4999 5000 5001
f 5002 5003 5004
f 5005 5006 5007
f 5008 5009 5010
f 5011 5012 5013
f 5014 5015 5016
f 5017 5018 5019
f 5020 5021 5022
f 5023 5024 5025
f 5026 5027 5028
f 5029 5030 5031
f 5032 5033 5034
f 5035 5036 5037
f 5038 5039 5040
f 5041 5042 5043
f 5044 5045 5046
f 5047 5048 5049
f 5050 5051 5052
f 5053 5054 5055
f 5056 5057 5058
f 5059 5060 5061
f 5062 5063 5064
f 5065 5066 5067
f 5068 5069 5070
f 5071 5072 5073
f 5074 5075 5076
f 5077 5078 5079
f 5080 5081 5082
f 5083 5084 5085
f 5086 5087 5088
f 5089 5090 5091
f 5092 5093 5094
f 5095 5096 5097
f 5098 5099 5100
f 5101 5102 5103
f 5104 5105 5106
f 5107 5108 5109
f 5110 5111 5112
f 5113 5114 5115
f 5116 5117 5118
f 5119 5120 5121
f 5122 5123 5124
f 5125 5126 5127
f 5128 5129 5130
f 5131 5132 5133
f 5134 5135 5136
f 5137 5138 5139
f 5140 5141 5142
f 5143 5144 5145
f 5146 5147 5148
f 5149 5150 5151
f 5152 5153 5154
f 5155 5156 5157
f 5158 5159 5160
f 5161 5162 5163
f 5164 5165 5166
f 5167 5168 5169
f 5170 5171 5172
f 5173 5174 5175
f 5176 5177 5178
f 5179 5180 5181
f 5182 5183 5184
f 5185 5186 5187
f 5188 5189 5190
f 5191 5192 5193
f 5194 5195 5196
f 5197 5198 5199
f 5200 5201 5202
f 5203 5204 5205
f 5206 5207 5208
f 5209 5210 5211
f 5212 5213 5214
f 5215 5216 5217
f 5218 5219 5220
f 5221 5222 5223
f 5224 5225 5226
f 5227 5228 5229
f 5230 5231 5232
f 5233 5234 5235
f 5236 5237 5238
f 5239 5240 5241
f 5242 5243 5244
f 5245 5246 5247
f 5248 5249 5250
f 5251 5252 5253
f 5254 5255 5256
f 5257 5258 5259
f 5260 5261 5262
f 5263 5264 5265
f 5266 5267 5268
f 5269 5270 5271
f 5272 5273 5274
f 5275 5276 5277
f 5278 5279 5280
f 5281 5282 5283
f 5284 5285 5286
f 5287 5288 5289
f 5290 5291 5292
f 5293 5294 5295
f 5296 5297 5298
f 5299 5300 5301
f 5302 5303 5304
f 5305 5306 5307
f 5308 5309 5310
f 5311 5312 5313
f 5314 5315 5316
f 5317 5318 5319
f 5320 5321 5322
f 5323 5324 5325
f 5326 5327 5328
f 5329 5330 5331
f 5332 5333 5334
f 5335 5336 5337
f 5338 5339 5340
f 5341 5342 5343
f 5344 5345 5346
f 5347 5348 5349
f 5350 5351 5352
f 5353 5354 5355
f 5356 5357 5358
f 5359 5360 5361
f 5362 5363 5364
f 5365 5366 5367
f 5368 5369 5370
f 5371 5372 5373
f 5374 5375 5376
f 5377 5378 5379
f 5380 5381 5382
f 5383 5384 5385
f 5386 5387 5388
f 5389 5390 5391
f 5392 5393 5394
f 5395 5396 5397
f 5398 5399 5400
f 5401 5402 5403
f 5404 5405 5406
f 5407 5408 5409
f 5410 5411 5412
f 5413 5414 5415
f 5416 5417 5418
f 5419 5420 5421
f 5422 5423 5424
f 5425 5426 5427
f 5428 5429 5430
f 5431 5432 5433
f 5434 5435 5436
f 5437 5438 5439
f 5440 5441 5442
f 5443 5444 5445
f 5446 5447 5448
f 5449 5450 5451
f 5452 5453 5454
f 5455 5456 5457
f 5458 5459 5460
f 5461 5462 5463
f 5464 5465 5466
f 5467 5468 5469
f 5470 5471 5472
f 5473 5474 5475
f 5476 5477 5478
f 5479 5480 5481
f 5482 5483 5484
f 5485 5486 5487
f 5488 5489 5490
f 5491 5492 5493
f 5494 5495 5496
f 5497 5498 5499
f 5500 5501 5502
f 5503 5504 5505
f 5506 5507 5508
f 5509 5510 5511
f 5512 5513 5514
f 5515 5516 5517
f 5518 5519 5520
f 5521 5522 5523
f 5524 5525 5526
f 5527 5528 5529
f 5530 5531 5532
f 5533 5534 5535
f 5536 5537 5538
f 5539 5540 5541
f 5542 5543 5544
f 5545 5546 5547
f 5548 5549 5550
f 5551 5552 5553
f 5554 5555 5556
f 5557 5558 5559
f 5560 5561 5562
f 5563 5564 5565
f 5566 5567 5568
f 5569 5570 5571
f 5572 5573 5574
f 5575 5576 5577
f 5578 5579 5580
f 5581 5582 5583
f 5584 5585 5586
f 5587 5588 5589
f 5590 5591 5592
f 5593 5594 5595
f 5596 5597 5598
f 5599 5600 5601
f 5602 5603 5604
f 5605 5606 5607
f 5608 5609 5610
f 5611 5612 5613
f 5614 5615 5616
f 5617 5618 5619
f 5620 5621 5622
f 5623 5624 5625
f 5626 5627 5628
f 5629 5630 5631
f 5632 5633 5634
f 5635 5636 5637
f 5638 5639 5640
f 5641 5642 5643
f 5644 5645 5646
f 5647 5648 5649
f 5650 5651 5652
f 5653 5654 5655
f 5656 5657 5658
f 5659 5660 5661
f 5662 5663 5664
f 5665 5666 5667
f 5668 5669 5670
f 5671 5672 5673
f 5674 5675 5676
f 5677 5678 5679
f 5680 5681 5682
f 5683 5684 5685
f 5686 5687 5688
f 5689 5690 5691
f 5692 5693 5694
f 5695 5696 5697
f 5698 5699 5700
f 5701 5702 5703
f 5704 5705 5706
f 5707 5708 5709
f 5710 5711 5712
f 5713 5714 5715
f 5716 5717 5718
f 5719 5720 5721
f 5722 5723 5724
f 5725 5726 5727
f 5728 5729 5730
f 5731 5732 5733
f 5734 5735 5736
f 5737 5738 5739
f 5740 5741 5742
f 5743 5744 5745
f 5746 5747 5748
f 5749 5750 5751
f 5752 5753 5754
f 5755 5756 5757
f 5758 5759 5760
f 5761 5762 5763
f 5764 5765 5766
f 5767 5768 5769
f 5770 5771 5772
f 5773 5774 5775
f 5776 5777 5778
f 5779 5780 5781
f 5782 5783 5784
f 5785 5786 5787
f 5788 5789 5790
f 5791 5792 5793
f 5794 5795 5796
f 5797 5798 5799
f 5800 5801 5802
f 5803 5804 5805
f 5806 5807 5808
f 5809 5810 5811
f 5812 5813 5814
f 5815 5816 5817
f 5818 5819 5820
f 5821 5822 5823
f 5824 5825 5826
f 5827 5828 5829
f 5830 5831 5832
f 5833 5834 5835
f 5836 5837 5838
f 5839 5840 5841
f 5842 5843 5844
f 5845 5846 5847
f 5848 5849 5850
f 5851 5852 5853
f 5854 5855 5856
f 5857 5858 5859
f 5860 5861 5862
f 5863 5864 5865
f 5866 5867 5868
f 5869 5870 5871
f 5872 5873 5874
f 5875 5876 5877
f 5878 5879 5880
f 5881 5882 5883
f 5884 5885 5886
f 5887 5888 5889
f 5890 5891 5892
f 5893 5894 5895
f 5896 5897 5898
f 5899 5900 5901
f 5902 5903 5904
f 5905 5906 5907
f 5908 5909 5910
f 5911 5912 5913
f 5914 5915 5916
f 5917 5918 5919
f 5920 5921 5922
f 5923 5924 5925
f 5926 5927 5928
f 5929 5930 5931
f 5932 5933 5934
f 5935 5936 5937
f 5938 5939 5940
f 5941 5942 5943
f 5944 5945 5946
f 5947 5948 5949
f 5950 5951 5952
f 5953 5954 5955
f 5956 5957 5958
f 5959 5960 5961
f 5962 5963 5964
f 5965 5966 5967
f 5968 5969 5970
f 5971 5972 5973
f 5974 5975 5976
f 5977 5978 5979
f 5980 5981 5982
f 5983 5984 5985
f 5986 5987 5988
f 5989 5990 5991
f 5992 5993 5994
f 5995 5996 5997
f 5998 5999 6000
f 6001 6002 6003
f 6004 6005 6006
f 6007 6008 6009
f 6010 6011 6012
f 6013 6014 6015
f 6016 6017 6018
f 6019 6020 6021
f 6022 6023 6024
f 6025 6026 6027
f 6028 6029 6030
f 6031 6032 6033
f 6034 6035 6036
f 6037 6038 6039
f 6040 6041 6042
f 6043 6044 6045
f 6046 6047 6048
f 6049 6050 6051
f 6052 6053 6054
f 6055 6056 6057
f 6058 6059 6060
f 6061 6062 6063
f 6064 6065 6066
f 6067 6068 6069
f 6070 6071 6072
f 6073 6074 6075
f 6076 6077 6078
f 6079 6080 6081
f 6082 6083 6084
f 6085 6086 6087
f 6088 6089 6090
f 6091 6092 6093
f 6094 6095 6096
f 6097 6098 6099
f 6100 6101 6102
f 6103 6104 6105
f 6106 6107 6108
f 6109 6110 6111
f 6112 6113 6114
f 6115 6116 6117
f 6118 6119 6120
f 6121 6122 6123
f 6124 6125 6126
f 6127 6128 6129
f 6130 6131 6132
f 6133 6134 6135
f 6136 6137 6138
f 6139 6140 6141
f 6142 6143 6144
f 6145 6146 6147
f 6148 6149 6150
f 6151 6152 6153
f 6154 6155 6156
f 6157 6158 6159
f 6160 6161 6162
f 6163 6164 6165
f 6166 6167 6168
f 6169 6170 6171
f 6172 6173 6174
f 6175 6176 6177
f 6178 6179 6180
f 6181 6182 6183
f 6184 6185 6186
f 6187 6188 6189
f 6190 6191 6192
f 6193 6194 6195
f 6196 6197 6198
f 6199 6200 6201
f 6202 6203 6204
f 6205 6206 6207
f 6208 6209 6210
f 6211 6212 6213
f 6214 6215 6216
f 6217 6218 6219
f 6220 6221 6222
f 6223 6224 6225
f 6226 6227 6228
f 6229 6230 6231
f 6232 6233 6234
f 6235 6236 6237
f 6238 6239 6240
f 6241 6242 6243
f 6244 6245 6246
f 6247 6248 6249
f 6250 6251 6252
f 6253 6254 6255
f 6256 6257 6258
f 6259 6260 6261
f 6262 6263 6264
f 6265 6266 6267
f 6268 6269 6270
f 6271 6272 6273
f 6274 6275 6276
f 6277 6278 6279
f 6280 6281 6282
f 6283 6284 6285
f 6286 6287 6288
f 6289 6290 6291
f 6292 6293 6294
f 6295 6296 6297
f 6298 6299 6300
f 6301 6302 6303
f 6304 6305 6306
f 6307 6308 6309
f 6310 6311 6312
f 6313 6314 6315
f 6316 6317 6318
f 6319 6320 6321
f 6322 6323 6324
f 6325 6326 6327
f 6328 6329 6330
f 6331 6332 6333
f 6334 6335 6336
f 6337 6338 6339
f 6340 6341 6342
f 6343 6344 6345
f 6346 6347 6348
f 6349 6350 6351
f 6352 6353 6354
f 6355 6356 6357
f 6358 6359 6360
f 6361 6362 6363
f 6364 6365 6366
f 6367 6368 6369
f 6370 6371 6372
f 6373 6374 6375
f 6376 6377 6378
f 6379 6380 6381
f 6382 6383 6384
f 6385 6386 6387
f 6388 6389 6390
f 6391 6392 6393
f 6394 6395 6396
f 6397 6398 6399
f 6400 6401 6402
f 6403 6404 6405
f 6406 6407 6408
f 6409 6410 6411
f 6412 6413 6414
f 6415 6416 6417
f 6418 6419 6420
f 6421 6422 6423
f 6424 6425 6426
f 6427 6428 6429
f 6430 6431 6432
f 6433 6434 6435
f 6436 6437 6438
f 6439 6440 6441
f 6442 6443 6444
f 6445 6446 6447
f 6448 6449 6450
f 6451 6452 6453
f 6454 6455 6456
f 6457 6458 6459
f 6460 6461 6462
f 6463 6464 6465
f 6466 6467 6468
f 6469 6470 6471
f 6472 6473 6474
f 6475 6476 6477
f 6478 6479 6480
f 6481 6482 6483
f 6484 6485 6486
f 6487 6488 6489
f 6490 6491 6492
f 6493 6494 6495
f 6496 6497 6498
f 6499 6500 6501
f 6502 6503 6504
f 6505 6506 6507
f 6508 6509 6510
f 6511 6512 6513
f 6514 6515 6516
f 6517 6518 6519
f 6520 6521 6522
f 6523 6524 6525
f 6526 6527 6528
f 6529 6530 6531
f 6532 6533 6534
f 6535 6536 6537
f 6538 6539 6540
f 6541 6542 6543
f 6544 6545 6546
f 6547 6548 6549
f 6550 6551 6552
f 6553 6554 6555
f 6556 6557 6558
f 6559 6560 6561
f 6562 6563 6564
f 6565 6566 6567
f 6568 6569 6570
f 6571 6572 6573
f 6574 6575 6576
f 6577 6578 6579
f 6580 6581 6582
f 6583 6584 6585
f 6586 6587 6588
f 6589 6590 6591
f 6592 6593 6594
f 6595 6596 6597
f 6598 6599 6600
f 6601 6602 6603
f 6604 6605 6606
f 6607 6608 6609
f 6610 6611 6612
f 6613 6614 6615
f 6616 6617 6618
f 6619 6620 6621
f 6622 6623 6624
f 6625 6626 6627
f 6628 6629 6630
f 6631 6632 6633
f 6634 6635 6636
f 6637 6638 6639
f 6640 6641 6642
f 6643 6644 6645
f 6646 6647 6648
f 6649 6650 6651
f 6652 6653 6654
f 6655 6656 6657
f 6658 6659 6660
f 6661 6662 6663
f 6664 6665 6666
f 6667 6668 6669
f 6670 6671 6672
f 6673 6674 6675
f 6676 6677 6678
f 6679 6680 6681
f 6682 6683 6684
f 6685 6686 6687
f 6688 6689 6690
f 6691 6692 6693
f 6694 6695 6696
f 6697 6698 6699
f 6700 6701 6702
f 6703 6704 6705
f 6706 6707 6708
f 6709 6710 6711
f 6712 6713 6714
f 6715 6716 6717
f 6718 6719 6720
f 6721 6722 6723
f 6724 6725 6726
f 6727 6728 6729
f 6730 6731 6732
f 6733 6734 6735
f 6736 6737 6738
f 6739 6740 6741
f 6742 6743 6744
f 6745 6746 6747
f 6748 6749 6750
f 6751 6752 6753
f 6754 6755 6756
f 6757 6758 6759
f 6760 6761 6762
f 6763 6764 6765
f 6766 6767 6768
f 6769 6770 6771
f 6772 6773 6774
f 6775 6776 6777
f 6778 6779 6780
f 6781 6782 6783
f 6784 6785 6786
f 6787 6788 6789
f 6790 6791 6792
f 6793 6794 6795
f 6796 6797 6798
f 6799 6800 6801
f 6802 6803 6804
f 6805 6806 6807
f 6808 6809 6810
f 6811 6812 6813
f 6814 6815 6816
f 6817 6818 6819
f 6820 6821 6822
f 6823 6824 6825
f 6826 6827 6828
f 6829 6830 6831
f 6832 6833 6834
f 6835 6836 6837
f 6838 6839 6840
f 6841 6842 6843
f 6844 6845 6846
f 6847 6848 6849
f 6850 6851 6852
f 6853 6854 6855
f 6856 6857 6858
f 6859 6860 6861
f 6862 6863 6864
f 6865 6866 6867
f 6868 6869 6870
f 6871 6872 6873
f 6874 6875 6876
f 6877 6878 6879
f 6880 6881 6882
f 6883 6884 6885
f 6886 6887 6888
f 6889 6890 6891
f 6892 6893 6894
f 6895 6896 6897
f 6898 6899 6900
f 6901 6902 6903
f 6904 6905 6906
f 6907 6908 6909
f 6910 6911 6912
f 6913 6914 6915
f 6916 6917 6918
f 6919 6920 6921
f 6922 6923 6924
f 6925 6926 6927
f 6928 6929 6930
f 6931 6932 6933
f 6934 6935 6936
f 6937 6938 6939
f 6940 6941 6942
f 6943 6944 6945
f 6946 6947 6948
f 6949 6950 6951
f 6952 6953 6954
f 6955 6956 6957
f 6958 6959 6960
f 6961 6962 6963
f 6964 6965 6966
f 6967 6968 6969
f 6970 6971 6972
f 6973 6974 6975
f 6976 6977 6978
f 6979 6980 6981
f 6982 6983 6984
f 6985 6986 6987
f 6988 6989 6990
f 6991 6992 6993
f 6994 6995 6996
f 6997 6998 6999
f 7000 7001 7002
f 7003 7004 7005
f 7006 7007 7008
f 7009 7010 7011
f 7012 7013 7014
f 7015 7016 7017
f 7018 7019 7020
f 7021 7022 7023
f 7024 7025 7026
f 7027 7028 7029
f 7030 7031 7032
f 7033 7034 7035
f 7036 7037 7038
f 7039 7040 7041
f 7042 7043 7044
f 7045 7046 7047
f 7048 7049 7050
f 7051 7052 7053
f 7054 7055 7056
f 7057 7058 7059
f 7060 7061 7062
f 7063 7064 7065
f 7066 7067 7068
f 7069 7070 7071
f 7072 7073 7074
f 7075 7076 7077
f 7078 7079 7080
f 7081 7082 7083
f 7084 7085 7086
f 7087 7088 7089
f 7090 7091 7092
f 7093 7094 7095
f 7096 7097 7098
f 7099 7100 7101
f 7102 7103 7104
f 7105 7106 7107
f 7108 7109 7110
f 7111 7112 7113
f 7114 7115 7116
f 7117 7118 7119
f 7120 7121 7122
f 7123 7124 7125
f 7126 7127 7128
f 7129 7130 7131
f 7132 7133 7134
f 7135 7136 7137
f 7138 7139 7140
f 7141 7142 7143
f 7144 7145 7146
f 7147 7148 7149
f 7150 7151 7152
f 7153 7154 7155
f 7156 7157 7158
f 7159 7160 7161
f 7162 7163 7164
f 7165 7166 7167
f 7168 7169 7170
f 7171 7172 7173
f 7174 7175 7176
f 7177 7178 7179
f 7180 7181 7182
f 7183 7184 7185
f 7186 7187 7188
f 7189 7190 7191
f 7192 7193 7194
f 7195 7196 7197
f 7198 7199 7200
f 7201 7202 7203
f 7204 7205 7206
f 7207 7208 7209
f 7210 7211 7212
f 7213 7214 7215
f 7216 7217 7218
f 7219 7220 7221
f 7222 7223 7224
f 7225 7226 7227
f 7228 7229 7230
f 7231 7232 7233
f 7234 7235 7236
f 7237 7238 7239
f 7240 7241 7242
f 7243 7244 7245
f 7246 7247 7248
f 7249 7250 7251
f 7252 7253 7254
f 7255 7256 7257
f 7258 7259 7260
f 7261 7262 7263
f 7264 7265 7266
f 7267 7268 7269
f 7270 7271 7272
f 7273 7274 7275
f 7276 7277 7278
f 7279 7280 7281
f 7282 7283 7284
f 7285 7286 7287
f 7288 7289 7290
f 7291 7292 7293
f 7294 7295 7296
f 7297 7298 7299
f 7300 7301 7302
f 7303 7304 7305
f 7306 7307 7308
f 7309 7310 7311
f 7312 7313 7314
f 7315 7316 7317
f 7318 7319 7320
f 7321 7322 7323
f 7324 7325 7326
f 7327 7328 7329
f 7330 7331 7332
f 7333 7334 7335
f 7336 7337 7338
f 7339 7340 7341
f 7342 7343 7344
f 7345 7346 7347
f 7348 7349 7350
f 7351 7352 7353
f 7354 7355 7356
f 7357 7358 7359
f 7360 7361 7362
f 7363 7364 7365
f 7366 7367 7368
f 7369 7370 7371
f 7372 7373 7374
f 7375 7376 7377
f 7378 7379 7380
f 7381 7382 7383
f 7384 7385 7386
f 7387 7388 7389
f 7390 7391 7392
f 7393 7394 7395
f 7396 7397 7398
f 7399 7400 7401
f 7402 7403 7404
f 7405 7406 7407
f 7408 7409 7410
f 7411 7412 7413
f 7414 7415 7416
f 7417 7418 7419
f 7420 7421 7422
f 7423 7424 7425
f 7426 7427 7428
f 7429 7430 7431
f 7432 7433 7434
f 7435 7436 7437
f 7438 7439 7440
f 7441 7442 7443
f 7444 7445 7446
f 7447 7448 7449
f 7450 7451 7452
f 7453 7454 7455
f 7456 7457 7458
f 7459 7460 7461
f 7462 7463 7464
f 7465 7466 7467
f 7468 7469 7470
f 7471 7472 7473
f 7474 7475 7476
f 7477 7478 7479
f 7480 7481 7482
f 7483 7484 7485
f 7486 7487 7488
f 7489 7490 7491
f 7492 7493 7494
f 7495 7496 7497
f 7498 7499 7500
f 7501 7502 7503
f 7504 7505 7506
f 7507 7508 7509
f 7510 7511 7512
f 7513 7514 7515
f 7516 7517 7518
f 7519 7520 7521
f 7522 7523 7524
f 7525 7526 7527
f 7528 7529 7530
f 7531 7532 7533
f 7534 7535 7536
f 7537 7538 7539
f 7540 7541 7542
f 7543 7544 7545
f 7546 7547 7548
f 7549 7550 7551
f 7552 7553 7554
f 7555 7556 7557
f 7558 7559 7560
f 7561 7562 7563
f 7564 7565 7566
f 7567 7568 7569
f 7570 7571 7572
f 7573 7574 7575
f 7576 7577 7578
f 7579 7580 7581
f 7582 7583 7584
f 7585 7586 7587
f 7588 7589 7590
f 7591 7592 7593
f 7594 7595 7596
f 7597 7598 7599
f 7600 7601 7602
f 7603 7604 7605
f 7606 7607 7608
f 7609 7610 7611
f 7612 7613 7614
f 7615 7616 7617
f 7618 7619 7620
f 7621 7622 7623
f 7624 7625 7626
f 7627 7628 7629
f 7630 7631 7632
f 7633 7634 7635
f 7636 7637 7638
f 7639 7640 7641
f 7642 7643 7644
f 7645 7646 7647
f 7648 7649 7650
f 7651 7652 7653
f 7654 7655 7656
f 7657 7658 7659
f 7660 7661 7662
f 7663 7664 7665
f 7666 7667 7668
f 7669 7670 7671
f 7672 7673 7674
f 7675 7676 7677
f 7678 7679 7680
f 7681 7682 7683
f 7684 7685 7686
f 7687 7688 7689
f 7690 7691 7692
f 7693 7694 7695
f 7696 7697 7698
f 7699 7700 7701
f 7702 7703 7704
f 7705 7706 7707
f 7708 7709 7710
f 7711 7712 7713
f 7714 7715 7716
f 7717 7718 7719
f 7720 7721 7722
f 7723 7724 7725
f 7726 7727 7728
f 7729 7730 7731
f 7732 7733 7734
f 7735 7736 7737
f 7738 7739 7740
f 7741 7742 7743
f 7744 7745 7746
f 7747 7748 7749
f 7750 7751 7752
f 7753 7754 7755
f 7756 7757 7758
f 7759 7760 7761
f 7762 7763 7764
f 7765 7766 7767
f 7768 7769 7770
f 7771 7772 7773
f 7774 7775 7776
f 7777 7778 7779
f 7780 7781 7782
f 7783 7784 7785
f 7786 7787 7788
f 7789 7790 7791
f 7792 7793 7794
f 7795 7796 7797
f 7798 7799 7800
f 7801 7802 7803
f 7804 7805 7806
f 7807 7808 7809
f 7810 7811 7812
f 7813 7814 7815
f 7816 7817 7818
f 7819 7820 7821
f 7822 7823 7824
f 7825 7826 7827
f 7828 7829 7830
f 7831 7832 7833
f 7834 7835 7836
f 7837 7838 7839
f 7840 7841 7842
f 7843 7844 7845
f 7846 7847 7848
f 7849 7850 7851
f 7852 7853 7854
f 7855 7856 7857
f 7858 7859 7860
f 7861 7862 7863
f 7864 7865 7866
f 7867 7868 7869
f 7870 7871 7872
f 7873 7874 7875
f 7876 7877 7878
f 7879 7880 7881
f 7882 7883 7884
f 7885 7886 7887
f 7888 7889 7890
f 7891 7892 7893
f 7894 7895 7896
f 7897 7898 7899
f 7900 7901 7902
f 7903 7904 7905
f 7906 7907 7908
f 7909 7910 7911
f 7912 7913 7914
f 7915 7916 7917
f 7918 7919 7920
f 7921 7922 7923
f 7924 7925 7926
f 7927 7928 7929
f 7930 7931 7932
f 7933 7934 7935
f 7936 7937 7938
f 7939 7940 7941
f 7942 7943 7944
f 7945 7946 7947
f 7948 7949 7950
f 7951 7952 7953
f 7954 7955 7956
f 7957 7958 7959
f 7960 7961 7962
f 7963 7964 7965
f 7966 7967 7968
f 7969 7970 7971
f 7972 7973 7974
f 7975 7976 7977
f 7978 7979 7980
f 7981 7982 7983
f 7984 7985 7986
f 7987 7988 7989
f 7990 7991 7992
f 7993 7994 7995
f 7996 7997 7998
f 7999 8000 8001
f 8002 8003 8004
f 8005 8006 8007
f 8008 8009 8010
f 8011 8012 8013
f 8014 8015 8016
f 8017 8018 8019
f 8020 8021 8022
f 8023 8024 8025
f 8026 8027 8028
f 8029 8030 8031
f 8032 8033 8034
f 8035 8036 8037
f 8038 8039 8040
f 8041 8042 8043
f 8044 8045 8046
f 8047 8048 8049
f 8050 8051 8052
f 8053 8054 8055
f 8056 8057 8058
f 8059 8060 8061
f 8062 8063 8064
f 8065 8066 8067
f 8068 8069 8070
f 8071 8072 8073
f 8074 8075 8076
f 8077 8078 8079
f 8080 8081 8082
f 8083 8084 8085
f 8086 8087 8088
f 8089 8090 8091
f 8092 8093 8094
f 8095 8096 8097
f 8098 8099 8100
f 8101 8102 8103
f 8104 8105 8106
f 8107 8108 8109
f 8110 8111 8112
f 8113 8114 8115
f 8116 8117 8118
f 8119 8120 8121
f 8122 8123 8124
f 8125 8126 8127
f 8128 8129 8130
f 8131 8132 8133
f 8134 8135 8136
f 8137 8138 8139
f 8140 8141 8142
f 8143 8144 8145
f 8146 8147 8148
f 8149 8150 8151
f 8152 8153 8154
f 8155 8156 8157
f 8158 8159 8160
f 8161 8162 8163
f 8164 8165 8166
f 8167 8168 8169
f 8170 8171 8172
f 8173 8174 8175
f 8176 8177 8178
f 8179 8180 8181
f 8182 8183 8184
f 8185 8186 8187
f 8188 8189 8190
f 8191 8192 8193
f 8194 8195 8196
f 8197 8198 8199
f 8200 8201 8202
f 8203 8204 8205
f 8206 8207 8208
f 8209 8210 8211
f 8212 8213 8214
f 8215 8216 8217
f 8218 8219 8220
f 8221 8222 8223
f 8224 8225 8226
f 8227 8228 8229
f 8230 8231 8232
f 8233 8234 8235
f 8236 8237 8238
f 8239 8240 8241
f 8242 8243 8244
f 8245 8246 8247
f 8248 8249 8250
f 8251 8252 8253
f 8254 8255 8256
f 8257 8258 8259
f 8260 8261 8262
f 8263 8264 8265
f 8266 8267 8268
f 8269 8270 8271
f 8272 8273 8274
f 8275 8276 8277
f 8278 8279 8280
f 8281 8282 8283
f 8284 8285 8286
f 8287 8288 8289
f 8290 8291 8292
f 8293 8294 8295
f 8296 8297 8298
f 8299 8300 8301
f 8302 8303 8304
f 8305 8306 8307
f 8308 8309 8310
f 8311 8312 8313
f 8314 8315 8316
f 8317 8318 8319
f 8320 8321 8322
f 8323 8324 8325
f 8326 8327 8328
f 8329 8330 8331
f 8332 8333 8334
f 8335 8336 8337
f 8338 8339 8340
f 8341 8342 8343
f 8344 8345 8346
f 8347 8348 8349
f 8350 8351 8352
f 8353 8354 8355
f 8356 8357 8358
f 8359 8360 8361
f 8362 8363 8364
f 8365 8366 8367
f 8368 8369 8370
f 8371 8372 8373
f 8374 8375 8376
f 8377 8378 8379
f 8380 8381 8382
f 8383 8384 8385
f 8386 8387 8388
f 8389 8390 8391
f 8392 8393 8394
f 8395 8396 8397
f 8398 8399 8400
f 8401 8402 8403
f 8404 8405 8406
f 8407 8408 8409
f 8410 8411 8412
f 8413 8414 8415
f 8416 8417 8418
f 8419 8420 8421
f 8422 8423 8424
f 8425 8426 8427
f 8428 8429 8430
f 8431 8432 8433
f 8434 8435 8436
f 8437 8438 8439
f 8440 8441 8442
f 8443 8444 8445
f 8446 8447 8448
f 8449 8450 8451
f 8452 8453 8454
f 8455 8456 8457
f 8458 8459 8460
f 8461 8462 8463
f 8464 8465 8466
f 8467 8468 8469
f 8470 8471 8472
f 8473 8474 8475
f 8476 8477 8478
f 8479 8480 8481
f 8482 8483 8484
f 8485 8486 8487
f 8488 8489 8490
f 8491 8492 8493
f 8494 8495 8496
f 8497 8498 8499
f 8500 8501 8502
f 8503 8504 8505
f 8506 8507 8508
f 8509 8510 8511
f 8512 8513 8514
f 8515 8516 8517
f 8518 8519 8520
f 8521 8522 8523
f 8524 8525 8526
f 8527 8528 8529
f 8530 8531 8532
f 8533 8534 8535
f 8536 8537 8538
f 8539 8540 8541
f 8542 8543 8544
f 8545 8546 8547
f 8548 8549 8550
f 8551 8552 8553
f 8554 8555 8556
f 8557 8558 8559
f 8560 8561 8562
f 8563 8564 8565
f 8566 8567 8568
f 8569 8570 8571
f 8572 8573 8574
f 8575 8576 8577
f 8578 8579 8580
f 8581 8582 8583
f 8584 8585 8586
f 8587 8588 8589
f 8590 8591 8592
f 8593 8594 8595
f 8596 8597 8598
f 8599 8600 8601
f 8602 8603 8604
f 8605 8606 8607
f 8608 8609 8610
f 8611 8612 8613
f 8614 8615 8616
f 8617 8618 8619
f 8620 8621 8622
f 8623 8624 8625
f 8626 8627 8628
f 8629 8630 8631
f 8632 8633 8634
f 8635 8636 8637
f 8638 8639 8640
f 8641 8642 8643
f 8644 8645 8646
f 8647 8648 8649
f 8650 8651 8652
f 8653 8654 8655
f 8656 8657 8658
f 8659 8660 8661
f 8662 8663 8664
f 8665 8666 8667
f 8668 8669 8670
f 8671 8672 8673
f 8674 8675 8676
f 8677 8678 8679
f 8680 8681 8682
f 8683 8684 8685
f 8686 8687 8688
f 8689 8690 8691
f 8692 8693 8694
f 8695 8696 8697
f 8698 8699 8700
f 8701 8702 8703
f 8704 8705 8706
f 8707 8708 8709
f 8710 8711 8712
f 8713 8714 8715
f 8716 8717 8718
f 8719 8720 8721
f 8722 8723 8724
f 8725 8726 8727
f 8728 8729 8730
f 8731 8732 8733
f 8734 8735 8736
f 8737 8738 8739
f 8740 8741 8742
f 8743 8744 8745
f 8746 8747 8748
f 8749 8750 8751
f 8752 8753 8754
f 8755 8756 8757
f 8758 8759 8760
f 8761 8762 8763
f 8764 8765 8766
f 8767 8768 8769
f 8770 8771 8772
f 8773 8774 8775
f 8776 8777 8778
f 8779 8780 8781
f 8782 8783 8784
f 8785 8786 8787
f 8788 8789 8790
f 8791 8792 8793
f 8794 8795 8796
f 8797 8798 8799
f 8800 8801 8802
f 8803 8804 8805
f 8806 8807 8808
f 8809 8810 8811
f 8812 8813 8814
f 8815 8816 8817
f 8818 8819 8820
f 8821 8822 8823
f 8824 8825 8826
f 8827 8828 8829
f 8830 8831 8832
f 8833 8834 8835
f 8836 8837 8838
f 8839 8840 8841
f 8842 8843 8844
f 8845 8846 8847
f 8848 8849 8850
f 8851 8852 8853
f 8854 8855 8856
f 8857 8858 8859
f 8860 8861 8862
f 8863 8864 8865
f 8866 8867 8868
f 8869 8870 8871
f 8872 8873 8874
f 8875 8876 8877
f 8878 8879 8880
f 8881 8882 8883
f 8884 8885 8886
f 8887 8888 8889
f 8890 8891 8892
f 8893 8894 8895
f 8896 8897 8898
f 8899 8900 8901
f 8902 8903 8904
f 8905 8906 8907
f 8908 8909 8910
f 8911 8912 8913
f 8914 8915 8916
f 8917 8918 8919
f 8920 8921 8922
f 8923 8924 8925
f 8926 8927 8928
f 8929 8930 8931
f 8932 8933 8934
f 8935 8936 8937
f 8938 8939 8940
f 8941 8942 8943
f 8944 8945 8946
f 8947 8948 8949
f 8950 8951 8952
f 8953 8954 8955
f 8956 8957 8958
f 8959 8960 8961
f 8962 8963 8964
f 8965 8966 8967
f 8968 8969 8970
f 8971 8972 8973
f 8974 8975 8976
f 8977 8978 8979
f 8980 8981 8982
f 8983 8984 8985
f 8986 8987 8988
f 8989 8990 8991
f 8992 8993 8994
f 8995 8996 8997
f 8998 8999 9000
f 9001 9002 9003
f 9004 9005 9006
f 9007 9008 9009
f 9010 9011 9012
f 9013 9014 9015
f 9016 9017 9018
f 9019 9020 9021
f 9022 9023 9024
f 9025 9026 9027
f 9028 9029 9030
f 9031 9032 9033
f 9034 9035 9036
f 9037 9038 9039
f 9040 9041 9042
f 9043 9044 9045
f 9046 9047 9048
f 9049 9050 9051
f 9052 9053 9054
f 9055 9056 9057
f 9058 9059 9060
f 9061 9062 9063
f 9064 9065 9066
f 9067 9068 9069
f 9070 9071 9072
f 9073 9074 9075
f 9076 9077 9078
f 9079 9080 9081
f 9082 9083 9084
f 9085 9086 9087
f 9088 9089 9090
f 9091 9092 9093
f 9094 9095 9096
f 9097 9098 9099
f 9100 9101 9102
f 9103 9104 9105
f 9106 9107 9108
f 9109 9110 9111
f 9112 9113 9114
f 9115 9116 9117
f 9118 9119 9120
f 9121 9122 9123
f 9124 9125 9126
f 9127 9128 9129
f 9130 9131 9132
f 9133 9134 9135
f 9136 9137 9138
f 9139 9140 9141
f 9142 9143 9144
f 9145 9146 9147
f 9148 9149 9150
f 9151 9152 9153
f 9154 9155 9156
f 9157 9158 9159
f 9160 9161 9162
f 9163 9164 9165
f 9166 9167 9168
f 9169 9170 9171
f 9172 9173 9174
f 9175 9176 9177
f 9178 9179 9180
f 9181 9182 9183
f 9184 9185 9186
f 9187 9188 9189
f 9190 9191 9192
f 9193 9194 9195
f 9196 9197 9198
f 9199 9200 9201
f 9202 9203 9204
f 9205 9206 9207
f 9208 9209 9210
f 9211 9212 9213
f 9214 9215 9216
f 9217 9218 9219
f 9220 9221 9222
f 9223 9224 9225
f 9226 9227 9228
f 9229 9230 9231
f 9232 9233 9234
f 9235 9236 9237
f 9238 9239 9240
f 9241 9242 9243
f 9244 9245 9246
f 9247 9248 9249
f 9250 9251 9252
f 9253 9254 9255
f 9256 9257 9258
f 9259 9260 9261
f 9262 9263 9264
f 9265 9266 9267
f 9268 9269 9270
f 9271 9272 9273
f 9274 9275 9276
f 9277 9278 9279
f 9280 9281 9282
f 9283 9284 9285
f 9286 9287 9288
f 9289 9290 9291
f 9292 9293 9294
f 9295 9296 9297
f 9298 9299 9300
f 9301 9302 9303
f 9304 9305 9306
f 9307 9308 9309
f 9310 9311 9312
f 9313 9314 9315
f 9316 9317 9318
f 9319 9320 9321
f 9322 9323 9324
f 9325 9326 9327
f 9328 9329 9330
f 9331 9332 9333
f 9334 9335 9336
f 9337 9338 9339
f 9340 9341 9342
f 9343 9344 9345
f 9346 9347 9348
f 9349 9350 9351
f 9352 9353 9354
f 9355 9356 9357
f 9358 9359 9360
f 9361 9362 9363
f 9364 9365 9366
f 9367 9368 9369
f 9370 9371 9372
f 9373 9374 9375
f 9376 9377 9378
f 9379 9380 9381
f 9382 9383 9384
f 9385 9386 9387
f 9388 9389 9390
f 9391 9392 9393
f 9394 9395 9396
f 9397 9398 9399
f 9400 9401 9402
f 9403 9404 9405
f 9406 9407 9408
f 9409 9410 9411
f 9412 9413 9414
f 9415 9416 9417
f 9418 9419 9420
f 9421 9422 9423
f 9424 9425 9426
f 9427 9428 9429
f 9430 9431 9432
f 9433 9434 9435
f 9436 9437 9438
f 9439 9440 9441
f 9442 9443 9444
f 9445 9446 9447
f 9448 9449 9450
f 9451 9452 9453
f 9454 9455 9456
f 9457 9458 9459
f 9460 9461 9462
f 9463 9464 9465
f 9466 9467 9468
f 9469 9470 9471
f 9472 9473 9474
f 9475 9476 9477
f 9478 9479 9480
f 9481 9482 9483
f 9484 9485 9486
f 9487 9488 9489
f 9490 9491 9492
f 9493 9494 9495
f 9496 9497 9498
f 9499 9500 9501
f 9502 9503 9504
f 9505 9506 9507
f 9508 9509 9510
f 9511 9512 9513
f 9514 9515 9516
f 9517 9518 9519
f 9520 9521 9522
f 9523 9524 9525
f 9526 9527 9528
f 9529 9530 9531
f 9532 9533 9534
f 9535 9536 9537
f 9538 9539 9540
f 9541 9542 9543
f 9544 9545 9546
f 9547 9548 9549
f 9550 9551 9552
f 9553 9554 9555
f 9556 9557 9558
f 9559 9560 9561
f 9562 9563 9564
f 9565 9566 9567
f 9568 9569 9570
f 9571 9572 9573
f 9574 9575 9576
f 9577 9578 9579
f 9580 9581 9582
f 9583 9584 9585
f 9586 9587 9588
f 9589 9590 9591
f 9592 9593 9594
f 9595 9596 9597
f 9598 9599 9600
f 9601 9602 9603
f 9604 9605 9606
f 9607 9608 9609
f 9610 9611 9612
f 9613 9614 9615
f 9616 9617 9618
f 9619 9620 9621
f 9622 9623 9624
f 9625 9626 9627
f 9628 9629 9630
f 9631 9632 9633
f 9634 9635 9636
f 9637 9638 9639
f 9640 9641 9642
f 9643 9644 9645
f 9646 9647 9648
f 9649 9650 9651
f 9652 9653 9654
f 9655 9656 9657
f 9658 9659 9660
f 9661 9662 9663
f 9664 9665 9666
f 9667 9668 9669
f 9670 9671 9672
f 9673 9674 9675
f 9676 9677 9678
f 9679 9680 9681
f 9682 9683 9684
f 9685 9686 9687
f 9688 9689 9690
f 9691 9692 9693
f 9694 9695 9696
f 9697 9698 9699
f 9700 9701 9702
f 9703 9704 9705
f 9706 9707 9708
f 9709 9710 9711
f 9712 9713 9714
f 9715 9716 9717
f 9718 9719 9720
f 9721 9722 9723
f 9724 9725 9726
f 9727 9728 9729
f 9730 9731 9732
f 9733 9734 9735
f 9736 9737 9738
f 9739 9740 9741
f 9742 9743 9744
f 9745 9746 9747
f 9748 9749 9750
f 9751 9752 9753
f 9754 9755 9756
f 9757 9758 9759
f 9760 9761 9762
f 9763 9764 9765
f 9766 9767 9768
f 9769 9770 9771
f 9772 9773 9774
f 9775 9776 9777
f 9778 9779 9780
f 9781 9782 9783
f 9784 9785 9786
f 9787 9788 9789
f 9790 9791 9792
f 9793 9794 9795
f 9796 9797 9798
f 9799 9800 9801
f 9802 9803 9804
f 9805 9806 9807
f 9808 9809 9810
f 9811 9812 9813
f 9814 9815 9816
f 9817 9818 9819
f 9820 9821 9822
f 9823 9824 9825
f 9826 9827 9828
f 9829 9830 9831
f 9832 9833 9834
f 9835 9836 9837
f 9838 9839 9840
f 9841 9842 9843
f 9844 9845 9846
f 9847 9848 9849
f 9850 9851 9852
f 9853 9854 9855
f 9856 9857 9858
f 9859 9860 9861
f 9862 9863 9864
f 9865 9866 9867
f 9868 9869 9870
f 9871 9872 9873
f 9874 9875 9876
f 9877 9878 9879
f 9880 9881 9882
f 9883 9884 9885
f 9886 9887 9888
f 9889 9890 9891
f 9892 9893 9894
f 9895 9896 9897
f 9898 9899 9900
f 9901 9902 9903
f 9904 9905 9906
f 9907 9908 9909
f 9910 9911 9912
f 9913 9914 9915
f 9916 9917 9918
f 9919 9920 9921
f 9922 9923 9924
f 9925 9926 9927
f 9928 9929 9930
f 9931 9932 9933
f 9934 9935 9936
f 9937 9938 9939
f 9940 9941 9942
f 9943 9944 9945
f 9946 9947 9948
f 9949 9950 9951
f 9952 9953 9954
f 9955 9956 9957
f 9958 9959 9960
f 9961 9962 9963
f 9964 9965 9966
f 9967 9968 9969
f 9970 9971 9972
f 9973 9974 9975
f 9976 9977 9978
f 9979 9980 9981
f 9982 9983 9984
f 9985 9986 9987
f 9988 9989 9990
f 9991 9992 9993
f 9994 9995 9996
f 9997 9998 9999
f 10000 10001 10002
f 10003 10004 10005
f 10006 10007 10008
f 10009 10010 10011
f 10012 10013 10014
f 10015 10016 10017
f 10018 10019 10020
f 10021 10022 10023
f 10024 10025 10026
f 10027 10028 10029
f 10030 10031 10032
f 10033 10034 10035
f 10036 10037 10038
f 10039 10040 10041
f 10042 10043 10044
f 10045 10046 10047
f 10048 10049 10050
f 10051 10052 10053
f 10054 10055 10056
f 10057 10058 10059
f 10060 10061 10062
f 10063 10064 10065
f 10066 10067 10068
f 10069 10070 10071
f 10072 10073 10074
f 10075 10076 10077
f 10078 10079 10080
f 10081 10082 10083
f 10084 10085 10086
f 10087 10088 10089
f 10090 10091 10092
f 10093 10094 10095
f 10096 10097 10098
f 10099 10100 10101
f 10102 10103 10104
f 10105 10106 10107
f 10108 10109 10110
f 10111 10112 10113
f 10114 10115 10116
f 10117 10118 10119
f 10120 10121 10122
f 10123 10124 10125
f 10126 10127 10128
f 10129 10130 10131
f 10132 10133 10134
f 10135 10136 10137
f 10138 10139 10140
f 10141 10142 10143
f 10144 10145 10146
f 10147 10148 10149
f 10150 10151 10152
f 10153 10154 10155
f 10156 10157 10158
f 10159 10160 10161
f 10162 10163 10164
f 10165 10166 10167
f 10168 10169 10170
f 10171 10172 10173
f 10174 10175 10176
f 10177 10178 10179
f 10180 10181 10182
f 10183 10184 10185
f 10186 10187 10188
f 10189 10190 10191
f 10192 10193 10194
f 10195 10196 10197
f 10198 10199 10200
f 10201 10202 10203
f 10204 10205 10206
f 10207 10208 10209
f 10210 10211 10212
f 10213 10214 10215
f 10216 10217 10218
f 10219 10220 10221
f 10222 10223 10224
f 10225 10226 10227
f 10228 10229 10230
f 10231 10232 10233
f 10234 10235 10236
f 10237 10238 10239
f 10240 10241 10242
f 10243 10244 10245
f 10246 10247 10248
f 10249 10250 10251
f 10252 10253 10254
f 10255 10256 10257
f 10258 10259 10260
f 10261 10262 10263
f 10264 10265 10266
f 10267 10268 10269
f 10270 10271 10272
f 10273 10274 10275
f 10276 10277 10278
f 10279 10280 10281
f 10282 10283 10284
f 10285 10286 10287
f 10288 10289 10290
f 10291 10292 10293
f 10294 10295 10296
f 10297 10298 10299
f 10300 10301 10302
f 10303 10304 10305
f 10306 10307 10308
f 10309 10310 10311
f 10312 10313 10314
f 10315 10316 10317
f 10318 10319 10320
f 10321 10322 10323
f 10324 10325 10326
f 10327 10328 10329
f 10330 10331 10332
f 10333 10334 10335
f 10336 10337 10338
f 10339 10340 10341
f 10342 10343 10344
f 10345 10346 10347
f 10348 10349 10350
f 10351 10352 10353
f 10354 10355 10356
f 10357 10358 10359
f 10360 10361 10362
f 10363 10364 10365
f 10366 10367 10368
f 10369 10370 10371
f 10372 10373 10374
f 10375 10376 10377
f 10378 10379 10380
f 10381 10382 10383
f 10384 10385 10386
f 10387 10388 10389
f 10390 10391 10392
f 10393 10394 10395
f 10396 10397 10398
f 10399 10400 10401
f 10402 10403 10404
f 10405 10406 10407
f 10408 10409 10410
f 10411 10412 10413
f 10414 10415 10416
f 10417 10418 10419
f 10420 10421 10422
f 10423 10424 10425
f 10426 10427 10428
f 10429 10430 10431
f 10432 10433 10434
f 10435 10436 10437
f 10438 10439 10440
f 10441 10442 10443
f 10444 10445 10446
f 10447 10448 10449
f 10450 10451 10452
f 10453 10454 10455
f 10456 10457 10458
f 10459 10460 10461
f 10462 10463 10464
f 10465 10466 10467
f 10468 10469 10470
f 10471 10472 10473
f 10474 10475 10476
f 10477 10478 10479
f 10480 10481 10482
f 10483 10484 10485
f 10486 10487 10488
f 10489 10490 10491
f 10492 10493 10494
f 10495 10496 10497
f 10498 10499 10500
f 10501 10502 10503
f 10504 10505 10506
f 10507 10508 10509
f 10510 10511 10512
f 10513 10514 10515
f 10516 10517 10518
f 10519 10520 10521
f 10522 10523 10524
f 10525 10526 10527
f 10528 10529 10530
f 10531 10532 10533
f 10534 10535 10536
f 10537 10538 10539
f 10540 10541 10542
f 10543 10544 10545
f 10546 10547 10548
f 10549 10550 10551
f 10552 10553 10554
f 10555 10556 10557
f 10558 10559 10560
f 10561 10562 10563
f 10564 10565 10566
f 10567 10568 10569
f 10570 10571 10572
f 10573 10574 10575
f 10576 10577 10578
f 10579 10580 10581
f 10582 10583 10584
f 10585 10586 10587
f 10588 10589 10590
f 10591 10592 10593
f 10594 10595 10596
f 10597 10598 10599
f 10600 10601 10602
f 10603 10604 10605
f 10606 10607 10608
f 10609 10610 10611
f 10612 10613 10614
f 10615 10616 10617
f 10618 10619 10620
f 10621 10622 10623
f 10624 10625 10626
f 10627 10628 10629
f 10630 10631 10632
f 10633 10634 10635
f 10636 10637 10638
f 10639 10640 10641
f 10642 10643 10644
f 10645 10646 10647
f 10648 10649 10650
f 10651 10652 10653
f 10654 10655 10656
f 10657 10658 10659
f 10660 10661 10662
f 10663 10664 10665
f 10666 10667 10668
f 10669 10670 10671
f 10672 10673 10674
f 10675 10676 10677
f 10678 10679 10680
f 10681 10682 10683
f 10684 10685 10686
f 10687 10688 10689
f 10690 10691 10692
f 10693 10694 10695
f 10696 10697 10698
f 10699 10700 10701
f 10702 10703 10704
f 10705 10706 10707
f 10708 10709 10710
f 10711 10712 10713
f 10714 10715 10716
f 10717 10718 10719
f 10720 10721 10722
f 10723 10724 10725
f 10726 10727 10728
f 10729 10730 10731
f 10732 10733 10734
f 10735 10736 10737
f 10738 10739 10740
f 10741 10742 10743
f 10744 10745 10746
f 10747 10748 10749
f 10750 10751 10752
f 10753 10754 10755
f 10756 10757 10758
f 10759 10760 10761
f 10762 10763 10764
f 10765 10766 10767
f 10768 10769 10770
f 10771 10772 10773
f 10774 10775 10776
f 10777 10778 10779
f 10780 10781 10782
f 10783 10784 10785
f 10786 10787 10788
f 10789 10790 10791
f 10792 10793 10794
f 10795 10796 10797
f 10798 10799 10800
f 10801 10802 10803
f 10804 10805 10806
f 10807 10808 10809
f 10810 10811 10812
f 10813 10814 10815
f 10816 10817 10818
f 10819 10820 10821
f 10822 10823 10824
f 10825 10826 10827
f 10828 10829 10830
f 10831 10832 10833
f 10834 10835 10836
f 10837 10838 10839
f 10840 10841 10842
f 10843 10844 10845
f 10846 10847 10848
f 10849 10850 10851
f 10852 10853 10854
f 10855 10856 10857
f 10858 10859 10860
f 10861 10862 10863
f 10864 10865 10866
f 10867 10868 10869
f 10870 10871 10872
f 10873 10874 10875
f 10876 10877 10878
f 10879 10880 10881
f 10882 10883 10884
f 10885 10886 10887
f 10888 10889 10890
f 10891 10892 10893
f 10894 10895 10896
f 10897 10898 10899
f 10900 10901 10902
f 10903 10904 10905
f 10906 10907 10908
f 10909 10910 10911
f 10912 10913 10914
f 10915 10916 10917
f 10918 10919 10920
f 10921 10922 10923
f 10924 10925 10926
f 10927 10928 10929
f 10930 10931 10932
f 10933 10934 10935
f 10936 10937 10938
f 10939 10940 10941
f 10942 10943 10944
f 10945 10946 10947
f 10948 10949 10950
f 10951 10952 10953
f 10954 10955 10956
f 10957 10958 10959
f 10960 10961 10962
f 10963 10964 10965
f 10966 10967 10968
f 10969 10970 10971
f 10972 10973 10974
f 10975 10976 10977
f 10978 10979 10980
f 10981 10982 10983
f 10984 10985 10986
f 10987 10988 10989
f 10990 10991 10992
f 10993 10994 10995
f 10996 10997 10998
f 10999 11000 11001
f 11002 11003 11004
f 11005 11006 11007
f 11008 11009 11010
f 11011 11012 11013
f 11014 11015 11016
f 11017 11018 11019
f 11020 11021 11022
f 11023 11024 11025
f 11026 11027 11028
f 11029 11030 11031
f 11032 11033 11034
f 11035 11036 11037
f 11038 11039 11040
f 11041 11042 11043
f 11044 11045 11046
f 11047 11048 11049
f 11050 11051 11052
f 11053 11054 11055
f 11056 11057 11058
f 11059 11060 11061
f 11062 11063 11064
f 11065 11066 11067
f 11068 11069 11070
f 11071 11072 11073
f 11074 11075 11076
f 11077 11078 11079
f 11080 11081 11082
f 11083 11084 11085
f 11086 11087 11088
f 11089 11090 11091
f 11092 11093 11094
f 11095 11096 11097
f 11098 11099 11100
f 11101 11102 11103
f 11104 11105 11106
f 11107 11108 11109
f 11110 11111 11112
f 11113 11114 11115
f 11116 11117 11118
f 11119 11120 11121
f 11122 11123 11124
f 11125 11126 11127
f 11128 11129 11130
f 11131 11132 11133
f 11134 11135 11136
f 11137 11138 11139
f 11140 11141 11142
f 11143 11144 11145
f 11146 11147 11148
f 11149 11150 11151
f 11152 11153 11154
f 11155 11156 11157
f 11158 11159 11160
f 11161 11162 11163
f 11164 11165 11166
f 11167 11168 11169
f 11170 11171 11172
f 11173 11174 11175
f 11176 11177 11178
f 11179 11180 11181
f 11182 11183 11184
f 11185 11186 11187
f 11188 11189 11190
f 11191 11192 11193
f 11194 11195 11196
f 11197 11198 11199
f 11200 11201 11202
f 11203 11204 11205
f 11206 11207 11208
f 11209 11210 11211
f 11212 11213 11214
f 11215 11216 11217
f 11218 11219 11220
f 11221 11222 11223
f 11224 11225 11226
f 11227 11228 11229
f 11230 11231 11232
f 11233 11234 11235
f 11236 11237 11238
f 11239 11240 11241
f 11242 11243 11244
f 11245 11246 11247
f 11248 11249 11250
f 11251 11252 11253
f 11254 11255 11256
f 11257 11258 11259
f 11260 11261 11262
f 11263 11264 11265
f 11266 11267 11268
f 11269 11270 11271
f 11272 11273 11274
f 11275 11276 11277
f 11278 11279 11280
f 11281 11282 11283
f 11284 11285 11286
f 11287 11288 11289
f 11290 11291 11292
f 11293 11294 11295
f 11296 11297 11298
f 11299 11300 11301
f 11302 11303 11304
f 11305 11306 11307
f 11308 11309 11310
f 11311 11312 11313
f 11314 11315 11316
f 11317 11318 11319
f 11320 11321 11322
f 11323 11324 11325
f 11326 11327 11328
f 11329 11330 11331
f 11332 11333 11334
f 11335 11336 11337
f 11338 11339 11340
f 11341 11342 11343
f 11344 11345 11346
f 11347 11348 11349
f 11350 11351 11352
f 11353 11354 11355
f 11356 11357 11358
f 11359 11360 11361
f 11362 11363 11364
f 11365 11366 11367
f 11368 11369 11370
f 11371 11372 11373
f 11374 11375 11376
f 11377 11378 11379
f 11380 11381 11382
f 11383 11384 11385
f 11386 11387 11388
f 11389 11390 11391
f 11392 11393 11394
f 11395 11396 11397
f 11398 11399 11400
f 11401 11402 11403
f 11404 11405 11406
f 11407 11408 11409
f 11410 11411 11412
f 11413 11414 11415
f 11416 11417 11418
f 11419 11420 11421
f 11422 11423 11424
f 11425 11426 11427
f 11428 11429 11430
f 11431 11432 11433
f 11434 11435 11436
f 11437 11438 11439
f 11440 11441 11442
f 11443 11444 11445
f 11446 11447 11448
f 11449 11450 11451
f 11452 11453 11454
f 11455 11456 11457
f 11458 11459 11460
f 11461 11462 11463
f 11464 11465 11466
f 11467 11468 11469
f 11470 11471 11472
f 11473 11474 11475
f 11476 11477 11478
f 11479 11480 11481
f 11482 11483 11484
f 11485 11486 11487
f 11488 11489 11490
f 11491 11492 11493
f 11494 11495 11496
f 11497 11498 11499
f 11500 11501 11502
f 11503 11504 11505
f 11506 11507 11508
f 11509 11510 11511
f 11512 11513 11514
f 11515 11516 11517
f 11518 11519 11520
f 11521 11522 11523
f 11524 11525 11526
f 11527 11528 11529
f 11530 11531 11532
f 11533 11534 11535
f 11536 11537 11538
f 11539 11540 11541
f 11542 11543 11544
f 11545 11546 11547
f 11548 11549 11550
f 11551 11552 11553
f 11554 11555 11556
f 11557 11558 11559
f 11560 11561 11562
f 11563 11564 11565
f 11566 11567 11568
f 11569 11570 11571
f 11572 11573 11574
f 11575 11576 11577
f 11578 11579 11580
f 11581 11582 11583
f 11584 11585 11586
f 11587 11588 11589
f 11590 11591 11592
f 11593 11594 11595
f 11596 11597 11598
f 11599 11600 11601
f 11602 11603 11604
f 11605 11606 11607
f 11608 11609 11610
f 11611 11612 11613
f 11614 11615 11616
f 11617 11618 11619
f 11620 11621 11622
f 11623 11624 11625
f 11626 11627 11628
f 11629 11630 11631
f 11632 11633 11634
f 11635 11636 11637
f 11638 11639 11640
f 11641 11642 11643
f 11644 11645 11646
f 11647 11648 11649
f 11650 11651 11652
f 11653 11654 11655
f 11656 11657 11658
f 11659 11660 11661
f 11662 11663 11664
f 11665 11666 11667
f 11668 11669 11670
f 11671 11672 11673
f 11674 11675 11676
f 11677 11678 11679
f 11680 11681 11682
f 11683 11684 11685
f 11686 11687 11688
f 11689 11690 11691
f 11692 11693 11694
f 11695 11696 11697
f 11698 11699 11700
f 11701 11702 11703
f 11704 11705 11706
f 11707 11708 11709
f 11710 11711 11712
f 11713 11714 11715
f 11716 11717 11718
f 11719 11720 11721
f 11722 11723 11724
f 11725 11726 11727
f 11728 11729 11730
f 11731 11732 11733
f 11734 11735 11736
f 11737 11738 11739
f 11740 11741 11742
f 11743 11744 11745
f 11746 11747 11748
f 11749 11750 11751
f 11752 11753 11754
f 11755 11756 11757
f 11758 11759 11760
f 11761 11762 11763
f 11764 11765 11766
f 11767 11768 11769
f 11770 11771 11772
f 11773 11774 11775
f 11776 11777 11778
f 11779 11780 11781
f 11782 11783 11784
f 11785 11786 11787
f 11788 11789 11790
f 11791 11792 11793
f 11794 11795 11796
f 11797 11798 11799
f 11800 11801 11802
f 11803 11804 11805
f 11806 11807 11808
f 11809 11810 11811
f 11812 11813 11814
f 11815 11816 11817
f 11818 11819 11820
f 11821 11822 11823
f 11824 11825 11826
f 11827 11828 11829
f 11830 11831 11832
f 11833 11834 11835
f 11836 11837 11838
f 11839 11840 11841
f 11842 11843 11844
f 11845 11846 11847
f 11848 11849 11850
f 11851 11852 11853
f 11854 11855 11856
f 11857 11858 11859
f 11860 11861 11862
f 11863 11864 11865
f 11866 11867 11868
f 11869 11870 11871
f 11872 11873 11874
f 11875 11876 11877
f 11878 11879 11880
f 11881 11882 11883
f 11884 11885 11886
f 11887 11888 11889
f 11890 11891 11892
f 11893 11894 11895
f 11896 11897 11898
f 11899 11900 11901
f 11902 11903 11904
f 11905 11906 11907
f 11908 11909 11910
f 11911 11912 11913
f 11914 11915 11916
f 11917 11918 11919
f 11920 11921 11922
f 11923 11924 11925
f 11926 11927 11928
f 11929 11930 11931
f 11932 11933 11934
f 11935 11936 11937
f 11938 11939 11940
f 11941 11942 11943
f 11944 11945 11946
f 11947 11948 11949
f 11950 11951 11952
f 11953 11954 11955
f 11956 11957 11958
f 11959 11960 11961
f 11962 11963 11964
f 11965 11966 11967
f 11968 11969 11970
f 11971 11972 11973
f 11974 11975 11976
f 11977 11978 11979
f 11980 11981 11982
f 11983 11984 11985
f 11986 11987 11988
f 11989 11990 11991
f 11992 11993 11994
f 11995 11996 11997
f 11998 11999 12000
f 12001 12002 12003
f 12004 12005 12006
f 12007 12008 12009
f 12010 12011 12012
f 12013 12014 12015
f 12016 12017 12018
f 12019 12020 12021
f 12022 12023 12024
f 12025 12026 12027
f 12028 12029 12030
f 12031 12032 12033
f 12034 12035 12036
f 12037 12038 12039
f 12040 12041 12042
f 12043 12044 12045
f 12046 12047 12048
f 12049 12050 12051
f 12052 12053 12054
f 12055 12056 12057
f 12058 12059 12060
f 12061 12062 12063
f 12064 12065 12066
f 12067 12068 12069
f 12070 12071 12072
f 12073 12074 12075
f 12076 12077 12078
f 12079 12080 12081
f 12082 12083 12084
f 12085 12086 12087
f 12088 12089 12090
f 12091 12092 12093
f 12094 12095 12096
f 12097 12098 12099
f 12100 12101 12102
f 12103 12104 12105
f 12106 12107 12108
f 12109 12110 12111
f 12112 12113 12114
f 12115 12116 12117
f 12118 12119 12120
f 12121 12122 12123
f 12124 12125 12126
f 12127 12128 12129
f 12130 12131 12132
f 12133 12134 12135
f 12136 12137 12138
f 12139 12140 12141
f 12142 12143 12144
f 12145 12146 12147
f 12148 12149 12150
f 12151 12152 12153
f 12154 12155 12156
f 12157 12158 12159
f 12160 12161 12162
f 12163 12164 12165
f 12166 12167 12168
f 12169 12170 12171
f 12172 12173 12174
f 12175 12176 12177
f 12178 12179 12180
f 12181 12182 12183
f 12184 12185 12186
f 12187 12188 12189
f 12190 12191 12192
f 12193 12194 12195
f 12196 12197 12198
f 12199 12200 12201
f 12202 12203 12204
f 12205 12206 12207
f 12208 12209 12210
f 12211 12212 12213
f 12214 12215 12216
f 12217 12218 12219
f 12220 12221 12222
f 12223 12224 12225
f 12226 12227 12228
f 12229 12230 12231
f 12232 12233 12234
f 12235 12236 12237
f 12238 12239 12240
f 12241 12242 12243
f 12244 12245 12246
f 12247 12248 12249
f 12250 12251 12252
f 12253 12254 12255
f 12256 12257 12258
f 12259 12260 12261
f 12262 12263 12264
f 12265 12266 12267
f 12268 12269 12270
f 12271 12272 12273
f 12274 12275 12276
f 12277 12278 12279
f 12280 12281 12282
f 12283 12284 12285
f 12286 12287 12288
f 12289 12290 12291
f 12292 12293 12294
f 12295 12296 12297
f 12298 12299 12300
f 12301 12302 12303
f 12304 12305 12306
f 12307 12308 12309
f 12310 12311 12312
f 12313 12314 12315
f 12316 12317 12318
f 12319 12320 12321
f 12322 12323 12324
f 12325 12326 12327
f 12328 12329 12330
f 12331 12332 12333
f 12334 12335 12336
f 12337 12338 12339
f 12340 12341 12342
f 12343 12344 12345
f 12346 12347 12348
f 12349 12350 12351
f 12352 12353 12354
f 12355 12356 12357
f 12358 12359 12360
f 12361 12362 12363
f 12364 12365 12366
f 12367 12368 12369
f 12370 12371 12372
f 12373 12374 12375
f 12376 12377 12378
f 12379 12380 12381
f 12382 12383 12384
f 12385 12386 12387
f 12388 12389 12390
f 12391 12392 12393
f 12394 12395 12396
f 12397 12398 12399
f 12400 12401 12402
f 12403 12404 12405
f 12406 12407 12408
f 12409 12410 12411
f 12412 12413 12414
f 12415 12416 12417
f 12418 12419 12420
f 12421 12422 12423
f 12424 12425 12426
f 12427 12428 12429
f 12430 12431 12432
f 12433 12434 12435
f 12436 12437 12438
f 12439 12440 12441
f 12442 12443 12444
f 12445 12446 12447
f 12448 12449 12450
f 12451 12452 12453
f 12454 12455 12456
f 12457 12458 12459
f 12460 12461 12462
f 12463 12464 12465
f 12466 12467 12468
f 12469 12470 12471
f 12472 12473 12474
f 12475 12476 12477
f 12478 12479 12480
f 12481 12482 12483
f 12484 12485 12486
f 12487 12488 12489
f 12490 12491 12492
f 12493 12494 12495
f 12496 12497 12498
f 12499 12500 12501
f 12502 12503 12504
f 12505 12506 12507
f 12508 12509 12510
f 12511 12512 12513
f 12514 12515 12516
f 12517 12518 12519
f 12520 12521 12522
f 12523 12524 12525
f 12526 12527 12528
f 12529 12530 12531
f 12532 12533 12534
f 12535 12536 12537
f 12538 12539 12540
f 12541 12542 12543
f 12544 12545 12546
f 12547 12548 12549
f 12550 12551 12552
f 12553 12554 12555
f 12556 12557 12558
f 12559 12560 12561
f 12562 12563 12564
f 12565 12566 12567
f 12568 12569 12570
f 12571 12572 12573
f 12574 12575 12576
f 12577 12578 12579
f 12580 12581 12582
f 12583 12584 12585
f 12586 12587 12588
f 12589 12590 12591
f 12592 12593 12594
f 12595 12596 12597
f 12598 12599 12600
f 12601 12602 12603
f 12604 12605 12606
f 12607 12608 12609
f 12610 12611 12612
f 12613 12614 12615
f 12616 12617 12618
f 12619 12620 12621
f 12622 12623 12624
f 12625 12626 12627
f 12628 12629 12630
f 12631 12632 12633
f 12634 12635 12636
f 12637 12638 12639
f 12640 12641 12642
f 12643 12644 12645
f 12646 12647 12648
f 12649 12650 12651
f 12652 12653 12654
f 12655 12656 12657
f 12658 12659 12660
f 12661 12662 12663
f 12664 12665 12666
f 12667 12668 12669
f 12670 12671 12672
f 12673 12674 12675
f 12676 12677 12678
f 12679 12680 12681
f 12682 12683 12684
f 12685 12686 12687
f 12688 12689 12690
f 12691 12692 12693
f 12694 12695 12696
f 12697 12698 12699
f 12700 12701 12702
f 12703 12704 12705
f 12706 12707 12708
f 12709 12710 12711
f 12712 12713 12714
f 12715 12716 12717
f 12718 12719 12720
f 12721 12722 12723
f 12724 12725 12726
f 12727 12728 12729
f 12730 12731 12732
f 12733 12734 12735
f 12736 12737 12738
f 12739 12740 12741
f 12742 12743 12744
f 12745 12746 12747
f 12748 12749 12750
f 12751 12752 12753
f 12754 12755 12756
f 12757 12758 12759
f 12760 12761 12762
f 12763 12764 12765
f 12766 12767 12768
f 12769 12770 12771
f 12772 12773 12774
f 12775 12776 12777
f 12778 12779 12780
f 12781 12782 12783
f 12784 12785 12786
f 12787 12788 12789
f 12790 12791 12792
f 12793 12794 12795
f 12796 12797 12798
f 12799 12800 12801
f 12802 12803 12804
f 12805 12806 12807
f 12808 12809 12810
f 12811 12812 12813
f 12814 12815 12816
f 12817 12818 12819
f 12820 12821 12822
f 12823 12824 12825
f 12826 12827 12828
f 12829 12830 12831
f 12832 12833 12834
f 12835 12836 12837
f 12838 12839 12840
f 12841 12842 12843
f 12844 12845 12846
f 12847 12848 12849
f 12850 12851 12852
f 12853 12854 12855
f 12856 12857 12858
f 12859 12860 12861
f 12862 12863 12864
f 12865 12866 12867
f 12868 12869 12870
f 12871 12872 12873
f 12874 12875 12876
f 12877 12878 12879
f 12880 12881 12882
f 12883 12884 12885
f 12886 12887 12888
f 12889 12890 12891
f 12892 12893 12894
f 12895 12896 12897
f 12898 12899 12900
f 12901 12902 12903
f 12904 12905 12906
f 12907 12908 12909
f 12910 12911 12912
f 12913 12914 12915
f 12916 12917 12918
f 12919 12920 12921
f 12922 12923 12924
f 12925 12926 12927
f 12928 12929 12930
f 12931 12932 12933
f 12934 12935 12936
f 12937 12938 12939
f 12940 12941 12942
f 12943 12944 12945
f 12946 12947 12948
f 12949 12950 12951
f 12952 12953 12954
f 12955 12956 12957
f 12958 12959 12960
f 12961 12962 12963
f 12964 12965 12966
f 12967 12968 12969
f 12970 12971 12972
f 12973 12974 12975
f 12976 12977 12978
f 12979 12980 12981
f 12982 12983 12984
f 12985 12986 12987
f 12988 12989 12990
f 12991 12992 12993
f 12994 12995 12996
f 12997 12998 12999
f 13000 13001 13002
f 13003 13004 13005
f 13006 13007 13008
f 13009 13010 13011
f 13012 13013 13014
f 13015 13016 13017
f 13018 13019 13020
f 13021 13022 13023
f 13024 13025 13026
f 13027 13028 13029
f 13030 13031 13032
f 13033 13034 13035
f 13036 13037 13038
f 13039 13040 13041
f 13042 13043 13044
f 13045 13046 13047
f 13048 13049 13050
f 13051 13052 13053
f 13054 13055 13056
f 13057 13058 13059
f 13060 13061 13062
f 13063 13064 13065
f 13066 13067 13068
f 13069 13070 13071
f 13072 13073 13074
f 13075 13076 13077
f 13078 13079 13080
f 13081 13082 13083
f 13084 13085 13086
f 13087 13088 13089
f 13090 13091 13092
f 13093 13094 13095
f 13096 13097 13098
f 13099 13100 13101
f 13102 13103 13104
f 13105 13106 13107
f 13108 13109 13110
f 13111 13112 13113
f 13114 13115 13116
f 13117 13118 13119
f 13120 13121 13122
f 13123 13124 13125
f 13126 13127 13128
f 13129 13130 13131
f 13132 13133 13134
f 13135 13136 13137
f 13138 13139 13140
f 13141 13142 13143
f 13144 13145 13146
f 13147 13148 13149
f 13150 13151 13152
f 13153 13154 13155
f 13156 13157 13158
f 13159 13160 13161
f 13162 13163 13164
f 13165 13166 13167
f 13168 13169 13170
f 13171 13172 13173
f 13174 13175 13176
f 13177 13178 13179
f 13180 13181 13182
f 13183 13184 13185
f 13186 13187 13188
f 13189 13190 13191
f 13192 13193 13194
f 13195 13196 13197
f 13198 13199 13200
f 13201 13202 13203
f 13204 13205 13206
f 13207 13208 13209
f 13210 13211 13212
f 13213 13214 13215
f 13216 13217 13218
f 13219 13220 13221
f 13222 13223 13224
f 13225 13226 13227
f 13228 13229 13230
f 13231 13232 13233
f 13234 13235 13236
f 13237 13238 13239
f 13240 13241 13242
f 13243 13244 13245
f 13246 13247 13248
f 13249 13250 13251
f 13252 13253 13254
f 13255 13256 13257
f 13258 13259 13260
f 13261 13262 13263
f 13264 13265 13266
f 13267 13268 13269
f 13270 13271 13272
f 13273 13274 13275
f 13276 13277 13278
f 13279 13280 13281
f 13282 13283 13284
f 13285 13286 13287
f 13288 13289 13290
f 13291 13292 13293
f 13294 13295 13296
f 13297 13298 13299
f 13300 13301 13302
f 13303 13304 13305
f 13306 13307 13308
f 13309 13310 13311
f 13312 13313 13314
f 13315 13316 13317
f 13318 13319 13320
f 13321 13322 13323
f 13324 13325 13326
f 13327 13328 13329
f 13330 13331 13332
f 13333 13334 13335
f 13336 13337 13338
f 13339 13340 13341
f 13342 13343 13344
f 13345 13346 13347
f 13348 13349 13350
f 13351 13352 13353
f 13354 13355 13356
f 13357 13358 13359
f 13360 13361 13362
f 13363 13364 13365
f 13366 13367 13368
f 13369 13370 13371
f 13372 13373 13374
f 13375 13376 13377
f 13378 13379 13380
f 13381 13382 13383
f 13384 13385 13386
f 13387 13388 13389
f 13390 13391 13392
f 13393 13394 13395
f 13396 13397 13398
f 13399 13400 13401
f 13402 13403 13404
f 13405 13406 13407
f 13408 13409 13410
f 13411 13412 13413
f 13414 13415 13416
f 13417 13418 13419
f 13420 13421 13422
f 13423 13424 13425
f 13426 13427 13428
f 13429 13430 13431
f 13432 13433 13434
f 13435 13436 13437
f 13438 13439 13440
f 13441 13442 13443
f 13444 13445 13446
f 13447 13448 13449
f 13450 13451 13452
f 13453 13454 13455
f 13456 13457 13458
f 13459 13460 13461
f 13462 13463 13464
f 13465 13466 13467
f 13468 13469 13470
f 13471 13472 13473
f 13474 13475 13476
f 13477 13478 13479
f 13480 13481 13482
f 13483 13484 13485
f 13486 13487 13488
f 13489 13490 13491
f 13492 13493 13494
f 13495 13496 13497
f 13498 13499 13500
f 13501 13502 13503
f 13504 13505 13506
f 13507 13508 13509
f 13510 13511 13512
f 13513 13514 13515
f 13516 13517 13518
f 13519 13520 13521
f 13522 13523 13524
f 13525 13526 13527
f 13528 13529 13530
f 13531 13532 13533
f 13534 13535 13536
f 13537 13538 13539
f 13540 13541 13542
f 13543 13544 13545
f 13546 13547 13548
f 13549 13550 13551
f 13552 13553 13554
f 13555 13556 13557
f 13558 13559 13560
f 13561 13562 13563
f 13564 13565 13566
f 13567 13568 13569
f 13570 13571 13572
f 13573 13574 13575
f 13576 13577 13578
f 13579 13580 13581
f 13582 13583 13584
f 13585 13586 13587
f 13588 13589 13590
f 13591 13592 13593
f 13594 13595 13596
f 13597 13598 13599
f 13600 13601 13602
f 13603 13604 13605
f 13606 13607 13608
f 13609 13610 13611
f 13612 13613 13614
f 13615 13616 13617
f 13618 13619 13620
f 13621 13622 13623
f 13624 13625 13626
f 13627 13628 13629
f 13630 13631 13632
f 13633 13634 13635
f 13636 13637 13638
f 13639 13640 13641
f 13642 13643 13644
f 13645 13646 13647
f 13648 13649 13650
f 13651 13652 13653
f 13654 13655 13656
f 13657 13658 13659
f 13660 13661 13662
f 13663 13664 13665
f 13666 13667 13668
f 13669 13670 13671
f 13672 13673 13674
f 13675 13676 13677
f 13678 13679 13680
f 13681 13682 13683
f 13684 13685 13686
f 13687 13688 13689
f 13690 13691 13692
f 13693 13694 13695
f 13696 13697 13698
f 13699 13700 13701
f 13702 13703 13704
f 13705 13706 13707
f 13708 13709 13710
f 13711 13712 13713
f 13714 13715 13716
f 13717 13718 13719
f 13720 13721 13722
f 13723 13724 13725
f 13726 13727 13728
f 13729 13730 13731
f 13732 13733 13734
f 13735 13736 13737
f 13738 13739 13740
f 13741 13742 13743
f 13744 13745 13746
f 13747 13748 13749
f 13750 13751 13752
f 13753 13754 13755
f 13756 13757 13758
f 13759 13760 13761
f 13762 13763 13764
f 13765 13766 13767
f 13768 13769 13770
f 13771 13772 13773
f 13774 13775 13776
f 13777 13778 13779
f 13780 13781 13782
f 13783 13784 13785
f 13786 13787 13788
f 13789 13790 13791
f 13792 13793 13794
f 13795 13796 13797
f 13798 13799 13800
f 13801 13802 13803
f 13804 13805 13806
f 13807 13808 13809
f 13810 13811 13812
f 13813 13814 13815
f 13816 13817 13818
f 13819 13820 13821
f 13822 13823 13824
f 13825 13826 13827
f 13828 13829 13830
f 13831 13832 13833
f 13834 13835 13836
f 13837 13838 13839
f 13840 13841 13842
f 13843 13844 13845
f 13846 13847 13848
f 13849 13850 13851
f 13852 13853 13854
f 13855 13856 13857
f 13858 13859 13860
f 13861 13862 13863
f 13864 13865 13866
f 13867 13868 13869
f 13870 13871 13872
f 13873 13874 13875
f 13876 13877 13878
f 13879 13880 13881
f 13882 13883 13884
f 13885 13886 13887
f 13888 13889 13890
f 13891 13892 13893
f 13894 13895 13896
f 13897 13898 13899
f 13900 13901 13902
f 13903 13904 13905
f 13906 13907 13908
f 13909 13910 13911
f 13912 13913 13914
f 13915 13916 13917
f 13918 13919 13920
f 13921 13922 13923
f 13924 13925 13926
f 13927 13928 13929
f 13930 13931 13932
f 13933 13934 13935
f 13936 13937 13938
f 13939 13940 13941
f 13942 13943 13944
f 13945 13946 13947
f 13948 13949 13950
f 13951 13952 13953
f 13954 13955 13956
f 13957 13958 13959
f 13960 13961 13962
f 13963 13964 13965
f 13966 13967 13968
f 13969 13970 13971
f 13972 13973 13974
f 13975 13976 13977
f 13978 13979 13980
f 13981 13982 13983
f 13984 13985 13986
f 13987 13988 13989
f 13990 13991 13992
f 13993 13994 13995
f 13996 13997 13998
f 13999 14000 14001
f 14002 14003 14004
f 14005 14006 14007
f 14008 14009 14010
f 14011 14012 14013
f 14014 14015 14016
f 14017 14018 14019
f 14020 14021 14022
f 14023 14024 14025
f 14026 14027 14028
f 14029 14030 14031
f 14032 14033 14034
f 14035 14036 14037
f 14038 14039 14040
f 14041 14042 14043
f 14044 14045 14046
f 14047 14048 14049
f 14050 14051 14052
f 14053 14054 14055
f 14056 14057 14058
f 14059 14060 14061
f 14062 14063 14064
f 14065 14066 14067
f 14068 14069 14070
f 14071 14072 14073
f 14074 14075 14076
f 14077 14078 14079
f 14080 14081 14082
f 14083 14084 14085
f 14086 14087 14088
f 14089 14090 14091
f 14092 14093 14094
f 14095 14096 14097
f 14098 14099 14100
f 14101 14102 14103
f 14104 14105 14106
f 14107 14108 14109
f 14110 14111 14112
f 14113 14114 14115
f 14116 14117 14118
f 14119 14120 14121
f 14122 14123 14124
f 14125 14126 14127
f 14128 14129 14130
f 14131 14132 14133
f 14134 14135 14136
f 14137 14138 14139
f 14140 14141 14142
f 14143 14144 14145
f 14146 14147 14148
f 14149 14150 14151
f 14152 14153 14154
f 14155 14156 14157
f 14158 14159 14160
f 14161 14162 14163
f 14164 14165 14166
f 14167 14168 14169
f 14170 14171 14172
f 14173 14174 14175
f 14176 14177 14178
f 14179 14180 14181
f 14182 14183 14184
f 14185 14186 14187
f 14188 14189 14190
f 14191 14192 14193
f 14194 14195 14196
f 14197 14198 14199
f 14200 14201 14202
f 14203 14204 14205
f 14206 14207 14208
f 14209 14210 14211
f 14212 14213 14214
f 14215 14216 14217
f 14218 14219 14220
f 14221 14222 14223
f 14224 14225 14226
f 14227 14228 14229
f 14230 14231 14232
f 14233 14234 14235
f 14236 14237 14238
f 14239 14240 14241
f 14242 14243 14244
f 14245 14246 14247
f 14248 14249 14250
f 14251 14252 14253
f 14254 14255 14256
f 14257 14258 14259
f 14260 14261 14262
f 14263 14264 14265
f 14266 14267 14268
f 14269 14270 14271
f 14272 14273 14274
f 14275 14276 14277
f 14278 14279 14280
f 14281 14282 14283
f 14284 14285 14286
f 14287 14288 14289
f 14290 14291 14292
f 14293 14294 14295
f 14296 14297 14298
f 14299 14300 14301
f 14302 14303 14304
f 14305 14306 14307
f 14308 14309 14310
f 14311 14312 14313
f 14314 14315 14316
f 14317 14318 14319
f 14320 14321 14322
f 14323 14324 14325
f 14326 14327 14328
f 14329 14330 14331
f 14332 14333 14334
f 14335 14336 14337
f 14338 14339 14340
f 14341 14342 14343
f 14344 14345 14346
f 14347 14348 14349
f 14350 14351 14352
f 14353 14354 14355
f 14356 14357 14358
f 14359 14360 14361
f 14362 14363 14364
f 14365 14366 14367
f 14368 14369 14370
f 14371 14372 14373
f 14374 14375 14376
f 14377 14378 14379
f 14380 14381 14382
f 14383 14384 14385
f 14386 14387 14388
f 14389 14390 14391
f 14392 14393 14394
f 14395 14396 14397
f 14398 14399 14400
f 14401 14402 14403
f 14404 14405 14406
f 14407 14408 14409
f 14410 14411 14412
f 14413 14414 14415
f 14416 14417 14418
f 14419 14420 14421
f 14422 14423 14424
f 14425 14426 14427
f 14428 14429 14430
f 14431 14432 14433
f 14434 14435 14436
f 14437 14438 14439
f 14440 14441 14442
f 14443 14444 14445
f 14446 14447 14448
f 14449 14450 14451
f 14452 14453 14454
f 14455 14456 14457
f 14458 14459 14460
f 14461 14462 14463
f 14464 14465 14466
f 14467 14468 14469
f 14470 14471 14472
f 14473 14474 14475
f 14476 14477 14478
f 14479 14480 14481
f 14482 14483 14484
f 14485 14486 14487
f 14488 14489 14490
f 14491 14492 14493
f 14494 14495 14496
f 14497 14498 14499
f 14500 14501 14502
f 14503 14504 14505
f 14506 14507 14508
f 14509 14510 14511
f 14512 14513 14514
f 14515 14516 14517
f 14518 14519 14520
f 14521 14522 14523
f 14524 14525 14526
f 14527 14528 14529
f 14530 14531 14532
f 14533 14534 14535
f 14536 14537 14538
f 14539 14540 14541
f 14542 14543 14544
f 14545 14546 14547
f 14548 14549 14550
f 14551 14552 14553
f 14554 14555 14556
f 14557 14558 14559
f 14560 14561 14562
f 14563 14564 14565
f 14566 14567 14568
f 14569 14570 14571
f 14572 14573 14574
f 14575 14576 14577
f 14578 14579 14580
f 14581 14582 14583
f 14584 14585 14586
f 14587 14588 14589
f 14590 14591 14592
f 14593 14594 14595
f 14596 14597 14598
f 14599 14600 14601
f 14602 14603 14604
f 14605 14606 14607
f 14608 14609 14610
f 14611 14612 14613
f 14614 14615 14616
f 14617 14618 14619
f 14620 14621 14622
f 14623 14624 14625
f 14626 14627 14628
f 14629 14630 14631
f 14632 14633 14634
f 14635 14636 14637
f 14638 14639 14640
f 14641 14642 14643
f 14644 14645 14646
f 14647 14648 14649
f 14650 14651 14652
f 14653 14654 14655
f 14656 14657 14658
f 14659 14660 14661
f 14662 14663 14664
f 14665 14666 14667
f 14668 14669 14670
f 14671 14672 14673
f 14674 14675 14676
f 14677 14678 14679
f 14680 14681 14682
f 14683 14684 14685
f 14686 14687 14688
f 14689 14690 14691
f 14692 14693 14694
f 14695 14696 14697
f 14698 14699 14700
f 14701 14702 14703
f 14704 14705 14706
f 14707 14708 14709
f 14710 14711 14712
f 14713 14714 14715
f 14716 14717 14718
f 14719 14720 14721
f 14722 14723 14724
f 14725 14726 14727
f 14728 14729 14730
f 14731 14732 14733
f 14734 14735 14736
f 14737 14738 14739
f 14740 14741 14742
f 14743 14744 14745
f 14746 14747 14748
f 14749 14750 14751
f 14752 14753 14754
f 14755 14756 14757
f 14758 14759 14760
f 14761 14762 14763
f 14764 14765 14766
f 14767 14768 14769
f 14770 14771 14772
f 14773 14774 14775
f 14776 14777 14778
f 14779 14780 14781
f 14782 14783 14784
f 14785 14786 14787
f 14788 14789 14790
f 14791 14792 14793
f 14794 14795 14796
f 14797 14798 14799
f 14800 14801 14802
f 14803 14804 14805
f 14806 14807 14808
f 14809 14810 14811
f 14812 14813 14814
f 14815 14816 14817
f 14818 14819 14820
f 14821 14822 14823
f 14824 14825 14826
f 14827 14828 14829
f 14830 14831 14832
f 14833 14834 14835
f 14836 14837 14838
f 14839 14840 14841
f 14842 14843 14844
f 14845 14846 14847
f 14848 14849 14850
f 14851 14852 14853
f 14854 14855 14856
f 14857 14858 14859
f 14860 14861 14862
f 14863 14864 14865
f 14866 14867 14868
f 14869 14870 14871
f 14872 14873 14874
f 14875 14876 14877
f 14878 14879 14880
f 14881 14882 14883
f 14884 14885 14886
f 14887 14888 14889
f 14890 14891 14892
f 14893 14894 14895
f 14896 14897 14898
f 14899 14900 14901
f 14902 14903 14904
f 14905 14906 14907
f 14908 14909 14910
f 14911 14912 14913
f 14914 14915 14916
f 14917 14918 14919
f 14920 14921 14922
f 14923 14924 14925
f 14926 14927 14928
f 14929 14930 14931
f 14932 14933 14934
f 14935 14936 14937
f 14938 14939 14940
f 14941 14942 14943
f 14944 14945 14946
f 14947 14948 14949
f 14950 14951 14952
f 14953 14954 14955
f 14956 14957 14958
f 14959 14960 14961
f 14962 14963 14964
f 14965 14966 14967
f 14968 14969 14970
f 14971 14972 14973
f 14974 14975 14976
f 14977 14978 14979
f 14980 14981 14982
f 14983 14984 14985
f 14986 14987 14988
f 14989 14990 14991
f 14992 14993 14994
f 14995 14996 14997
f 14998 14999 15000
f 15001 15002 15003
f 15004 15005 15006
f 15007 15008 15009
f 15010 15011 15012
f 15013 15014 15015
f 15016 15017 15018
f 15019 15020 15021
f 15022 15023 15024
f 15025 15026 15027
f 15028 15029 15030
f 15031 15032 15033
f 15034 15035 15036
f 15037 15038 15039
f 15040 15041 15042
f 15043 15044 15045
f 15046 15047 15048
f 15049 15050 15051
f 15052 15053 15054
f 15055 15056 15057
f 15058 15059 15060
f 15061 15062 15063
f 15064 15065 15066
f 15067 15068 15069
f 15070 15071 15072
f 15073 15074 15075
f 15076 15077 15078
f 15079 15080 15081
f 15082 15083 15084
f 15085 15086 15087
f 15088 15089 15090
f 15091 15092 15093
f 15094 15095 15096
f 15097 15098 15099
f 15100 15101 15102
f 15103 15104 15105
f 15106 15107 15108
f 15109 15110 15111
f 15112 15113 15114
f 15115 15116 15117
f 15118 15119 15120
f 15121 15122 15123
f 15124 15125 15126
f 15127 15128 15129
f 15130 15131 15132
f 15133 15134 15135
f 15136 15137 15138
f 15139 15140 15141
f 15142 15143 15144
f 15145 15146 15147
f 15148 15149 15150
f 15151 15152 15153
f 15154 15155 15156
f 15157 15158 15159
f 15160 15161 15162
f 15163 15164 15165
f 15166 15167 15168
f 15169 15170 15171
f 15172 15173 15174
f 15175 15176 15177
f 15178 15179 15180
f 15181 15182 15183
f 15184 15185 15186
f 15187 15188 15189
f 15190 15191 15192
f 15193 15194 15195
f 15196 15197 15198
f 15199 15200 15201
f 15202 15203 15204
f 15205 15206 15207
f 15208 15209 15210
f 15211 15212 15213
f 15214 15215 15216
f 15217 15218 15219
f 15220 15221 15222
f 15223 15224 15225
f 15226 15227 15228
f 15229 15230 15231
f 15232 15233 15234
f 15235 15236 15237
f 15238 15239 15240
f 15241 15242 15243
f 15244 15245 15246
f 15247 15248 15249
f 15250 15251 15252
f 15253 15254 15255
f 15256 15257 15258
f 15259 15260 15261
f 15262 15263 15264
f 15265 15266 15267
f 15268 15269 15270
f 15271 15272 15273
f 15274 15275 15276
f 15277 15278 15279
f 15280 15281 15282
f 15283 15284 15285
f 15286 15287 15288
f 15289 15290 15291
f 15292 15293 15294
f 15295 15296 15297
f 15298 15299 15300
f 15301 15302 15303
f 15304 15305 15306
f 15307 15308 15309
f 15310 15311 15312
f 15313 15314 15315
f 15316 15317 15318
f 15319 15320 15321
f 15322 15323 15324
f 15325 15326 15327
f 15328 15329 15330
f 15331 15332 15333
f 15334 15335 15336
f 15337 15338 15339
f 15340 15341 15342
f 15343 15344 15345
f 15346 15347 15348
f 15349 15350 15351
f 15352 15353 15354
f 15355 15356 15357
f 15358 15359 15360
f 15361 15362 15363
f 15364 15365 15366
f 15367 15368 15369
f 15370 15371 15372
f 15373 15374 15375
f 15376 15377 15378
f 15379 15380 15381
f 15382 15383 15384
f 15385 15386 15387
f 15388 15389 15390
f 15391 15392 15393
f 15394 15395 15396
f 15397 15398 15399
f 15400 15401 15402
f 15403 15404 15405
f 15406 15407 15408
f 15409 15410 15411
f 15412 15413 15414
f 15415 15416 15417
f 15418 15419 15420
f 15421 15422 15423
f 15424 15425 15426
f 15427 15428 15429
f 15430 15431 15432
f 15433 15434 15435
f 15436 15437 15438
f 15439 15440 15441
f 15442 15443 15444
f 15445 15446 15447
f 15448 15449 15450
f 15451 15452 15453
f 15454 15455 15456
f 15457 15458 15459
f 15460 15461 15462
f 15463 15464 15465
f 15466 15467 15468
f 15469 15470 15471
f 15472 15473 15474
f 15475 15476 15477
f 15478 15479 15480
f 15481 15482 15483
f 15484 15485 15486
f 15487 15488 15489
f 15490 15491 15492
f 15493 15494 15495
f 15496 15497 15498
f 15499 15500 15501
f 15502 15503 15504
f 15505 15506 15507
f 15508 15509 15510
f 15511 15512 15513
f 15514 15515 15516
f 15517 15518 15519
f 15520 15521 15522
f 15523 15524 15525
f 15526 15527 15528
f 15529 15530 15531
f 15532 15533 15534
f 15535 15536 15537
f 15538 15539 15540
f 15541 15542 15543
f 15544 15545 15546
f 15547 15548 15549
f 15550 15551 15552
f 15553 15554 15555
f 15556 15557 15558
f 15559 15560 15561
f 15562 15563 15564
f 15565 15566 15567
f 15568 15569 15570
f 15571 15572 15573
f 15574 15575 15576
f 15577 15578 15579
f 15580 15581 15582
f 15583 15584 15585
f 15586 15587 15588
f 15589 15590 15591
f 15592 15593 15594
f 15595 15596 15597
f 15598 15599 15600
f 15601 15602 15603
f 15604 15605 15606
f 15607 15608 15609
f 15610 15611 15612
f 15613 15614 15615
f 15616 15617 15618
f 15619 15620 15621
f 15622 15623 15624
f 15625 15626 15627
f 15628 15629 15630
f 15631 15632 15633
f 15634 15635 15636
f 15637 15638 15639
f 15640 15641 15642
f 15643 15644 15645
f 15646 15647 15648
f 15649 15650 15651
f 15652 15653 15654
f 15655 15656 15657
f 15658 15659 15660
f 15661 15662 15663
f 15664 15665 15666
f 15667 15668 15669
f 15670 15671 15672
f 15673 15674 15675
f 15676 15677 15678
f 15679 15680 15681
f 15682 15683 15684
f 15685 15686 15687
f 15688 15689 15690
f 15691 15692 15693
f 15694 15695 15696
f 15697 15698 15699
f 15700 15701 15702
f 15703 15704 15705
f 15706 15707 15708
f 15709 15710 15711
f 15712 15713 15714
f 15715 15716 15717
f 15718 15719 15720
f 15721 15722 15723
f 15724 15725 15726
f 15727 15728 15729
f 15730 15731 15732
f 15733 15734 15735
f 15736 15737 15738
f 15739 15740 15741
f 15742 15743 15744
f 15745 15746 15747
f 15748 15749 15750
f 15751 15752 15753
f 15754 15755 15756
f 15757 15758 15759
f 15760 15761 15762
f 15763 15764 15765
f 15766 15767 15768
f 15769 15770 15771
f 15772 15773 15774
f 15775 15776 15777
f 15778 15779 15780
f 15781 15782 15783
f 15784 15785 15786
f 15787 15788 15789
f 15790 15791 15792
f 15793 15794 15795
f 15796 15797 15798
f 15799 15800 15801
f 15802 15803 15804
f 15805 15806 15807
f 15808 15809 15810
f 15811 15812 15813
f 15814 15815 15816
f 15817 15818 15819
f 15820 15821 15822
f 15823 15824 15825
f 15826 15827 15828
f 15829 15830 15831
f 15832 15833 15834
f 15835 15836 15837
f 15838 15839 15840
f 15841 15842 15843
f 15844 15845 15846
f 15847 15848 15849
f 15850 15851 15852
f 15853 15854 15855
f 15856 15857 15858
f 15859 15860 15861
f 15862 15863 15864
f 15865 15866 15867
f 15868 15869 15870
f 15871 15872 15873
f 15874 15875 15876
f 15877 15878 15879
f 15880 15881 15882
f 15883 15884 15885
f 15886 15887 15888
f 15889 15890 15891
f 15892 15893 15894
f 15895 15896 15897
f 15898 15899 15900
f 15901 15902 15903
f 15904 15905 15906
f 15907 15908 15909
f 15910 15911 15912
f 15913 15914 15915
f 15916 15917 15918
f 15919 15920 15921
f 15922 15923 15924
f 15925 15926 15927
f 15928 15929 15930
f 15931 15932 15933
f 15934 15935 15936
f 15937 15938 15939
f 15940 15941 15942
f 15943 15944 15945
f 15946 15947 15948
f 15949 15950 15951
f 15952 15953 15954
f 15955 15956 15957
f 15958 15959 15960
f 15961 15962 15963
f 15964 15965 15966
f 15967 15968 15969
f 15970 15971 15972
f 15973 15974 15975
f 15976 15977 15978
f 15979 15980 15981
f 15982 15983 15984
f 15985 15986 15987
f 15988 15989 15990
f 15991 15992 15993
f 15994 15995 15996
f 15997 15998 15999
f 16000 16001 16002
f 16003 16004 16005
f 16006 16007 16008
f 16009 16010 16011
f 16012 16013 16014
f 16015 16016 16017
f 16018 16019 16020
f 16021 16022 16023
f 16024 16025 16026
f 16027 16028 16029
f 16030 16031 16032
f 16033 16034 16035
f 16036 16037 16038
f 16039 16040 16041
f 16042 16043 16044
f 16045 16046 16047
f 16048 16049 16050
f 16051 16052 16053
f 16054 16055 16056
f 16057 16058 16059
f 16060 16061 16062
f 16063 16064 16065
f 16066 16067 16068
f 16069 16070 16071
f 16072 16073 16074
f 16075 16076 16077
f 16078 16079 16080
f 16081 16082 16083
f 16084 16085 16086
f 16087 16088 16089
f 16090 16091 16092
f 16093 16094 16095
f 16096 16097 16098
f 16099 16100 16101
f 16102 16103 16104
f 16105 16106 16107
f 16108 16109 16110
f 16111 16112 16113
f 16114 16115 16116
f 16117 16118 16119
f 16120 16121 16122
f 16123 16124 16125
f 16126 16127 16128
f 16129 16130 16131
f 16132 16133 16134
f 16135 16136 16137
f 16138 16139 16140
f 16141 16142 16143
f 16144 16145 16146
f 16147 16148 16149
f 16150 16151 16152
f 16153 16154 16155
f 16156 16157 16158
f 16159 16160 16161
f 16162 16163 16164
f 16165 16166 16167
f 16168 16169 16170
f 16171 16172 16173
f 16174 16175 16176
f 16177 16178 16179
f 16180 16181 16182
f 16183 16184 16185
f 16186 16187 16188
f 16189 16190 16191
f 16192 16193 16194
f 16195 16196 16197
f 16198 16199 16200
f 16201 16202 16203
f 16204 16205 16206
f 16207 16208 16209
f 16210 16211 16212
f 16213 16214 16215
f 16216 16217 16218
f 16219 16220 16221
f 16222 16223 16224
f 16225 16226 16227
f 16228 16229 16230
f 16231 16232 16233
f 16234 16235 16236
f 16237 16238 16239
f 16240 16241 16242
f 16243 16244 16245
f 16246 16247 16248
f 16249 16250 16251
f 16252 16253 16254
f 16255 16256 16257
f 16258 16259 16260
f 16261 16262 16263
f 16264 16265 16266
f 16267 16268 16269
f 16270 16271 16272
f 16273 16274 16275
f 16276 16277 16278
f 16279 16280 16281
f 16282 16283 16284
f 16285 16286 16287
f 16288 16289 16290
f 16291 16292 16293
f 16294 16295 16296
f 16297 16298 16299
f 16300 16301 16302
f 16303 16304 16305
f 16306 16307 16308
f 16309 16310 16311
f 16312 16313 16314
f 16315 16316 16317
f 16318 16319 16320
f 16321 16322 16323
f 16324 16325 16326
f 16327 16328 16329
f 16330 16331 16332
f 16333 16334 16335
f 16336 16337 16338
f 16339 16340 16341
f 16342 16343 16344
f 16345 16346 16347
f 16348 16349 16350
f 16351 16352 16353
f 16354 16355 16356
f 16357 16358 16359
f 16360 16361 16362
f 16363 16364 16365
f 16366 16367 16368
f 16369 16370 16371
f 16372 16373 16374
f 16375 16376 16377
f 16378 16379 16380
f 16381 16382 16383
f 16384 16385 16386
f 16387 16388 16389
f 16390 16391 16392
f 16393 16394 16395
f 16396 16397 16398
f 16399 16400 16401
f 16402 16403 16404
f 16405 16406 16407
f 16408 16409 16410
f 16411 16412 16413
f 16414 16415 16416
f 16417 16418 16419
f 16420 16421 16422
f 16423 16424 16425
f 16426 16427 16428
f 16429 16430 16431
f 16432 16433 16434
f 16435 16436 16437
f 16438 16439 16440
f 16441 16442 16443
f 16444 16445 16446
f 16447 16448 16449
f 16450 16451 16452
f 16453 16454 16455
f 16456 16457 16458
f 16459 16460 16461
f 16462 16463 16464
f 16465 16466 16467
f 16468 16469 16470
f 16471 16472 16473
f 16474 16475 16476
f 16477 16478 16479
f 16480 16481 16482
f 16483 16484 16485
f 16486 16487 16488
f 16489 16490 16491
f 16492 16493 16494
f 16495 16496 16497
f 16498 16499 16500
f 16501 16502 16503
f 16504 16505 16506
f 16507 16508 16509
f 16510 16511 16512
f 16513 16514 16515
f 16516 16517 16518
f 16519 16520 16521
f 16522 16523 16524
f 16525 16526 16527
f 16528 16529 16530
f 16531 16532 16533
f 16534 16535 16536
f 16537 16538 16539
f 16540 16541 16542
f 16543 16544 16545
f 16546 16547 16548
f 16549 16550 16551
f 16552 16553 16554
f 16555 16556 16557
f 16558 16559 16560
f 16561 16562 16563
f 16564 16565 16566
f 16567 16568 16569
f 16570 16571 16572
f 16573 16574 16575
f 16576 16577 16578
f 16579 16580 16581
f 16582 16583 16584
f 16585 16586 16587
f 16588 16589 16590
f 16591 16592 16593
f 16594 16595 16596
f 16597 16598 16599
f 16600 16601 16602
f 16603 16604 16605
f 16606 16607 16608
f 16609 16610 16611
f 16612 16613 16614
f 16615 16616 16617
f 16618 16619 16620
f 16621 16622 16623
f 16624 16625 16626
f 16627 16628 16629
f 16630 16631 16632
f 16633 16634 16635
f 16636 16637 16638
f 16639 16640 16641
f 16642 16643 16644
f 16645 16646 16647
f 16648 16649 16650
f 16651 16652 16653
f 16654 16655 16656
f 16657 16658 16659
f 16660 16661 16662
f 16663 16664 16665
f 16666 16667 16668
f 16669 16670 16671
f 16672 16673 16674
f 16675 16676 16677
f 16678 16679 16680
f 16681 16682 16683
f 16684 16685 16686
f 16687 16688 16689
f 16690 16691 16692
f 16693 16694 16695
f 16696 16697 16698
f 16699 16700 16701
f 16702 16703 16704
f 16705 16706 16707
f 16708 16709 16710
f 16711 16712 16713
f 16714 16715 16716
f 16717 16718 16719
f 16720 16721 16722
f 16723 16724 16725
f 16726 16727 16728
f 16729 16730 16731
f 16732 16733 16734
f 16735 16736 16737
f 16738 16739 16740
f 16741 16742 16743
f 16744 16745 16746
f 16747 16748 16749
f 16750 16751 16752
f 16753 16754 16755
f 16756 16757 16758
f 16759 16760 16761
f 16762 16763 16764
f 16765 16766 16767
f 16768 16769 16770
f 16771 16772 16773
f 16774 16775 16776
f 16777 16778 16779
f 16780 16781 16782
f 16783 16784 16785
f 16786 16787 16788
f 16789 16790 16791
f 16792 16793 16794
f 16795 16796 16797
f 16798 16799 16800
f 16801 16802 16803
f 16804 16805 16806
f 16807 16808 16809
f 16810 16811 16812
f 16813 16814 16815
f 16816 16817 16818
f 16819 16820 16821
f 16822 16823 16824
f 16825 16826 16827
f 16828 16829 16830
f 16831 16832 16833
f 16834 16835 16836
f 16837 16838 16839
f 16840 16841 16842
f 16843 16844 16845
f 16846 16847 16848
f 16849 16850 16851
f 16852 16853 16854
f 16855 16856 16857
f 16858 16859 16860
f 16861 16862 16863
f 16864 16865 16866
f 16867 16868 16869
f 16870 16871 16872
f 16873 16874 16875
f 16876 16877 16878
f 16879 16880 16881
f 16882 16883 16884
f 16885 16886 16887
f 16888 16889 16890
f 16891 16892 16893
f 16894 16895 16896
f 16897 16898 16899
f 16900 16901 16902
f 16903 16904 16905
f 16906 16907 16908
f 16909 16910 16911
f 16912 16913 16914
f 16915 16916 16917
f 16918 16919 16920
f 16921 16922 16923
f 16924 16925 16926
f 16927 16928 16929
f 16930 16931 16932
f 16933 16934 16935
f 16936 16937 16938
f 16939 16940 16941
f 16942 16943 16944
f 16945 16946 16947
f 16948 16949 16950
f 16951 16952 16953
f 16954 16955 16956
f 16957 16958 16959
f 16960 16961 16962
f 16963 16964 16965
f 16966 16967 16968
f 16969 16970 16971
f 16972 16973 16974
f 16975 16976 16977
f 16978 16979 16980
f 16981 16982 16983
f 16984 16985 16986
f 16987 16988 16989
f 16990 16991 16992
f 16993 16994 16995
f 16996 16997 16998
f 16999 17000 17001
f 17002 17003 17004
f 17005 17006 17007
f 17008 17009 17010
f 17011 17012 17013
f 17014 17015 17016
f 17017 17018 17019
f 17020 17021 17022
f 17023 17024 17025
f 17026 17027 17028
f 17029 17030 17031
f 17032 17033 17034
f 17035 17036 17037
f 17038 17039 17040
f 17041 17042 17043
f 17044 17045 17046
f 17047 17048 17049
f 17050 17051 17052
f 17053 17054 17055
f 17056 17057 17058
f 17059 17060 17061
f 17062 17063 17064
f 17065 17066 17067
f 17068 17069 17070
f 17071 17072 17073
f 17074 17075 17076
f 17077 17078 17079
f 17080 17081 17082
f 17083 17084 17085
f 17086 17087 17088
f 17089 17090 17091
f 17092 17093 17094
f 17095 17096 17097
f 17098 17099 17100
f 17101 17102 17103
f 17104 17105 17106
f 17107 17108 17109
f 17110 17111 17112
f 17113 17114 17115
f 17116 17117 17118
f 17119 17120 17121
f 17122 17123 17124
f 17125 17126 17127
f 17128 17129 17130
f 17131 17132 17133
f 17134 17135 17136
f 17137 17138 17139
f 17140 17141 17142
f 17143 17144 17145
f 17146 17147 17148
f 17149 17150 17151
f 17152 17153 17154
f 17155 17156 17157
f 17158 17159 17160
f 17161 17162 17163
f 17164 17165 17166
f 17167 17168 17169
f 17170 17171 17172
f 17173 17174 17175
f 17176 17177 17178
f 17179 17180 17181
f 17182 17183 17184
f 17185 17186 17187
f 17188 17189 17190
f 17191 17192 17193
f 17194 17195 17196
f 17197 17198 17199
f 17200 17201 17202
f 17203 17204 17205
f 17206 17207 17208
f 17209 17210 17211
f 17212 17213 17214
f 17215 17216 17217
f 17218 17219 17220
f 17221 17222 17223
f 17224 17225 17226
f 17227 17228 17229
f 17230 17231 17232
f 17233 17234 17235
f 17236 17237 17238
f 17239 17240 17241
f 17242 17243 17244
f 17245 17246 17247
f 17248 17249 17250
f 17251 17252 17253
f 17254 17255 17256
f 17257 17258 17259
f 17260 17261 17262
f 17263 17264 17265
f 17266 17267 17268
f 17269 17270 17271
f 17272 17273 17274
f 17275 17276 17277
f 17278 17279 17280
f 17281 17282 17283
f 17284 17285 17286
f 17287 17288 17289
f 17290 17291 17292
f 17293 17294 17295
f 17296 17297 17298
f 17299 17300 17301
f 17302 17303 17304
f 17305 17306 17307
f 17308 17309 17310
f 17311 17312 17313
f 17314 17315 17316
f 17317 17318 17319
f 17320 17321 17322
f 17323 17324 17325
f 17326 17327 17328
f 17329 17330 17331
f 17332 17333 17334
f 17335 17336 17337
f 17338 17339 17340
f 17341 17342 17343
f 17344 17345 17346
f 17347 17348 17349
f 17350 17351 17352
f 17353 17354 17355
f 17356 17357 17358
f 17359 17360 17361
f 17362 17363 17364
f 17365 17366 17367
f 17368 17369 17370
f 17371 17372 17373
f 17374 17375 17376
f 17377 17378 17379
f 17380 17381 17382
f 17383 17384 17385
f 17386 17387 17388
f 17389 17390 17391
f 17392 17393 17394
f 17395 17396 17397
f 17398 17399 17400
f 17401 17402 17403
f 17404 17405 17406
f 17407 17408 17409
f 17410 17411 17412
f 17413 17414 17415
f 17416 17417 17418
f 17419 17420 17421
f 17422 17423 17424
f 17425 17426 17427
f 17428 17429 17430
f 17431 17432 17433
f 17434 17435 17436
f 17437 17438 17439
f 17440 17441 17442
f 17443 17444 17445
f 17446 17447 17448
f 17449 17450 17451
f 17452 17453 17454
f 17455 17456 17457
f 17458 17459 17460
f 17461 17462 17463
f 17464 17465 17466
f 17467 17468 17469
f 17470 17471 17472
f 17473 17474 17475
f 17476 17477 17478
f 17479 17480 17481
f 17482 17483 17484
f 17485 17486 17487
f 17488 17489 17490
f 17491 17492 17493
f 17494 17495 17496
f 17497 17498 17499
f 17500 17501 17502
f 17503 17504 17505
f 17506 17507 17508
f 17509 17510 17511
f 17512 17513 17514
f 17515 17516 17517
f 17518 17519 17520
f 17521 17522 17523
f 17524 17525 17526
f 17527 17528 17529
f 17530 17531 17532
f 17533 17534 17535
f 17536 17537 17538
f 17539 17540 17541
f 17542 17543 17544
f 17545 17546 17547
f 17548 17549 17550
f 17551 17552 17553
f 17554 17555 17556
f 17557 17558 17559
f 17560 17561 17562
f 17563 17564 17565
f 17566 17567 17568
f 17569 17570 17571
f 17572 17573 17574
f 17575 17576 17577
f 17578 17579 17580
f 17581 17582 17583
f 17584 17585 17586
f 17587 17588 17589
f 17590 17591 17592
f 17593 17594 17595
f 17596 17597 17598
f 17599 17600 17601
f 17602 17603 17604
f 17605 17606 17607
f 17608 17609 17610
f 17611 17612 17613
f 17614 17615 17616
f 17617 17618 17619
f 17620 17621 17622
f 17623 17624 17625
f 17626 17627 17628
f 17629 17630 17631
f 17632 17633 17634
f 17635 17636 17637
f 17638 17639 17640
f 17641 17642 17643
f 17644 17645 17646
f 17647 17648 17649
f 17650 17651 17652
f 17653 17654 17655
f 17656 17657 17658
f 17659 17660 17661
f 17662 17663 17664
f 17665 17666 17667
f 17668 17669 17670
f 17671 17672 17673
f 17674 17675 17676
f 17677 17678 17679
f 17680 17681 17682
f 17683 17684 17685
f 17686 17687 17688
f 17689 17690 17691
f 17692 17693 17694
f 17695 17696 17697
f 17698 17699 17700
f 17701 17702 17703
f 17704 17705 17706
f 17707 17708 17709
f 17710 17711 17712
f 17713 17714 17715
f 17716 17717 17718
f 17719 17720 17721
f 17722 17723 17724
f 17725 17726 17727
f 17728 17729 17730
f 17731 17732 17733
f 17734 17735 17736
f 17737 17738 17739
f 17740 17741 17742
f 17743 17744 17745
f 17746 17747 17748
f 17749 17750 17751
f 17752 17753 17754
f 17755 17756 17757
f 17758 17759 17760
f 17761 17762 17763
f 17764 17765 17766
f 17767 17768 17769
f 17770 17771 17772
f 17773 17774 17775
f 17776 17777 17778
f 17779 17780 17781
f 17782 17783 17784
f 17785 17786 17787
f 17788 17789 17790
f 17791 17792 17793
f 17794 17795 17796
f 17797 17798 17799
f 17800 17801 17802
f 17803 17804 17805
f 17806 17807 17808
f 17809 17810 17811
f 17812 17813 17814
f 17815 17816 17817
f 17818 17819 17820
f 17821 17822 17823
f 17824 17825 17826
f 17827 17828 17829
f 17830 17831 17832
f 17833 17834 17835
f 17836 17837 17838
f 17839 17840 17841
f 17842 17843 17844
f 17845 17846 17847
f 17848 17849 17850
f 17851 17852 17853
f 17854 17855 17856
f 17857 17858 17859
f 17860 17861 17862
f 17863 17864 17865
f 17866 17867 17868
f 17869 17870 17871
f 17872 17873 17874
f 17875 17876 17877
f 17878 17879 17880
f 17881 17882 17883
f 17884 17885 17886
f 17887 17888 17889
f 17890 17891 17892
f 17893 17894 17895
f 17896 17897 17898
f 17899 17900 17901
f 17902 17903 17904
f 17905 17906 17907
f 17908 17909 17910
f 17911 17912 17913
f 17914 17915 17916
f 17917 17918 17919
f 17920 17921 17922
f 17923 17924 17925
f 17926 17927 17928
f 17929 17930 17931
f 17932 17933 17934
f 17935 17936 17937
f 17938 17939 17940
f 17941 17942 17943
f 17944 17945 17946
f 17947 17948 17949
f 17950 17951 17952
f 17953 17954 17955
f 17956 17957 17958
f 17959 17960 17961
f 17962 17963 17964
f 17965 17966 17967
f 17968 17969 17970
f 17971 17972 17973
f 17974 17975 17976
f 17977 17978 17979
f 17980 17981 17982
f 17983 17984 17985
f 17986 17987 17988
f 17989 17990 17991
f 17992 17993 17994
f 17995 17996 17997
f 17998 17999 18000
f 18001 18002 18003
f 18004 18005 18006
f 18007 18008 18009
f 18010 18011 18012
f 18013 18014 18015
f 18016 18017 18018
f 18019 18020 18021
f 18022 18023 18024
f 18025 18026 18027
f 18028 18029 18030
f 18031 18032 18033
f 18034 18035 18036
f 18037 18038 18039
f 18040 18041 18042
f 18043 18044 18045
f 18046 18047 18048
f 18049 18050 18051
f 18052 18053 18054
f 18055 18056 18057
f 18058 18059 18060
f 18061 18062 18063
f 18064 18065 18066
f 18067 18068 18069
f 18070 18071 18072
f 18073 18074 18075
f 18076 18077 18078
f 18079 18080 18081
f 18082 18083 18084
f 18085 18086 18087
f 18088 18089 18090
f 18091 18092 18093
f 18094 18095 18096
f 18097 18098 18099
f 18100 18101 18102
f 18103 18104 18105
f 18106 18107 18108
f 18109 18110 18111
f 18112 18113 18114
f 18115 18116 18117
f 18118 18119 18120
f 18121 18122 18123
f 18124 18125 18126
f 18127 18128 18129
f 18130 18131 18132
f 18133 18134 18135
f 18136 18137 18138
f 18139 18140 18141
f 18142 18143 18144
f 18145 18146 18147
f 18148 18149 18150
f 18151 18152 18153
f 18154 18155 18156
f 18157 18158 18159
f 18160 18161 18162
f 18163 18164 18165
f 18166 18167 18168
f 18169 18170 18171
f 18172 18173 18174
f 18175 18176 18177
f 18178 18179 18180
f 18181 18182 18183
f 18184 18185 18186
f 18187 18188 18189
f 18190 18191 18192
f 18193 18194 18195
f 18196 18197 18198
f 18199 18200 18201
f 18202 18203 18204
f 18205 18206 18207
f 18208 18209 18210
f 18211 18212 18213
f 18214 18215 18216
f 18217 18218 18219
f 18220 18221 18222
f 18223 18224 18225
f 18226 18227 18228
f 18229 18230 18231
f 18232 18233 18234
f 18235 18236 18237
f 18238 18239 18240
f 18241 18242 18243
f 18244 18245 18246
f 18247 18248 18249
f 18250 18251 18252
f 18253 18254 18255
f 18256 18257 18258
f 18259 18260 18261
f 18262 18263 18264
f 18265 18266 18267
f 18268 18269 18270
f 18271 18272 18273
f 18274 18275 18276
f 18277 18278 18279
f 18280 18281 18282
f 18283 18284 18285
f 18286 18287 18288
f 18289 18290 18291
f 18292 18293 18294
f 18295 18296 18297
f 18298 18299 18300
f 18301 18302 18303
f 18304 18305 18306
f 18307 18308 18309
f 18310 18311 18312
f 18313 18314 18315
f 18316 18317 18318
f 18319 18320 18321
f 18322 18323 18324
f 18325 18326 18327
f 18328 18329 18330
f 18331 18332 18333
f 18334 18335 18336
f 18337 18338 18339
f 18340 18341 18342
f 18343 18344 18345
f 18346 18347 18348
f 18349 18350 18351
f 18352 18353 18354
f 18355 18356 18357
f 18358 18359 18360
f 18361 18362 18363
f 18364 18365 18366
f 18367 18368 18369
f 18370 18371 18372
f 18373 18374 18375
f 18376 18377 18378
f 18379 18380 18381
f 18382 18383 18384
f 18385 18386 18387
f 18388 18389 18390
f 18391 18392 18393
f 18394 18395 18396
f 18397 18398 18399
f 18400 18401 18402
f 18403 18404 18405
f 18406 18407 18408
f 18409 18410 18411
f 18412 18413 18414
f 18415 18416 18417
f 18418 18419 18420
f 18421 18422 18423
f 18424 18425 18426
f 18427 18428 18429
f 18430 18431 18432
f 18433 18434 18435
f 18436 18437 18438
f 18439 18440 18441
f 18442 18443 18444
f 18445 18446 18447
f 18448 18449 18450
f 18451 18452 18453
f 18454 18455 18456
f 18457 18458 18459
f 18460 18461 18462
f 18463 18464 18465
f 18466 18467 18468
f 18469 18470 18471
f 18472 18473 18474
f 18475 18476 18477
f 18478 18479 18480
f 18481 18482 18483
f 18484 18485 18486
f 18487 18488 18489
f 18490 18491 18492
f 18493 18494 18495
f 18496 18497 18498
f 18499 18500 18501
f 18502 18503 18504
f 18505 18506 18507
f 18508 18509 18510
f 18511 18512 18513
f 18514 18515 18516
f 18517 18518 18519
f 18520 18521 18522
f 18523 18524 18525
f 18526 18527 18528
f 18529 18530 18531
f 18532 18533 18534
f 18535 18536 18537
f 18538 18539 18540
f 18541 18542 18543
f 18544 18545 18546
f 18547 18548 18549
f 18550 18551 18552
f 18553 18554 18555
f 18556 18557 18558
f 18559 18560 18561
f 18562 18563 18564
f 18565 18566 18567
f 18568 18569 18570
f 18571 18572 18573
f 18574 18575 18576
f 18577 18578 18579
f 18580 18581 18582
f 18583 18584 18585
f 18586 18587 18588
f 18589 18590 18591
f 18592 18593 18594
f 18595 18596 18597
f 18598 18599 18600
f 18601 18602 18603
f 18604 18605 18606
f 18607 18608 18609
f 18610 18611 18612
f 18613 18614 18615
f 18616 18617 18618
f 18619 18620 18621
f 18622 18623 18624
f 18625 18626 18627
f 18628 18629 18630
f 18631 18632 18633
f 18634 18635 18636
f 18637 18638 18639
f 18640 18641 18642
f 18643 18644 18645
f 18646 18647 18648
f 18649 18650 18651
f 18652 18653 18654
f 18655 18656 18657
f 18658 18659 18660
f 18661 18662 18663
f 18664 18665 18666
f 18667 18668 18669
f 18670 18671 18672
f 18673 18674 18675
f 18676 18677 18678
f 18679 18680 18681
f 18682 18683 18684
f 18685 18686 18687
f 18688 18689 18690
f 18691 18692 18693
f 18694 18695 18696
f 18697 18698 18699
f 18700 18701 18702
f 18703 18704 18705
f 18706 18707 18708
f 18709 18710 18711
f 18712 18713 18714
f 18715 18716 18717
f 18718 18719 18720
f 18721 18722 18723
f 18724 18725 18726
f 18727 18728 18729
f 18730 18731 18732
f 18733 18734 18735
f 18736 18737 18738
f 18739 18740 18741
f 18742 18743 18744
f 18745 18746 18747
f 18748 18749 18750
f 18751 18752 18753
f 18754 18755 18756
f 18757 18758 18759
f 18760 18761 18762
f 18763 18764 18765
f 18766 18767 18768
f 18769 18770 18771
f 18772 18773 18774
f 18775 18776 18777
f 18778 18779 18780
f 18781 18782 18783
f 18784 18785 18786
f 18787 18788 18789
f 18790 18791 18792
f 18793 18794 18795
f 18796 18797 18798
f 18799 18800 18801
f 18802 18803 18804
f 18805 18806 18807
f 18808 18809 18810
f 18811 18812 18813
f 18814 18815 18816
f 18817 18818 18819
f 18820 18821 18822
f 18823 18824 18825
f 18826 18827 18828
f 18829 18830 18831
f 18832 18833 18834
f 18835 18836 18837
f 18838 18839 18840
f 18841 18842 18843
f 18844 18845 18846
f 18847 18848 18849
f 18850 18851 18852
f 18853 18854 18855
f 18856 18857 18858
f 18859 18860 18861
f 18862 18863 18864
f 18865 18866 18867
f 18868 18869 18870
f 18871 18872 18873
f 18874 18875 18876
f 18877 18878 18879
f 18880 18881 18882
f 18883 18884 18885
f 18886 18887 18888
f 18889 18890 18891
f 18892 18893 18894
f 18895 18896 18897
f 18898 18899 18900
f 18901 18902 18903
f 18904 18905 18906
f 18907 18908 18909
f 18910 18911 18912
f 18913 18914 18915
f 18916 18917 18918
f 18919 18920 18921
f 18922 18923 18924
f 18925 18926 18927
f 18928 18929 18930
f 18931 18932 18933
f 18934 18935 18936
f 18937 18938 18939
f 18940 18941 18942
f 18943 18944 18945
f 18946 18947 18948
f 18949 18950 18951
f 18952 18953 18954
f 18955 18956 18957
f 18958 18959 18960
f 18961 18962 18963
f 18964 18965 18966
f 18967 18968 18969
f 18970 18971 18972
f 18973 18974 18975
f 18976 18977 18978
f 18979 18980 18981
f 18982 18983 18984
f 18985 18986 18987
f 18988 18989 18990
f 18991 18992 18993
f 18994 18995 18996
f 18997 18998 18999
f 19000 19001 19002
f 19003 19004 19005
f 19006 19007 19008
f 19009 19010 19011
f 19012 19013 19014
f 19015 19016 19017
f 19018 19019 19020
f 19021 19022 19023
f 19024 19025 19026
f 19027 19028 19029
f 19030 19031 19032
f 19033 19034 19035
f 19036 19037 19038
f 19039 19040 19041
f 19042 19043 19044
f 19045 19046 19047
f 19048 19049 19050
f 19051 19052 19053
f 19054 19055 19056
f 19057 19058 19059
f 19060 19061 19062
f 19063 19064 19065
f 19066 19067 19068
f 19069 19070 19071
f 19072 19073 19074
f 19075 19076 19077
f 19078 19079 19080
f 19081 19082 19083
f 19084 19085 19086
f 19087 19088 19089
f 19090 19091 19092
f 19093 19094 19095
f 19096 19097 19098
f 19099 19100 19101
f 19102 19103 19104
f 19105 19106 19107
f 19108 19109 19110
f 19111 19112 19113
f 19114 19115 19116
f 19117 19118 19119
f 19120 19121 19122
f 19123 19124 19125
f 19126 19127 19128
f 19129 19130 19131
f 19132 19133 19134
f 19135 19136 19137
f 19138 19139 19140
f 19141 19142 19143
f 19144 19145 19146
f 19147 19148 19149
f 19150 19151 19152
f 19153 19154 19155
f 19156 19157 19158
f 19159 19160 19161
f 19162 19163 19164
f 19165 19166 19167
f 19168 19169 19170
f 19171 19172 19173
f 19174 19175 19176
f 19177 19178 19179
f 19180 19181 19182
f 19183 19184 19185
f 19186 19187 19188
f 19189 19190 19191
f 19192 19193 19194
f 19195 19196 19197
f 19198 19199 19200
f 19201 19202 19203
f 19204 19205 19206
f 19207 19208 19209
f 19210 19211 19212
f 19213 19214 19215
f 19216 19217 19218
f 19219 19220 19221
f 19222 19223 19224
f 19225 19226 19227
f 19228 19229 19230
f 19231 19232 19233
f 19234 19235 19236
f 19237 19238 19239
f 19240 19241 19242
f 19243 19244 19245
f 19246 19247 19248
f 19249 19250 19251
f 19252 19253 19254
f 19255 19256 19257
f 19258 19259 19260
f 19261 19262 19263
f 19264 19265 19266
f 19267 19268 19269
f 19270 19271 19272
f 19273 19274 19275
f 19276 19277 19278
f 19279 19280 19281
f 19282 19283 19284
f 19285 19286 19287
f 19288 19289 19290
f 19291 19292 19293
f 19294 19295 19296
f 19297 19298 19299
f 19300 19301 19302
f 19303 19304 19305
f 19306 19307 19308
f 19309 19310 19311
f 19312 19313 19314
f 19315 19316 19317
f 19318 19319 19320
f 19321 19322 19323
f 19324 19325 19326
f 19327 19328 19329
f 19330 19331 19332
f 19333 19334 19335
f 19336 19337 19338
f 19339 19340 19341
f 19342 19343 19344
f 19345 19346 19347
f 19348 19349 19350
f 19351 19352 19353
f 19354 19355 19356
f 19357 19358 19359
f 19360 19361 19362
f 19363 19364 19365
f 19366 19367 19368
f 19369 19370 19371
f 19372 19373 19374
f 19375 19376 19377
f 19378 19379 19380
f 19381 19382 19383
f 19384 19385 19386
f 19387 19388 19389
f 19390 19391 19392
f 19393 19394 19395
f 19396 19397 19398
f 19399 19400 19401
f 19402 19403 19404
f 19405 19406 19407
f 19408 19409 19410
f 19411 19412 19413
f 19414 19415 19416
f 19417 19418 19419
f 19420 19421 19422
f 19423 19424 19425
f 19426 19427 19428
f 19429 19430 19431
f 19432 19433 19434
f 19435 19436 19437
f 19438 19439 19440
f 19441 19442 19443
f 19444 19445 19446
f 19447 19448 19449
f 19450 19451 19452
f 19453 19454 19455
f 19456 19457 19458
f 19459 19460 19461
f 19462 19463 19464
f 19465 19466 19467
f 19468 19469 19470
f 19471 19472 19473
f 19474 19475 19476
f 19477 19478 19479
f 19480 19481 19482
f 19483 19484 19485
f 19486 19487 19488
f 19489 19490 19491
f 19492 19493 19494
f 19495 19496 19497
f 19498 19499 19500
f 19501 19502 19503
f 19504 19505 19506
f 19507 19508 19509
f 19510 19511 19512
f 19513 19514 19515
f 19516 19517 19518
f 19519 19520 19521
f 19522 19523 19524
f 19525 19526 19527
f 19528 19529 19530
f 19531 19532 19533
f 19534 19535 19536
f 19537 19538 19539
f 19540 19541 19542
f 19543 19544 19545
f 19546 19547 19548
f 19549 19550 19551
f 19552 19553 19554
f 19555 19556 19557
f 19558 19559 19560
f 19561 19562 19563
f 19564 19565 19566
f 19567 19568 19569
f 19570 19571 19572
f 19573 19574 19575
f 19576 19577 19578
f 19579 19580 19581
f 19582 19583 19584
f 19585 19586 19587
f 19588 19589 19590
f 19591 19592 19593
f 19594 19595 19596
f 19597 19598 19599
f 19600 19601 19602
f 19603 19604 19605
f 19606 19607 19608
f 19609 19610 19611
f 19612 19613 19614
f 19615 19616 19617
f 19618 19619 19620
f 19621 19622 19623
f 19624 19625 19626
f 19627 19628 19629
f 19630 19631 19632
f 19633 19634 19635
f 19636 19637 19638
f 19639 19640 19641
f 19642 19643 19644
f 19645 19646 19647
f 19648 19649 19650
f 19651 19652 19653
f 19654 19655 19656
f 19657 19658 19659
f 19660 19661 19662
f 19663 19664 19665
f 19666 19667 19668
f 19669 19670 19671
f 19672 19673 19674
f 19675 19676 19677
f 19678 19679 19680
f 19681 19682 19683
f 19684 19685 19686
f 19687 19688 19689
f 19690 19691 19692
f 19693 19694 19695
f 19696 19697 19698
f 19699 19700 19701
f 19702 19703 19704
f 19705 19706 19707
f 19708 19709 19710
f 19711 19712 19713
f 19714 19715 19716
f 19717 19718 19719
f 19720 19721 19722
f 19723 19724 19725
f 19726 19727 19728
f 19729 19730 19731
f 19732 19733 19734
f 19735 19736 19737
f 19738 19739 19740
f 19741 19742 19743
f 19744 19745 19746
f 19747 19748 19749
f 19750 19751 19752
f 19753 19754 19755
f 19756 19757 19758
f 19759 19760 19761
f 19762 19763 19764
f 19765 19766 19767
f 19768 19769 19770
f 19771 19772 19773
f 19774 19775 19776
f 19777 19778 19779
f 19780 19781 19782
f 19783 19784 19785
f 19786 19787 19788
f 19789 19790 19791
f 19792 19793 19794
f 19795 19796 19797
f 19798 19799 19800
f 19801 19802 19803
f 19804 19805 19806
f 19807 19808 19809
f 19810 19811 19812
f 19813 19814 19815
f 19816 19817 19818
f 19819 19820 19821
f 19822 19823 19824
f 19825 19826 19827
f 19828 19829 19830
f 19831 19832 19833
f 19834 19835 19836
f 19837 19838 19839
f 19840 19841 19842
f 19843 19844 19845
f 19846 19847 19848
f 19849 19850 19851
f 19852 19853 19854
f 19855 19856 19857
f 19858 19859 19860
f 19861 19862 19863
f 19864 19865 19866
f 19867 19868 19869
f 19870 19871 19872
f 19873 19874 19875
f 19876 19877 19878
f 19879 19880 19881
f 19882 19883 19884
f 19885 19886 19887
f 19888 19889 19890
f 19891 19892 19893
f 19894 19895 19896
f 19897 19898 19899
f 19900 19901 19902
f 19903 19904 19905
f 19906 19907 19908
f 19909 19910 19911
f 19912 19913 19914
f 19915 19916 19917
f 19918 19919 19920
f 19921 19922 19923
f 19924 19925 19926
f 19927 19928 19929
f 19930 19931 19932
f 19933 19934 19935
f 19936 19937 19938
f 19939 19940 19941
f 19942 19943 19944
f 19945 19946 19947
f 19948 19949 19950
f 19951 19952 19953
f 19954 19955 19956
f 19957 19958 19959
f 19960 19961 19962
f 19963 19964 19965
f 19966 19967 19968
f 19969 19970 19971
f 19972 19973 19974
f 19975 19976 19977
f 19978 19979 19980
f 19981 19982 19983
f 19984 19985 19986
f 19987 19988 19989
f 19990 19991 19992
f 19993 19994 19995
f 19996 19997 19998
f 19999 20000 20001
f 20002 20003 20004
f 20005 20006 20007
f 20008 20009 20010
f 20011 20012 20013
f 20014 20015 20016
f 20017 20018 20019
f 20020 20021 20022
f 20023 20024 20025
f 20026 20027 20028
f 20029 20030 20031
f 20032 20033 20034
f 20035 20036 20037
f 20038 20039 20040
f 20041 20042 20043
f 20044 20045 20046
f 20047 20048 20049
f 20050 20051 20052
f 20053 20054 20055
f 20056 20057 20058
f 20059 20060 20061
f 20062 20063 20064
f 20065 20066 20067
f 20068 20069 20070
f 20071 20072 20073
f 20074 20075 20076
f 20077 20078 20079
f 20080 20081 20082
f 20083 20084 20085
f 20086 20087 20088
f 20089 20090 20091
f 20092 20093 20094
f 20095 20096 20097
f 20098 20099 20100
f 20101 20102 20103
f 20104 20105 20106
f 20107 20108 20109
f 20110 20111 20112
f 20113 20114 20115
f 20116 20117 20118
f 20119 20120 20121
f 20122 20123 20124
f 20125 20126 20127
f 20128 20129 20130
f 20131 20132 20133
f 20134 20135 20136
f 20137 20138 20139
f 20140 20141 20142
f 20143 20144 20145
f 20146 20147 20148
f 20149 20150 20151
f 20152 20153 20154
f 20155 20156 20157
f 20158 20159 20160
f 20161 20162 20163
f 20164 20165 20166
f 20167 20168 20169
f 20170 20171 20172
f 20173 20174 20175
f 20176 20177 20178
f 20179 20180 20181
f 20182 20183 20184
f 20185 20186 20187
f 20188 20189 20190
f 20191 20192 20193
f 20194 20195 20196
f 20197 20198 20199
f 20200 20201 20202
f 20203 20204 20205
f 20206 20207 20208
f 20209 20210 20211
f 20212 20213 20214
f 20215 20216 20217
f 20218 20219 20220
f 20221 20222 20223
f 20224 20225 20226
f 20227 20228 20229
f 20230 20231 20232
f 20233 20234 20235
f 20236 20237 20238
f 20239 20240 20241
f 20242 20243 20244
f 20245 20246 20247
f 20248 20249 20250
f 20251 20252 20253
f 20254 20255 20256
f 20257 20258 20259
f 20260 20261 20262
f 20263 20264 20265
f 20266 20267 20268
f 20269 20270 20271
f 20272 20273 20274
f 20275 20276 20277
f 20278 20279 20280
f 20281 20282 20283
f 20284 20285 20286
f 20287 20288 20289
f 20290 20291 20292
f 20293 20294 20295
f 20296 20297 20298
f 20299 20300 20301
f 20302 20303 20304
f 20305 20306 20307
f 20308 20309 20310
f 20311 20312 20313
f 20314 20315 20316
f 20317 20318 20319
f 20320 20321 20322
f 20323 20324 20325
f 20326 20327 20328
f 20329 20330 20331
f 20332 20333 20334
f 20335 20336 20337
f 20338 20339 20340
f 20341 20342 20343
f 20344 20345 20346
f 20347 20348 20349
f 20350 20351 20352
f 20353 20354 20355
f 20356 20357 20358
f 20359 20360 20361
f 20362 20363 20364
f 20365 20366 20367
f 20368 20369 20370
f 20371 20372 20373
f 20374 20375 20376
f 20377 20378 20379
f 20380 20381 20382
f 20383 20384 20385
f 20386 20387 20388
f 20389 20390 20391
f 20392 20393 20394
f 20395 20396 20397
f 20398 20399 20400
f 20401 20402 20403
f 20404 20405 20406
f 20407 20408 20409
f 20410 20411 20412
f 20413 20414 20415
f 20416 20417 20418
f 20419 20420 20421
f 20422 20423 20424
f 20425 20426 20427
f 20428 20429 20430
f 20431 20432 20433
f 20434 20435 20436
f 20437 20438 20439
f 20440 20441 20442
f 20443 20444 20445
f 20446 20447 20448
f 20449 20450 20451
f 20452 20453 20454
f 20455 20456 20457
f 20458 20459 20460
f 20461 20462 20463
f 20464 20465 20466
f 20467 20468 20469
f 20470 20471 20472
f 20473 20474 20475
f 20476 20477 20478
f 20479 20480 20481
f 20482 20483 20484
f 20485 20486 20487
f 20488 20489 20490
f 20491 20492 20493
f 20494 20495 20496
f 20497 20498 20499
f 20500 20501 20502
f 20503 20504 20505
f 20506 20507 20508
f 20509 20510 20511
f 20512 20513 20514
f 20515 20516 20517
f 20518 20519 20520
f 20521 20522 20523
f 20524 20525 20526
f 20527 20528 20529
f 20530 20531 20532
f 20533 20534 20535
f 20536 20537 20538
f 20539 20540 20541
f 20542 20543 20544
f 20545 20546 20547
f 20548 20549 20550
f 20551 20552 20553
f 20554 20555 20556
f 20557 20558 20559
f 20560 20561 20562
f 20563 20564 20565
f 20566 20567 20568
f 20569 20570 20571
f 20572 20573 20574
f 20575 20576 20577
f 20578 20579 20580
f 20581 20582 20583
f 20584 20585 20586
f 20587 20588 20589
f 20590 20591 20592
f 20593 20594 20595
f 20596 20597 20598
f 20599 20600 20601
f 20602 20603 20604
f 20605 20606 20607
f 20608 20609 20610
f 20611 20612 20613
f 20614 20615 20616
f 20617 20618 20619
f 20620 20621 20622
f 20623 20624 20625
f 20626 20627 20628
f 20629 20630 20631
f 20632 20633 20634
f 20635 20636 20637
f 20638 20639 20640
f 20641 20642 20643
f 20644 20645 20646
f 20647 20648 20649
f 20650 20651 20652
f 20653 20654 20655
f 20656 20657 20658
f 20659 20660 20661
f 20662 20663 20664
f 20665 20666 20667
f 20668 20669 20670
f 20671 20672 20673
f 20674 20675 20676
f 20677 20678 20679
f 20680 20681 20682
f 20683 20684 20685
f 20686 20687 20688
f 20689 20690 20691
f 20692 20693 20694
f 20695 20696 20697
f 20698 20699 20700
f 20701 20702 20703
f 20704 20705 20706
f 20707 20708 20709
f 20710 20711 20712
f 20713 20714 20715
f 20716 20717 20718
f 20719 20720 20721
f 20722 20723 20724
f 20725 20726 20727
f 20728 20729 20730
f 20731 20732 20733
f 20734 20735 20736
f 20737 20738 20739
f 20740 20741 20742
f 20743 20744 20745
f 20746 20747 20748
f 20749 20750 20751
f 20752 20753 20754
f 20755 20756 20757
f 20758 20759 20760
f 20761 20762 20763
f 20764 20765 20766
f 20767 20768 20769
f 20770 20771 20772
f 20773 20774 20775
f 20776 20777 20778
f 20779 20780 20781
f 20782 20783 20784
f 20785 20786 20787
f 20788 20789 20790
f 20791 20792 20793
f 20794 20795 20796
f 20797 20798 20799
f 20800 20801 20802
f 20803 20804 20805
f 20806 20807 20808
f 20809 20810 20811
f 20812 20813 20814
f 20815 20816 20817
f 20818 20819 20820
f 20821 20822 20823
f 20824 20825 20826
f 20827 20828 20829
f 20830 20831 20832
f 20833 20834 20835
f 20836 20837 20838
f 20839 20840 20841
f 20842 20843 20844
f 20845 20846 20847
f 20848 20849 20850
f 20851 20852 20853
f 20854 20855 20856
f 20857 20858 20859
f 20860 20861 20862
f 20863 20864 20865
f 20866 20867 20868
f 20869 20870 20871
f 20872 20873 20874
f 20875 20876 20877
f 20878 20879 20880
f 20881 20882 20883
f 20884 20885 20886
f 20887 20888 20889
f 20890 20891 20892
f 20893 20894 20895
f 20896 20897 20898
f 20899 20900 20901
f 20902 20903 20904
f 20905 20906 20907
f 20908 20909 20910
f 20911 20912 20913
f 20914 20915 20916
f 20917 20918 20919
f 20920 20921 20922
f 20923 20924 20925
f 20926 20927 20928
f 20929 20930 20931
f 20932 20933 20934
f 20935 20936 20937
f 20938 20939 20940
f 20941 20942 20943
f 20944 20945 20946
f 20947 20948 20949
f 20950 20951 20952
f 20953 20954 20955
f 20956 20957 20958
f 20959 20960 20961
f 20962 20963 20964
f 20965 20966 20967
f 20968 20969 20970
f 20971 20972 20973
f 20974 20975 20976
f 20977 20978 20979
f 20980 20981 20982
f 20983 20984 20985
f 20986 20987 20988
f 20989 20990 20991
f 20992 20993 20994
f 20995 20996 20997
f 20998 20999 21000
f 21001 21002 21003
f 21004 21005 21006
f 21007 21008 21009
f 21010 21011 21012
f 21013 21014 21015
f 21016 21017 21018
f 21019 21020 21021
f 21022 21023 21024
f 21025 21026 21027
f 21028 21029 21030
f 21031 21032 21033
f 21034 21035 21036
f 21037 21038 21039
f 21040 21041 21042
f 21043 21044 21045
f 21046 21047 21048
f 21049 21050 21051
f 21052 21053 21054
f 21055 21056 21057
f 21058 21059 21060
f 21061 21062 21063
f 21064 21065 21066
f 21067 21068 21069
f 21070 21071 21072
f 21073 21074 21075
f 21076 21077 21078
f 21079 21080 21081
f 21082 21083 21084
f 21085 21086 21087
f 21088 21089 21090
f 21091 21092 21093
f 21094 21095 21096
f 21097 21098 21099
f 21100 21101 21102
f 21103 21104 21105
f 21106 21107 21108
f 21109 21110 21111
f 21112 21113 21114
f 21115 21116 21117
f 21118 21119 21120
f 21121 21122 21123
f 21124 21125 21126
f 21127 21128 21129
f 21130 21131 21132
f 21133 21134 21135
f 21136 21137 21138
f 21139 21140 21141
f 21142 21143 21144
f 21145 21146 21147
f 21148 21149 21150
f 21151 21152 21153
f 21154 21155 21156
f 21157 21158 21159
f 21160 21161 21162
f 21163 21164 21165
f 21166 21167 21168
f 21169 21170 21171
f 21172 21173 21174
f 21175 21176 21177
f 21178 21179 21180
f 21181 21182 21183
f 21184 21185 21186
f 21187 21188 21189
f 21190 21191 21192
f 21193 21194 21195
f 21196 21197 21198
f 21199 21200 21201
f 21202 21203 21204
f 21205 21206 21207
f 21208 21209 21210
f 21211 21212 21213
f 21214 21215 21216
f 21217 21218 21219
f 21220 21221 21222
f 21223 21224 21225
f 21226 21227 21228
f 21229 21230 21231
f 21232 21233 21234
f 21235 21236 21237
f 21238 21239 21240
f 21241 21242 21243
f 21244 21245 21246
f 21247 21248 21249
f 21250 21251 21252
f 21253 21254 21255
f 21256 21257 21258
f 21259 21260 21261
f 21262 21263 21264
f 21265 21266 21267
f 21268 21269 21270
f 21271 21272 21273
f 21274 21275 21276
f 21277 21278 21279
f 21280 21281 21282
f 21283 21284 21285
f 21286 21287 21288
f 21289 21290 21291
f 21292 21293 21294
f 21295 21296 21297
f 21298 21299 21300
f 21301 21302 21303
f 21304 21305 21306
f 21307 21308 21309
f 21310 21311 21312
f 21313 21314 21315
f 21316 21317 21318
f 21319 21320 21321
f 21322 21323 21324
f 21325 21326 21327
f 21328 21329 21330
f 21331 21332 21333
f 21334 21335 21336
f 21337 21338 21339
f 21340 21341 21342
f 21343 21344 21345
f 21346 21347 21348
f 21349 21350 21351
f 21352 21353 21354
f 21355 21356 21357
f 21358 21359 21360
f 21361 21362 21363
f 21364 21365 21366
f 21367 21368 21369
f 21370 21371 21372
f 21373 21374 21375
f 21376 21377 21378
f 21379 21380 21381
f 21382 21383 21384
f 21385 21386 21387
f 21388 21389 21390
f 21391 21392 21393
f 21394 21395 21396
f 21397 21398 21399
f 21400 21401 21402
f 21403 21404 21405
f 21406 21407 21408
f 21409 21410 21411
f 21412 21413 21414
f 21415 21416 21417
f 21418 21419 21420
f 21421 21422 21423
f 21424 21425 21426
f 21427 21428 21429
f 21430 21431 21432
f 21433 21434 21435
f 21436 21437 21438
f 21439 21440 21441
f 21442 21443 21444
f 21445 21446 21447
f 21448 21449 21450
f 21451 21452 21453
f 21454 21455 21456
f 21457 21458 21459
f 21460 21461 21462
f 21463 21464 21465
f 21466 21467 21468
f 21469 21470 21471
f 21472 21473 21474
f 21475 21476 21477
f 21478 21479 21480
f 21481 21482 21483
f 21484 21485 21486
f 21487 21488 21489
f 21490 21491 21492
f 21493 21494 21495
f 21496 21497 21498
f 21499 21500 21501
f 21502 21503 21504
f 21505 21506 21507
f 21508 21509 21510
f 21511 21512 21513
f 21514 21515 21516
f 21517 21518 21519
f 21520 21521 21522
f 21523 21524 21525
f 21526 21527 21528
f 21529 21530 21531
f 21532 21533 21534
f 21535 21536 21537
f 21538 21539 21540
f 21541 21542 21543
f 21544 21545 21546
f 21547 21548 21549
f 21550 21551 21552
f 21553 21554 21555
f 21556 21557 21558
f 21559 21560 21561
f 21562 21563 21564
f 21565 21566 21567
f 21568 21569 21570
f 21571 21572 21573
f 21574 21575 21576
f 21577 21578 21579
f 21580 21581 21582
f 21583 21584 21585
f 21586 21587 21588
f 21589 21590 21591
f 21592 21593 21594
f 21595 21596 21597
f 21598 21599 21600
f 21601 21602 21603
f 21604 21605 21606
f 21607 21608 21609
f 21610 21611 21612
f 21613 21614 21615
f 21616 21617 21618
f 21619 21620 21621
f 21622 21623 21624
f 21625 21626 21627
f 21628 21629 21630
f 21631 21632 21633
f 21634 21635 21636
f 21637 21638 21639
f 21640 21641 21642
f 21643 21644 21645
f 21646 21647 21648
f 21649 21650 21651
f 21652 21653 21654
f 21655 21656 21657
f 21658 21659 21660
f 21661 21662 21663
f 21664 21665 21666
f 21667 21668 21669
f 21670 21671 21672
f 21673 21674 21675
f 21676 21677 21678
f 21679 21680 21681
f 21682 21683 21684
f 21685 21686 21687
f 21688 21689 21690
f 21691 21692 21693
f 21694 21695 21696
f 21697 21698 21699
f 21700 21701 21702
f 21703 21704 21705
f 21706 21707 21708
f 21709 21710 21711
f 21712 21713 21714
f 21715 21716 21717
f 21718 21719 21720
f 21721 21722 21723
f 21724 21725 21726
f 21727 21728 21729
f 21730 21731 21732
f 21733 21734 21735
f 21736 21737 21738
f 21739 21740 21741
f 21742 21743 21744
f 21745 21746 21747
f 21748 21749 21750
f 21751 21752 21753
f 21754 21755 21756
f 21757 21758 21759
f 21760 21761 21762
f 21763 21764 21765
f 21766 21767 21768
f 21769 21770 21771
f 21772 21773 21774
f 21775 21776 21777
f 21778 21779 21780
f 21781 21782 21783
f 21784 21785 21786
f 21787 21788 21789
f 21790 21791 21792
f 21793 21794 21795
f 21796 21797 21798
f 21799 21800 21801
f 21802 21803 21804
f 21805 21806 21807
f 21808 21809 21810
f 21811 21812 21813
f 21814 21815 21816
f 21817 21818 21819
f 21820 21821 21822
f 21823 21824 21825
f 21826 21827 21828
f 21829 21830 21831
f 21832 21833 21834
f 21835 21836 21837
f 21838 21839 21840
f 21841 21842 21843
f 21844 21845 21846
f 21847 21848 21849
f 21850 21851 21852
f 21853 21854 21855
f 21856 21857 21858
f 21859 21860 21861
f 21862 21863 21864
f 21865 21866 21867
f 21868 21869 21870
f 21871 21872 21873
f 21874 21875 21876
f 21877 21878 21879
f 21880 21881 21882
f 21883 21884 21885
f 21886 21887 21888
f 21889 21890 21891
f 21892 21893 21894
f 21895 21896 21897
f 21898 21899 21900
f 21901 21902 21903
f 21904 21905 21906
f 21907 21908 21909
f 21910 21911 21912
f 21913 21914 21915
f 21916 21917 21918
f 21919 21920 21921
f 21922 21923 21924
f 21925 21926 21927
f 21928 21929 21930
f 21931 21932 21933
f 21934 21935 21936
f 21937 21938 21939
f 21940 21941 21942
f 21943 21944 21945
f 21946 21947 21948
f 21949 21950 21951
f 21952 21953 21954
f 21955 21956 21957
f 21958 21959 21960
f 21961 21962 21963
f 21964 21965 21966
f 21967 21968 21969
f 21970 21971 21972
f 21973 21974 21975
f 21976 21977 21978
f 21979 21980 21981
f 21982 21983 21984
f 21985 21986 21987
f 21988 21989 21990
f 21991 21992 21993
f 21994 21995 21996
f 21997 21998 21999
f 22000 22001 22002
f 22003 22004 22005
f 22006 22007 22008
f 22009 22010 22011
f 22012 22013 22014
f 22015 22016 22017
f 22018 22019 22020
f 22021 22022 22023
f 22024 22025 22026
f 22027 22028 22029
f 22030 22031 22032
f 22033 22034 22035
f 22036 22037 22038
f 22039 22040 22041
f 22042 22043 22044
f 22045 22046 22047
f 22048 22049 22050
f 22051 22052 22053
f 22054 22055 22056
f 22057 22058 22059
f 22060 22061 22062
f 22063 22064 22065
f 22066 22067 22068
f 22069 22070 22071
f 22072 22073 22074
f 22075 22076 22077
f 22078 22079 22080
f 22081 22082 22083
f 22084 22085 22086
f 22087 22088 22089
f 22090 22091 22092
f 22093 22094 22095
f 22096 22097 22098
f 22099 22100 22101
f 22102 22103 22104
f 22105 22106 22107
f 22108 22109 22110
f 22111 22112 22113
f 22114 22115 22116
f 22117 22118 22119
f 22120 22121 22122
f 22123 22124 22125
f 22126 22127 22128
f 22129 22130 22131
f 22132 22133 22134
f 22135 22136 22137
f 22138 22139 22140
f 22141 22142 22143
f 22144 22145 22146
f 22147 22148 22149
f 22150 22151 22152
f 22153 22154 22155
f 22156 22157 22158
f 22159 22160 22161
f 22162 22163 22164
f 22165 22166 22167
f 22168 22169 22170
f 22171 22172 22173
f 22174 22175 22176
f 22177 22178 22179
f 22180 22181 22182
f 22183 22184 22185
f 22186 22187 22188
f 22189 22190 22191
f 22192 22193 22194
f 22195 22196 22197
f 22198 22199 22200
f 22201 22202 22203
f 22204 22205 22206
f 22207 22208 22209
f 22210 22211 22212
f 22213 22214 22215
f 22216 22217 22218
f 22219 22220 22221
f 22222 22223 22224
f 22225 22226 22227
f 22228 22229 22230
f 22231 22232 22233
f 22234 22235 22236
f 22237 22238 22239
f 22240 22241 22242
f 22243 22244 22245
f 22246 22247 22248
f 22249 22250 22251
f 22252 22253 22254
f 22255 22256 22257
f 22258 22259 22260
f 22261 22262 22263
f 22264 22265 22266
f 22267 22268 22269
f 22270 22271 22272
f 22273 22274 22275
f 22276 22277 22278
f 22279 22280 22281
f 22282 22283 22284
f 22285 22286 22287
f 22288 22289 22290
f 22291 22292 22293
f 22294 22295 22296
f 22297 22298 22299
f 22300 22301 22302
f 22303 22304 22305
f 22306 22307 22308
f 22309 22310 22311
f 22312 22313 22314
f 22315 22316 22317
f 22318 22319 22320
f 22321 22322 22323
f 22324 22325 22326
f 22327 22328 22329
f 22330 22331 22332
f 22333 22334 22335
f 22336 22337 22338
f 22339 22340 22341
f 22342 22343 22344
f 22345 22346 22347
f 22348 22349 22350
f 22351 22352 22353
f 22354 22355 22356
f 22357 22358 22359
f 22360 22361 22362
f 22363 22364 22365
f 22366 22367 22368
f 22369 22370 22371
f 22372 22373 22374
f 22375 22376 22377
f 22378 22379 22380
f 22381 22382 22383
f 22384 22385 22386
f 22387 22388 22389
f 22390 22391 22392
f 22393 22394 22395
f 22396 22397 22398
f 22399 22400 22401
f 22402 22403 22404
f 22405 22406 22407
f 22408 22409 22410
f 22411 22412 22413
f 22414 22415 22416
f 22417 22418 22419
f 22420 22421 22422
f 22423 22424 22425
f 22426 22427 22428
f 22429 22430 22431
f 22432 22433 22434
f 22435 22436 22437
f 22438 22439 22440
f 22441 22442 22443
f 22444 22445 22446
f 22447 22448 22449
f 22450 22451 22452
f 22453 22454 22455
f 22456 22457 22458
f 22459 22460 22461
f 22462 22463 22464
f 22465 22466 22467
f 22468 22469 22470
f 22471 22472 22473
f 22474 22475 22476
f 22477 22478 22479
f 22480 22481 22482
f 22483 22484 22485
f 22486 22487 22488
f 22489 22490 22491
f 22492 22493 22494
f 22495 22496 22497
f 22498 22499 22500
f 22501 22502 22503
f 22504 22505 22506
f 22507 22508 22509
f 22510 22511 22512
f 22513 22514 22515
f 22516 22517 22518
f 22519 22520 22521
f 22522 22523 22524
f 22525 22526 22527
f 22528 22529 22530
f 22531 22532 22533
f 22534 22535 22536
f 22537 22538 22539
f 22540 22541 22542
f 22543 22544 22545
f 22546 22547 22548
f 22549 22550 22551
f 22552 22553 22554
f 22555 22556 22557
f 22558 22559 22560
f 22561 22562 22563
f 22564 22565 22566
f 22567 22568 22569
f 22570 22571 22572
f 22573 22574 22575
f 22576 22577 22578
f 22579 22580 22581
f 22582 22583 22584
f 22585 22586 22587
f 22588 22589 22590
f 22591 22592 22593
f 22594 22595 22596
f 22597 22598 22599
f 22600 22601 22602
f 22603 22604 22605
f 22606 22607 22608
f 22609 22610 22611
f 22612 22613 22614
f 22615 22616 22617
f 22618 22619 22620
f 22621 22622 22623
f 22624 22625 22626
f 22627 22628 22629
f 22630 22631 22632
f 22633 22634 22635
f 22636 22637 22638
f 22639 22640 22641
f 22642 22643 22644
f 22645 22646 22647
f 22648 22649 22650
f 22651 22652 22653
f 22654 22655 22656
f 22657 22658 22659
f 22660 22661 22662
f 22663 22664 22665
f 22666 22667 22668
f 22669 22670 22671
f 22672 22673 22674
f 22675 22676 22677
f 22678 22679 22680
f 22681 22682 22683
f 22684 22685 22686
f 22687 22688 22689
f 22690 22691 22692
f 22693 22694 22695
f 22696 22697 22698
f 22699 22700 22701
f 22702 22703 22704
f 22705 22706 22707
f 22708 22709 22710
f 22711 22712 22713
f 22714 22715 22716
f 22717 22718 22719
f 22720 22721 22722
f 22723 22724 22725
f 22726 22727 22728
f 22729 22730 22731
f 22732 22733 22734
f 22735 22736 22737
f 22738 22739 22740
f 22741 22742 22743
f 22744 22745 22746
f 22747 22748 22749
f 22750 22751 22752
f 22753 22754 22755
f 22756 22757 22758
f 22759 22760 22761
f 22762 22763 22764
f 22765 22766 22767
f 22768 22769 22770
f 22771 22772 22773
f 22774 22775 22776
f 22777 22778 22779
f 22780 22781 22782
f 22783 22784 22785
f 22786 22787 22788
f 22789 22790 22791
f 22792 22793 22794
f 22795 22796 22797
f 22798 22799 22800
f 22801 22802 22803
f 22804 22805 22806
f 22807 22808 22809
f 22810 22811 22812
f 22813 22814 22815
f 22816 22817 22818
f 22819 22820 22821
f 22822 22823 22824
f 22825 22826 22827
f 22828 22829 22830
f 22831 22832 22833
f 22834 22835 22836
f 22837 22838 22839
f 22840 22841 22842
f 22843 22844 22845
f 22846 22847 22848
f 22849 22850 22851
f 22852 22853 22854
f 22855 22856 22857
f 22858 22859 22860
f 22861 22862 22863
f 22864 22865 22866
f 22867 22868 22869
f 22870 22871 22872
f 22873 22874 22875
f 22876 22877 22878
f 22879 22880 22881
f 22882 22883 22884
f 22885 22886 22887
f 22888 22889 22890
f 22891 22892 22893
f 22894 22895 22896
f 22897 22898 22899
f 22900 22901 22902
f 22903 22904 22905
f 22906 22907 22908
f 22909 22910 22911
f 22912 22913 22914
f 22915 22916 22917
f 22918 22919 22920
f 22921 22922 22923
f 22924 22925 22926
f 22927 22928 22929
f 22930 22931 22932
f 22933 22934 22935
f 22936 22937 22938
f 22939 22940 22941
f 22942 22943 22944
f 22945 22946 22947
f 22948 22949 22950
f 22951 22952 22953
f 22954 22955 22956
f 22957 22958 22959
f 22960 22961 22962
f 22963 22964 22965
f 22966 22967 22968
f 22969 22970 22971
f 22972 22973 22974
f 22975 22976 22977
f 22978 22979 22980
f 22981 22982 22983
f 22984 22985 22986
f 22987 22988 22989
f 22990 22991 22992
f 22993 22994 22995
f 22996 22997 22998
f 22999 23000 23001
f 23002 23003 23004
f 23005 23006 23007
f 23008 23009 23010
f 23011 23012 23013
f 23014 23015 23016
f 23017 23018 23019
f 23020 23021 23022
f 23023 23024 23025
f 23026 23027 23028
f 23029 23030 23031
f 23032 23033 23034
f 23035 23036 23037
f 23038 23039 23040
f 23041 23042 23043
f 23044 23045 23046
f 23047 23048 23049
f 23050 23051 23052
f 23053 23054 23055
f 23056 23057 23058
f 23059 23060 23061
f 23062 23063 23064
f 23065 23066 23067
f 23068 23069 23070
f 23071 23072 23073
f 23074 23075 23076
f 23077 23078 23079
f 23080 23081 23082
f 23083 23084 23085
f 23086 23087 23088
f 23089 23090 23091
f 23092 23093 23094
f 23095 23096 23097
f 23098 23099 23100
f 23101 23102 23103
f 23104 23105 23106
f 23107 23108 23109
f 23110 23111 23112
f 23113 23114 23115
f 23116 23117 23118
f 23119 23120 23121
f 23122 23123 23124
f 23125 23126 23127
f 23128 23129 23130
f 23131 23132 23133
f 23134 23135 23136
f 23137 23138 23139
f 23140 23141 23142
f 23143 23144 23145
f 23146 23147 23148
f 23149 23150 23151
f 23152 23153 23154
f 23155 23156 23157
f 23158 23159 23160
f 23161 23162 23163
f 23164 23165 23166
f 23167 23168 23169
f 23170 23171 23172
f 23173 23174 23175
f 23176 23177 23178
f 23179 23180 23181
f 23182 23183 23184
f 23185 23186 23187
f 23188 23189 23190
f 23191 23192 23193
f 23194 23195 23196
f 23197 23198 23199
f 23200 23201 23202
f 23203 23204 23205
f 23206 23207 23208
f 23209 23210 23211
f 23212 23213 23214
f 23215 23216 23217
f 23218 23219 23220
f 23221 23222 23223
f 23224 23225 23226
f 23227 23228 23229
f 23230 23231 23232
f 23233 23234 23235
f 23236 23237 23238
f 23239 23240 23241
f 23242 23243 23244
f 23245 23246 23247
f 23248 23249 23250
f 23251 23252 23253
f 23254 23255 23256
f 23257 23258 23259
f 23260 23261 23262
f 23263 23264 23265
f 23266 23267 23268
f 23269 23270 23271
f 23272 23273 23274
f 23275 23276 23277
f 23278 23279 23280
f 23281 23282 23283
f 23284 23285 23286
f 23287 23288 23289
f 23290 23291 23292
f 23293 23294 23295
f 23296 23297 23298
f 23299 23300 23301
f 23302 23303 23304
f 23305 23306 23307
f 23308 23309 23310
f 23311 23312 23313
f 23314 23315 23316
f 23317 23318 23319
f 23320 23321 23322
f 23323 23324 23325
f 23326 23327 23328
f 23329 23330 23331
f 23332 23333 23334
f 23335 23336 23337
f 23338 23339 23340
f 23341 23342 23343
f 23344 23345 23346
f 23347 23348 23349
f 23350 23351 23352
f 23353 23354 23355
f 23356 23357 23358
f 23359 23360 23361
f 23362 23363 23364
f 23365 23366 23367
f 23368 23369 23370
f 23371 23372 23373
f 23374 23375 23376
f 23377 23378 23379
f 23380 23381 23382
f 23383 23384 23385
f 23386 23387 23388
f 23389 23390 23391
f 23392 23393 23394
f 23395 23396 23397
f 23398 23399 23400
f 23401 23402 23403
f 23404 23405 23406
f 23407 23408 23409
f 23410 23411 23412
f 23413 23414 23415
f 23416 23417 23418
f 23419 23420 23421
f 23422 23423 23424
f 23425 23426 23427
f 23428 23429 23430
f 23431 23432 23433
f 23434 23435 23436
f 23437 23438 23439
f 23440 23441 23442
f 23443 23444 23445
f 23446 23447 23448
f 23449 23450 23451
f 23452 23453 23454
f 23455 23456 23457
f 23458 23459 23460
f 23461 23462 23463
f 23464 23465 23466
f 23467 23468 23469
f 23470 23471 23472
f 23473 23474 23475
f 23476 23477 23478
f 23479 23480 23481
f 23482 23483 23484
f 23485 23486 23487
f 23488 23489 23490
f 23491 23492 23493
f 23494 23495 23496
f 23497 23498 23499
f 23500 23501 23502
f 23503 23504 23505
f 23506 23507 23508
f 23509 23510 23511
f 23512 23513 23514
f 23515 23516 23517
f 23518 23519 23520
f 23521 23522 23523
f 23524 23525 23526
f 23527 23528 23529
f 23530 23531 23532
f 23533 23534 23535
f 23536 23537 23538
f 23539 23540 23541
f 23542 23543 23544
f 23545 23546 23547
f 23548 23549 23550
f 23551 23552 23553
f 23554 23555 23556
f 23557 23558 23559
f 23560 23561 23562
f 23563 23564 23565
f 23566 23567 23568
f 23569 23570 23571
f 23572 23573 23574
f 23575 23576 23577
f 23578 23579 23580
f 23581 23582 23583
f 23584 23585 23586
f 23587 23588 23589
f 23590 23591 23592
f 23593 23594 23595
f 23596 23597 23598
f 23599 23600 23601
f 23602 23603 23604
f 23605 23606 23607
f 23608 23609 23610
f 23611 23612 23613
f 23614 23615 23616
f 23617 23618 23619
f 23620 23621 23622
f 23623 23624 23625
f 23626 23627 23628
f 23629 23630 23631
f 23632 23633 23634
f 23635 23636 23637
f 23638 23639 23640
f 23641 23642 23643
f 23644 23645 23646
f 23647 23648 23649
f 23650 23651 23652
f 23653 23654 23655
f 23656 23657 23658
f 23659 23660 23661
f 23662 23663 23664
f 23665 23666 23667
f 23668 23669 23670
f 23671 23672 23673
f 23674 23675 23676
f 23677 23678 23679
f 23680 23681 23682
f 23683 23684 23685
f 23686 23687 23688
f 23689 23690 23691
f 23692 23693 23694
f 23695 23696 23697
f 23698 23699 23700
f 23701 23702 23703
f 23704 23705 23706
f 23707 23708 23709
f 23710 23711 23712
f 23713 23714 23715
f 23716 23717 23718
f 23719 23720 23721
f 23722 23723 23724
f 23725 23726 23727
f 23728 23729 23730
f 23731 23732 23733
f 23734 23735 23736
f 23737 23738 23739
f 23740 23741 23742
f 23743 23744 23745
f 23746 23747 23748
f 23749 23750 23751
f 23752 23753 23754
f 23755 23756 23757
f 23758 23759 23760
f 23761 23762 23763
f 23764 23765 23766
f 23767 23768 23769
f 23770 23771 23772
f 23773 23774 23775
f 23776 23777 23778
f 23779 23780 23781
f 23782 23783 23784
f 23785 23786 23787
f 23788 23789 23790
f 23791 23792 23793
f 23794 23795 23796
f 23797 23798 23799
f 23800 23801 23802
f 23803 23804 23805
f 23806 23807 23808
f 23809 23810 23811
f 23812 23813 23814
f 23815 23816 23817
f 23818 23819 23820
f 23821 23822 23823
f 23824 23825 23826
f 23827 23828 23829
f 23830 23831 23832
f 23833 23834 23835
f 23836 23837 23838
f 23839 23840 23841
f 23842 23843 23844
f 23845 23846 23847
f 23848 23849 23850
f 23851 23852 23853
f 23854 23855 23856
f 23857 23858 23859
f 23860 23861 23862
f 23863 23864 23865
f 23866 23867 23868
f 23869 23870 23871
f 23872 23873 23874
f 23875 23876 23877
f 23878 23879 23880
